w1,w5,wtop,RankIC,ICIR,top_ret,hold1净%,hold1DD%,hold5s8净%,hold5s8DD%,hold10s8净%,hold10s8DD%
1.0,0.0,0.5,0.0455,0.2725,0.2038,24.92,-24.63,21.6,-30.9,-11.36,-37.47
1.0,0.25,0.5,0.0457,0.2647,0.1455,9.02,-23.68,4.65,-21.13,-0.06,-28.8
1.0,0.5,0.5,0.0457,0.2593,0.1759,17.49,-20.12,6.01,-21.13,-0.87,-29.38
1.0,1.0,0.5,0.0457,0.2527,0.1435,8.59,-20.84,-14.95,-20.89,-3.6,-36.27
1.0,2.0,0.5,0.0455,0.246,0.0962,-3.44,-23.54,11.03,-17.39,7.06,-28.87
1.0,0.0,1.0,0.0446,0.3091,0.1466,6.7,-31.83,61.1,-33.56,5.24,-20.38
1.0,0.25,1.0,0.046,0.2984,0.2059,23.55,-27.18,68.41,-30.58,30.46,-21.66
1.0,0.5,1.0,0.0463,0.2877,0.1706,14.71,-20.33,70.19,-22.02,1.73,-24.61
1.0,1.0,1.0,0.0464,0.2731,0.1963,22.8,-25.27,13.17,-22.2,-5.47,-25.06
1.0,2.0,1.0,0.0462,0.2588,0.1469,9.18,-22.73,-15.52,-20.81,-13.79,-32.7
1.0,0.0,1.5,0.0394,0.2967,0.146,1.01,-31.21,12.66,-39.33,34.45,-43.48
1.0,0.25,1.5,0.0435,0.3176,0.0618,-12.93,-35.05,28.36,-36.01,35.8,-21.01
1.0,0.5,1.5,0.0454,0.3134,0.1438,5.6,-37.09,70.97,-41.24,42.02,-22.76
1.0,1.0,1.5,0.0465,0.2951,0.1521,8.66,-30.18,56.62,-32.24,19.53,-21.35
1.0,2.0,1.5,0.0467,0.273,0.1561,10.96,-27.21,7.89,-25.82,-21.13,-36.94
1.0,0.0,2.0,0.0315,0.2217,0.1246,-13.47,-45.36,-40.87,-52.03,68.21,-32.71
1.0,0.25,2.0,0.0384,0.2919,0.1612,9.89,-33.64,-25.69,-45.81,19.23,-49.51
1.0,0.5,2.0,0.0423,0.3182,0.0766,-10.24,-32.71,153.44,-29.63,74.49,-16.62
1.0,1.0,2.0,0.0456,0.3145,0.1026,-4.01,-35.07,59.13,-42.86,22.47,-24.63
1.0,2.0,2.0,0.0469,0.2879,0.1755,15.63,-27.05,7.28,-26.48,-9.36,-27.52
1.0,0.0,3.0,0.0161,0.0919,0.0273,-5.68,-51.94,-43.28,-58.21,31.73,-37.4
1.0,0.25,3.0,0.0252,0.1637,0.0621,-0.37,-40.64,29.75,-31.5,12.02,-35.71
1.0,0.5,3.0,0.032,0.232,0.1201,-2.21,-40.38,-42.58,-46.39,36.82,-32.71
1.0,1.0,3.0,0.0404,0.312,0.1605,10.58,-26.93,42.94,-37.11,41.66,-24.01
1.0,2.0,3.0,0.0458,0.3154,0.1024,-3.93,-35.36,50.87,-40.29,22.47,-24.63
