factor,quality_issues,n_flags,nan_ratio,rank_icir,rank_ic_mean,xs_std_mean,extreme_ratio
index_passive_demand_pressure,high_nan(0.800); low_ic(ICIR=+0.0735); redundant(high_corr),3,0.7997908214330876,0.07353887499312106,0.01067521445857659,0.28867235110783607,0.0
sector_momentum_rotation,low_ic(ICIR=-0.0732); redundant(high_corr),2,0.0700194533209598,-0.07316658156498815,-0.011580613457124404,0.2943976176039415,0.0
chip_momentum_confirmation,low_ic(ICIR=-0.0561); redundant(high_corr),2,0.0016309927194713954,-0.05606447406684118,-0.008012044756942156,0.28867479033358806,0.0
net_mf_flow_persistence,low_ic(ICIR=-0.0521); redundant(high_corr),2,0.0036134740144924743,-0.05207384983488342,-0.005630467586569,0.2775459176311416,0.0
chip_cost_asymmetry,low_ic(ICIR=-0.0515); redundant(high_corr),2,0.0033748618514160634,-0.051457630272274554,-0.0058199561038940585,0.2886598530078649,0.0
chip_dispersion_width,low_ic(ICIR=-0.0499); redundant(high_corr),2,0.0015452637986056192,-0.049924538493431404,-0.004765622834203127,0.2886742984154349,0.0
chip_concentration_ma5,low_ic(ICIR=-0.0430); redundant(high_corr),2,0.0015456210024425599,-0.04303370859459509,-0.004099681231662882,0.2886747790354856,0.0
close_to_high_ratio_20,low_ic(ICIR=-0.0400); redundant(high_corr),2,0.001549550244648908,-0.04001121385269342,-0.005212268224062371,0.2886747910202501,0.0
margin_utilization_rate,low_ic(ICIR=-0.0383); redundant(high_corr),2,0.1449372428578879,-0.03826410591564969,-0.0047858533093375405,0.28867476096906813,0.0
intraday_trend_strength,low_ic(ICIR=-0.0371); redundant(high_corr),2,0.0035648942926685342,-0.03709327324505541,-0.003255405958654576,0.28864308877114125,0.0
concept_momentum_5d,low_ic(ICIR=-0.0352); redundant(high_corr),2,0.0005611672278338945,-0.035225112146787405,-0.0064498817100983,0.28867478514094674,0.0
free_float_ratio,low_ic(ICIR=-0.0322); redundant(high_corr),2,0.0015456210024425599,-0.032213377995384915,-0.003307107878633023,0.28867478673144,0.0
anchoring_to_52w_high,low_ic(ICIR=-0.0290); redundant(high_corr),2,0.0019410456499359533,-0.029019069473320155,-0.004847306832612832,0.28866218629392226,0.0
avg_holding_mv,low_ic(ICIR=-0.0264); redundant(high_corr),2,0.006869029784370332,-0.026385495300534783,-0.00429053934627968,0.28867478570018396,0.0
holder_retail_inst_ratio,low_ic(ICIR=-0.0264); redundant(high_corr),2,0.006869029784370332,-0.026385495300534783,-0.00429053934627968,0.28867478570018396,0.0
chip_cost_skew,low_ic(ICIR=-0.0249); redundant(high_corr),2,0.01585056306040817,-0.02494243619084251,-0.0021366611174972175,0.2885663371076221,0.0
intraday_reversal_intensity,low_ic(ICIR=-0.0162); redundant(high_corr),2,0.0015499074484858486,-0.016211181704003704,-0.0014175776743835813,0.2886552927350691,0.0
ebitda_rank,low_ic(ICIR=-0.0149); redundant(high_corr),2,0.0021425086139705276,-0.014891688301645238,-0.0006848847905237267,0.19263980488503876,0.0014518313096654057
size_quality_divergence,low_ic(ICIR=-0.0118); redundant(high_corr),2,0.0036874152087392064,-0.011812594123749928,-0.0020227225625999686,0.28867478821353887,0.0
ebitda_margin_rank,low_ic(ICIR=-0.0111); redundant(high_corr),2,0.0021425086139705276,-0.011063834770409318,-0.00044359795630311683,0.19263980488503873,0.0014518313096654057
revenue_ps_rank,low_ic(ICIR=-0.0080); redundant(high_corr),2,0.0021425086139705276,-0.007995492499761881,-0.0007600145715607248,0.28867478675827235,0.0
index_weight_seasonality,high_nan(0.801); low_ic(ICIR=-0.0076),2,0.8006849026369501,-0.007568962802030851,-0.0009354390649271664,0.2886300504895519,0.0
eqt_to_debt_rank,low_ic(ICIR=-0.0062); redundant(high_corr),2,0.0021425086139705276,-0.0061780369122686925,-0.0005669742449697494,0.28867478105971583,0.0
debt_to_assets,low_ic(ICIR=-0.0032); redundant(high_corr),2,0.0021425086139705276,-0.0031928929145070956,-0.00028171508163792736,0.2886747901229367,0.0
debt_to_equity,low_ic(ICIR=-0.0022); redundant(high_corr),2,0.0021425086139705276,-0.0021880859134728098,-0.00019979661605581348,0.28867479040954314,0.0
debt_to_equity_rank,low_ic(ICIR=+0.0008); redundant(high_corr),2,0.0021425086139705276,0.0007814548714968002,6.857584766053677e-05,0.2886747787712668,0.0
assets_to_eqt,low_ic(ICIR=+0.0013); redundant(high_corr),2,0.0021425086139705276,0.0012676471336053306,0.00011121283560378726,0.28867478021925386,0.0
value_momentum_divergence,low_ic(ICIR=+0.0013); redundant(high_corr),2,0.004460404311878956,0.0012954386243777874,0.00022163529160648603,0.2886747875567538,0.0
margin_to_float_mv,low_ic(ICIR=+0.0020); redundant(high_corr),2,0.1458563283303364,0.002043856146726314,0.0002961418970691068,0.2886747631354002,0.0
ebitda_to_ev,low_ic(ICIR=+0.0095); redundant(high_corr),2,0.0036874152087392064,0.009545703964670457,0.0004242203112579247,0.19258577967044088,0.0016186814466605886
roic,low_ic(ICIR=+0.0113); redundant(high_corr),2,0.0021425086139705276,0.011271141082384816,0.0012971082113100122,0.2886613773391268,0.0
roa,low_ic(ICIR=+0.0167); redundant(high_corr),2,0.0021425086139705276,0.016738450562111328,0.0019564914836695648,0.2886616569444085,0.0
depr_amort_to_revenue,low_ic(ICIR=+0.0198); redundant(high_corr),2,0.002573296441321054,0.019758971998921977,0.0006506089797671188,0.21207318207732967,0.0010852149238232641
fcf_to_equity,low_ic(ICIR=+0.0217); redundant(high_corr),2,0.0036874152087392064,0.021668892130958916,0.0011072006834623254,0.2845445776225457,0.0
fcf_yield,low_ic(ICIR=+0.0217); redundant(high_corr),2,0.0036874152087392064,0.021668892130958916,0.0011072006834623254,0.2845445776225457,0.0
governance_risk_composite,low_ic(ICIR=+0.0250); redundant(high_corr),2,0.01071790112740675,0.025044495166406774,0.0022336189776546596,0.28867478082143266,0.0
tr_yoy,low_ic(ICIR=+0.0254); redundant(high_corr),2,0.0021425086139705276,0.02538211915977711,0.0021138317106543115,0.28867479012227587,0.0
or_yoy,low_ic(ICIR=+0.0262); redundant(high_corr),2,0.0021425086139705276,0.02620461284991095,0.0021713616162902147,0.28867479007546,0.0
roe,low_ic(ICIR=+0.0285); redundant(high_corr),2,0.0021425086139705276,0.02852273488831025,0.0037255808687030275,0.2886747838117026,0.0
sector_eps_leadership,low_ic(ICIR=+0.0299); redundant(high_corr),2,0.0021425086139705276,0.0299345214327461,0.0028174526903021998,0.28863233735015253,0.0
index_style_exposure_growth,low_ic(ICIR=+0.0308); redundant(high_corr),2,0.0021425086139705276,0.030769881877322755,0.0036342141621609108,0.2886747124478862,0.0
undistributed_profit_ps,low_ic(ICIR=+0.0312); redundant(high_corr),2,0.0021425086139705276,0.03124011705373717,0.003960560188303641,0.28867478712188915,0.0
log_circ_mv,low_ic(ICIR=+0.0413); redundant(high_corr),2,0.0015456210024425599,0.04127520270103419,0.007152230860750631,0.2886747910225613,0.0
log_total_mv,low_ic(ICIR=+0.0438); redundant(high_corr),2,0.0015456210024425599,0.043805302095395265,0.007652281632099709,0.2886747910185373,0.0
holder_num_stability,low_ic(ICIR=+0.0470); redundant(high_corr),2,0.005411995333489074,0.0470325920362726,0.0015094247035659567,0.1370525927036249,0.004159233079443215
limit_up_next_day_gap,high_nan(0.971); low_ic(ICIR=+0.0496),2,0.9707717960423243,0.04964717207474211,0.010095440599070683,0.2884162111767688,0.0
ocf_coverage,low_ic(ICIR=+0.0542); redundant(high_corr),2,0.0021425086139705276,0.05415163657012667,0.0045613687550828804,0.2886613847045875,0.0
chip_entropy_signal,low_ic(ICIR=+0.0608); redundant(high_corr),2,0.0016124181199504773,0.060824112645015645,0.007720485979832594,0.2886747909869961,0.0
index_weight_rank_composite,high_nan(0.528); low_ic(ICIR=+0.0642),2,0.527701157554754,0.06418768174434528,0.008219415191051987,0.2886713587016339,0.0
index_passive_flow_estimate,high_nan(0.800); low_ic(ICIR=+0.0744),2,0.7997908214330876,0.07442718260229368,0.010796137668377472,0.2886712626531587,0.0
chip_cr3_factor,low_ic(ICIR=+0.0774); redundant(high_corr),2,0.0016124181199504773,0.07741756134739067,0.009854088813260926,0.2886747885093958,0.0
index_rebalance_anticipation,high_nan(0.801); redundant(high_corr),2,0.8006849026369501,0.37771936465448014,0.05472841768853679,0.28864190737502543,0.0
concept_concentration,low_var(std=0.0000); redundant(high_corr),2,0.0,,,2.19824158875781e-14,0.0
factor_anti_crowding,low_var(std=0.0000); redundant(high_corr),2,0.0,,,2.19824158875781e-14,0.0
factor_crowding_proxy_20,low_var(std=0.0000); redundant(high_corr),2,0.0,,,2.19824158875781e-14,0.0
sector_diversification,low_var(std=0.0000); redundant(high_corr),2,0.0,,,2.19824158875781e-14,0.0
super_large_order_intensity,redundant(high_corr),1,0.003609901976123067,-0.26067612564520104,-0.015569930374664483,0.28828001607927795,0.0
lg_sm_divergence,redundant(high_corr),1,0.003609901976123067,-0.2200643859284177,-0.01706251211393006,0.2886747889781711,0.0
mf_big_small_divergence,redundant(high_corr),1,0.003609901976123067,-0.2200643859284177,-0.01706251211393006,0.2886747889781711,0.0
mom_20_neutral,redundant(high_corr),1,0.001558837544409367,-0.20731346450375684,-0.02127387213765609,0.2886320312699418,0.0
illusory_diversification,redundant(high_corr),1,0.0015502646523227893,-0.19626226843493036,-0.03859237357874067,0.2886747910196407,0.0
ret_autocorr_abs,redundant(high_corr),1,0.007010125299961922,-0.19514392534743058,-0.02833458393286826,0.288674770939754,0.0
order_concentration,redundant(high_corr),1,0.003609901976123067,-0.19493798969923334,-0.01953523365217763,0.2886747889779745,0.0
ret_skew_20,redundant(high_corr),1,0.0015502646523227893,-0.19473684325399523,-0.015528938443504142,0.2886747910196407,0.0
intraday_ret_momentum,redundant(high_corr),1,0.0015452637986056192,-0.19257495949215953,-0.027784584344026936,0.2886093071566518,0.0
dollar_volume_growth_20,redundant(high_corr),1,0.001549550244648908,-0.183793183901373,-0.02111533103751113,0.2886747910203475,0.0
mom_20_size_neutral,redundant(high_corr),1,0.0015591947482463079,-0.1689997137357556,-0.026435718491754173,0.28867190186663855,0.0
board_relative_strength_20,redundant(high_corr),1,0.0015502646523227893,-0.16276966478936217,-0.027483502979418175,0.2886747910196407,0.0
pre_holiday_effect,redundant(high_corr),1,0.0015502646523227893,-0.1612793566930451,-0.027568032791274996,0.2886747910196407,0.0
all_a_relative_strength_20,redundant(high_corr),1,0.0015502646523227893,-0.1612781428384694,-0.02756785999974363,0.2886747910196407,0.0
benchmark_relative_return_20,redundant(high_corr),1,0.0015502646523227893,-0.1612781428384694,-0.02756785999974363,0.2886747910196407,0.0
momentum_orthogonal_to_value,redundant(high_corr),1,0.004460404311878956,-0.1588788022308958,-0.025629640231899013,0.2886747876936344,0.0
overreaction_indicator_5d,redundant(high_corr),1,0.0015513362638336116,-0.15789853238947563,-0.02549297706845646,0.2886738625154062,0.0
mom_20,redundant(high_corr),1,0.0015638383981265373,-0.15310905800954525,-0.026300327541220234,0.2886746952249955,0.0
low_vol_tail_hedge,redundant(high_corr),1,0.0016270634772650474,-0.15029779292576784,-0.030207848182730153,0.2886747903486058,0.0
mom_60_neutral,redundant(high_corr),1,0.001638494000047151,-0.14851860987157214,-0.01730386376012773,0.2886693366805017,0.0
residual_momentum_20,redundant(high_corr),1,0.007994579074570587,-0.14840993189825002,-0.025507501420732197,0.2886747909308849,0.0
mom_20_vol_adj,redundant(high_corr),1,0.0015759833285825223,-0.14460862543851477,-0.023633742180032075,0.2886746990724272,0.0
avg_holding_mv_change,redundant(high_corr),1,0.005013713055300155,-0.1413654447824752,-0.02057403982690177,0.2886656356835667,0.0
mom_20_sharpe,redundant(high_corr),1,0.0015502646523227893,-0.140312487185431,-0.023033981193044083,0.2886747910196407,0.0
vol_quality_defensive,redundant(high_corr),1,0.0036920588586194358,-0.1373139813379297,-0.0197409743372352,0.2886747885631538,0.0
price_to_52w_low_dist,redundant(high_corr),1,0.001563123990452656,-0.1329630312197648,-0.02504731080723124,0.2885216681223091,0.0
close_auction_pressure,redundant(high_corr),1,0.0035648942926685342,-0.13242012753570817,-0.016666239498537558,0.2883677473826775,0.0
vwap_momentum_5d,redundant(high_corr),1,0.004765813592463285,-0.13010391734298601,-0.02152512353434428,0.28867478738747454,0.0
ts_price_self_rank_60,redundant(high_corr),1,0.0015456210024425599,-0.12927305304012426,-0.021929829654727805,0.2876170855298778,0.0
earnings_season_effect,redundant(high_corr),1,0.001558837544409367,-0.12919354758982954,-0.02359616236585226,0.28867479101112253,0.0
breakout_with_fund_flow,redundant(high_corr),1,0.0036288337794809257,-0.12854576364688453,-0.0189994101069685,0.28867478817522224,0.0
fund_flow_price_resonance,redundant(high_corr),1,0.0036288337794809257,-0.12854576364688453,-0.0189994101069685,0.28867478817522224,0.0
sentiment_momentum_confirmation,redundant(high_corr),1,0.0036288337794809257,-0.12854576364688453,-0.0189994101069685,0.28867478817522224,0.0
sortino_ratio_60,redundant(high_corr),1,0.001570982474865352,-0.12722485437460446,-0.022446606003356722,0.288674790999064,0.0
mom_60_sharpe,redundant(high_corr),1,0.001570982474865352,-0.12613914095455053,-0.022404886802063043,0.288674790999064,0.0
calmar_ratio_60,redundant(high_corr),1,0.0017720882350629858,-0.12429440704655333,-0.02183939826509105,0.28867479079850994,0.0
mom_60_vol_adj,redundant(high_corr),1,0.001638494000047151,-0.1232378318958094,-0.021830654353451828,0.2886747703462396,0.0
return_stability_60,redundant(high_corr),1,0.001638494000047151,-0.1232378318958094,-0.021830654353451828,0.2886747703462396,0.0
ts_mom_vol_scaled_60,redundant(high_corr),1,0.001638494000047151,-0.1232378318958094,-0.021830654353451828,0.2886747703462396,0.0
roe_turnover_interaction,redundant(high_corr),1,0.003691701654782495,-0.1224669432370385,-0.01688211998150417,0.2886747886836946,0.0
mom_60,redundant(high_corr),1,0.001638494000047151,-0.12053011067643148,-0.021970307539413297,0.2886747679836538,0.0
size_momentum_interaction,redundant(high_corr),1,0.001564195601963478,-0.11686238165719767,-0.020352178026747266,0.28867479075307734,0.0
holder_distribution_signal,redundant(high_corr),1,0.006887247180054309,-0.11622703284656075,-0.02053898903339839,0.28867476372228573,0.0
margin_net_open,redundant(high_corr),1,0.1449372428578879,-0.11415278028427335,-0.005989528565611588,0.2886747055777689,0.0
holder_momentum_confirmation,redundant(high_corr),1,0.006887247180054309,-0.11294534250762535,-0.019943957012777232,0.2886747637392759,0.0
holder_smart_money_proxy,redundant(high_corr),1,0.006887247180054309,-0.11294534250762535,-0.019943957012777232,0.2886747637392759,0.0
overnight_gap,redundant(high_corr),1,0.0015452637986056192,-0.11221002948493225,-0.010537666716728697,0.28786229761255566,0.0
margin_balance_change,redundant(high_corr),1,0.14511227273798885,-0.11148191779486806,-0.005832770567406367,0.2885097898719538,0.0
ma_distance_20_60,redundant(high_corr),1,0.001569553659517589,-0.10149161782111249,-0.018612777017326592,0.2886747909963676,0.0
pledge_intensity,redundant(high_corr),1,0.005387705472577105,-0.10089936655407074,-0.005261937891635553,0.27733895885283993,0.0
pledge_ratio_change,low_ic(ICIR=-0.0970),1,0.00540056481070697,-0.09699182905070844,-0.0036156379273786727,0.005454504822659621,0.0
mf_flow_volatility_20d,redundant(high_corr),1,0.003627047760296222,-0.09279636349484263,-0.012737238905917176,0.2886747889612789,0.0
mf_net_inflow_volatility_20d,redundant(high_corr),1,0.003627047760296222,-0.09279636349484263,-0.012737238905917176,0.2886747889612789,0.0
short_sell_concentration,high_nan(0.212),1,0.21185259483583269,-0.08917324502410556,-0.010460876971650672,0.28867333689555935,0.0
quality_value_bias,low_ic(ICIR=-0.0867),1,0.006583623918654685,-0.08665017600137605,-0.012766662298528781,0.2886747822176881,0.0
pledge_ratio_momentum,low_ic(ICIR=-0.0852),1,0.005394135141642037,-0.08515223766207028,-0.0036513953775645213,0.0027272524113359036,0.0
am_vol_share,redundant(high_corr),1,0.004769385630832692,-0.08201863893237593,-0.007253817864033771,0.28867478738389646,0.0
pledge_concentration,low_ic(ICIR=-0.0819),1,0.005387705472577105,-0.08189013100036467,-0.005488962491686282,0.2773523813863043,0.0
limit_up_quality_composite,high_nan(0.983),1,0.9834028809203857,-0.08044745582660973,-0.019493634081397305,0.2878346555373752,0.0
chip_momentum_resonance,low_ic(ICIR=-0.0783),1,0.0016309927194713954,-0.07834488341252839,-0.011668528447969534,0.28867471718022825,0.0
sector_rel_strength_5d,low_ic(ICIR=-0.0743),1,0.0700212393401445,-0.07427243628734001,-0.011716798706236627,0.2942100022583772,0.0
net_mf_amount_intensity,redundant(high_corr),1,0.003609901976123067,-0.07335456746014819,-0.008775693710447039,0.28867478137198915,0.0
consecutive_up_days_20,low_ic(ICIR=-0.0705),1,0.0015506218561597302,-0.07052890365459268,-0.006663947800378427,0.27876847848534797,0.0
stock_sector_beta_60,low_ic(ICIR=-0.0704),1,0.0016434948537643213,-0.07035897740732225,-0.01110194202905314,0.28867479092710036,0.0
mf_net_inflow_ratio_neutral,redundant(high_corr),1,0.003609901976123067,-0.06850033004114925,-0.00482979026491027,0.28863125996196237,0.0
sector_rel_strength_20d,low_ic(ICIR=-0.0673),1,0.0686945842897466,-0.06730561432571167,-0.0117516642364329,0.29377122218107216,0.0
quality_momentum_nonlinear,redundant(high_corr),1,0.0037056326044231837,-0.06702707072442014,-0.009953563670538844,0.28867478828279775,0.0
z_score_china,low_ic(ICIR=-0.0665),1,0.0021425086139705276,-0.06646854191005584,-0.009291021088462727,0.2886717743558344,0.0
capital_reserve_ratio,low_ic(ICIR=-0.0643),1,0.0021425086139705276,-0.06428085401001761,-0.006395670419516247,0.28867474847822205,0.0
forex_exposure,low_ic(ICIR=-0.0613),1,0.002168941697904142,-0.061348149231989446,-0.007011450860012627,0.11712672275033903,0.0
trend_quality_composite,low_ic(ICIR=-0.0557),1,0.0015502646523227893,-0.05566659550248979,-0.00820762641027572,0.2886747467636145,0.0
ca_to_assets,low_ic(ICIR=-0.0550),1,0.0021425086139705276,-0.05501688780016814,-0.006005063447998051,0.2886618601440469,0.0
sector_new_low_ratio_20,low_ic(ICIR=-0.0540),1,0.0,-0.054044741689688085,-0.006925066253849034,0.28093692215072713,0.0
chip_concentration_neutral,low_ic(ICIR=-0.0537),1,0.0015452637986056192,-0.053736038415081455,-0.003578205347431853,0.28863257735988945,0.0
mf_net_persistent_5d,low_ic(ICIR=-0.0521),1,0.0036134740144924743,-0.05207384983488342,-0.005630467586569,0.2775459176311416,0.0
margin_net_flow_acceleration,low_ic(ICIR=-0.0520),1,0.14581239225839268,-0.05200663696772194,-0.0025449772033418164,0.2886747608299783,0.0
chip_skewness_ratio,low_ic(ICIR=-0.0520),1,0.0018881794820687246,-0.05197048054232503,-0.0058805016937863025,0.28865995208218725,0.0
sector_breadth_20,low_ic(ICIR=-0.0519),1,0.0015452637986056192,-0.05188559197957992,-0.007958459176310655,0.2874145140883168,0.0
sector_size_leadership,redundant(high_corr),1,0.0015456210024425599,-0.0517668849656334,-0.007133194318033918,0.28863199194846945,0.0
mom_120_skip5,low_ic(ICIR=-0.0504),1,0.001910683323795991,-0.05040618568590449,-0.0091557360559135,0.28867478043503714,0.0
chip_concentration,low_ic(ICIR=-0.0499),1,0.0015452637986056192,-0.049924538493431404,-0.004765622834203127,0.2886742984154349,0.0
tax_to_ebt,low_ic(ICIR=-0.0499),1,0.0021425086139705276,-0.04991449728276861,-0.004164462393911992,0.2881685967729325,0.0
rv_term_structure_slope,low_ic(ICIR=-0.0496),1,0.00701405454216827,-0.049563536072684246,-0.004922755143517128,0.2886747658414932,0.0
sector_up_volume_ratio_20,low_ic(ICIR=-0.0484),1,0.0,-0.04838134582349217,-0.007130704039213566,0.2910438685048262,0.0
price_efficiency_ratio_20,low_ic(ICIR=-0.0475),1,0.001558837544409367,-0.04753700824961242,-0.004777376992369975,0.2886747531206973,0.0
effective_tax_by_ebt,low_ic(ICIR=-0.0467),1,0.002165012455697794,-0.046738013259291375,-0.0034893816839905952,0.2886747003310728,0.0
chip_mode_mean_gap,low_ic(ICIR=-0.0467),1,0.0016124181199504773,-0.04672622722467831,-0.0032727399633497535,0.2886747909842585,0.0
fair_value_dependency,low_ic(ICIR=-0.0457),1,0.002168941697904142,-0.04573163329957329,-0.0026316720256771495,0.2789451522896145,0.0
mf_net_inflow_5d,low_ic(ICIR=-0.0451),1,0.0036134740144924743,-0.045082767985798224,-0.005571555858639147,0.28867478897472904,0.0
index_style_exposure_size,low_ic(ICIR=-0.0438),1,0.0015456210024425599,-0.043805302095395265,-0.007652281632099709,0.2886747910185373,0.0
chip_entropy_convergence,low_ic(ICIR=-0.0436),1,0.001614204139135181,-0.04356308213475618,-0.003971360471391818,0.2886747909852364,0.0
retail_attention,low_ic(ICIR=-0.0433),1,0.003614902829840237,-0.04329756342490405,-0.002499515544001609,0.28867478881783376,0.0
close_position_intraday_20,low_ic(ICIR=-0.0421),1,0.001615632954482944,-0.04213061470674511,-0.005504940882466977,0.28867479093604276,0.0
sector_relative_strength_60d,low_ic(ICIR=-0.0419),1,0.0,-0.041861231432004535,-0.0064677441998965135,0.2917349952342919,0.0
short_cover_rally_signal,low_ic(ICIR=-0.0416),1,0.14673040611933036,-0.041575830540667255,-0.0044964554080489764,0.2886747590472353,0.0
hurst_exponent_60,low_ic(ICIR=-0.0416),1,0.001967478733869568,-0.04157064397050435,-0.00349218670449156,0.2886747906030482,0.0
capital_reserve_ps_rank,low_ic(ICIR=-0.0402),1,0.0021425086139705276,-0.040238300692192676,-0.002858767761058854,0.2886747761100124,0.0
f_score_leverage,low_ic(ICIR=-0.0393),1,0.0,-0.03929719603879665,-0.0029995313395350257,0.21963533305337457,0.0
path_efficiency,low_ic(ICIR=-0.0386),1,0.006770084321537748,-0.038643206549899514,-0.003399164979454456,0.28864559784540644,0.0
margin_concentration_hhi,low_ic(ICIR=-0.0383),1,0.1449372428578879,-0.03826410591564969,-0.0047858533093375405,0.28867476096906813,0.0
salescash_to_or,low_ic(ICIR=-0.0382),1,0.0021425086139705276,-0.03824781979038567,-0.002187541737939771,0.28866055479942015,0.0
open_5min_momentum,low_ic(ICIR=-0.0382),1,0.004782602172799499,-0.03822245045556349,-0.004578024564344333,0.2885506175278944,0.0
payables_power,low_ic(ICIR=-0.0380),1,0.04834896814527623,-0.03799133526794644,-0.002613154241673953,0.2886747586226025,0.0
concept_overlap_premium,low_ic(ICIR=-0.0376),1,0.0005611672278338945,-0.037621642131530304,-0.006822817230836189,0.28867477656351964,0.0
sector_leader_gap,low_ic(ICIR=-0.0360),1,0.0016159901583198846,-0.03600171861687742,-0.004460644013716681,0.288641745892275,0.0
mf_net_amount_intensity,low_ic(ICIR=-0.0350),1,0.0036106163837969483,-0.03495731360213492,-0.004400757654127693,0.2886747889775609,0.0
sector_alpha_20,low_ic(ICIR=-0.0346),1,0.0,-0.0345687081162621,-0.005163684947507429,0.2884003617795227,0.0
gross_profit_to_assets,low_ic(ICIR=-0.0344),1,0.0021425086139705276,-0.03442180864167536,-0.005033296091736337,0.28865946433351486,0.0
limit_down_pct_chg,low_ic(ICIR=-0.0342),1,0.166055848105498,-0.03424027292490021,-0.0018625134892733904,0.2896175212751434,0.0
sector_pe_expansion_20,low_ic(ICIR=-0.0333),1,0.0,-0.0333228635324551,-0.00448039199911897,0.2912962246471837,0.0
net_debt_to_ebitda,low_ic(ICIR=-0.0333),1,0.0021425086139705276,-0.03325583663748172,-0.0034157105413724917,0.28867479040954314,0.0
chip_support_strength_20d,low_ic(ICIR=-0.0327),1,0.0015452637986056192,-0.03267707847081163,-0.0028382047203223846,0.28867151241933325,0.0
minority_interest_ratio,low_ic(ICIR=-0.0317),1,0.002168941697904142,-0.03171559190618651,-0.002152071984363414,0.2885354850821032,0.0
payroll_burden,low_ic(ICIR=-0.0315),1,0.002573296441321054,-0.031457242978373344,-0.0021639588433318966,0.2886747899829304,0.0
tang_asset_to_net_debt,low_ic(ICIR=-0.0307),1,0.0021425086139705276,-0.03068380787550445,-0.0016687738374841906,0.2750119487798434,0.0
growth_at_reasonable_price,low_ic(ICIR=-0.0307),1,0.006583623918654685,-0.030656502859833457,-0.0033592667877776743,0.28867478579958766,0.0
breakout_60,low_ic(ICIR=-0.0300),1,0.001569553659517589,-0.029962527764289128,-0.005529290782056055,0.2886725214143861,0.0
chip_range_normalized,low_ic(ICIR=-0.0297),1,0.0015452637986056192,-0.029665537353242392,-0.002765140116880296,0.2886739970053566,0.0
holder_avg_mv,low_ic(ICIR=-0.0294),1,0.006869029784370332,-0.02944345759027491,-0.004836753700303785,0.28867478570018396,0.0
price_to_52w_high_dist,low_ic(ICIR=-0.0291),1,0.0015452637986056192,-0.02905654651216071,-0.004853946956122237,0.28866218721577175,0.0
dsri,low_ic(ICIR=-0.0290),1,0.04989744677841432,-0.02899922394213931,-0.0009248453022299375,0.01662048746715241,0.0026304630420373345
rd_intensity,low_ic(ICIR=-0.0287),1,0.002573296441321054,-0.028684756759787666,-0.005010763741101213,0.28838445047384775,0.0
cost_distribution_skew,low_ic(ICIR=-0.0277),1,0.006976190935452552,-0.027677179266734204,-0.0023781684757951905,0.28856957207442885,0.0
index_membership_count,low_ic(ICIR=-0.0276),1,0.06846240179573512,-0.027559003945882288,-0.001185826863859964,0.05996816535277563,0.015946408166082535
current_ratio,low_ic(ICIR=-0.0275),1,0.0021425086139705276,-0.027534308889221763,-0.0027547265912707245,0.28866560271868896,0.0
equity_vs_debt_financing,low_ic(ICIR=-0.0273),1,0.0021425086139705276,-0.027344806442947237,-0.0015171066794145813,0.28846832035897274,0.0
ebitda_to_debt_rank,low_ic(ICIR=-0.0273),1,0.0021425086139705276,-0.027300080160069743,-0.0011528312967640257,0.1926373936139622,0.0014518313096654057
holder_dispersion_index,low_ic(ICIR=-0.0267),1,0.005323765985764712,-0.02665673387689979,-0.002628975606967942,0.2886747849325048,0.0
concept_turnover_heat,low_ic(ICIR=-0.0260),1,0.0005611672278338945,-0.026005948264857786,-0.003992750377382862,0.28867478615002723,0.0
sector_momentum_reversal_5d,low_ic(ICIR=-0.0238),1,0.0,-0.023818081807530735,-0.0033275486257401394,0.2886221042207731,0.0
assets_turn,low_ic(ICIR=-0.0237),1,0.0021425086139705276,-0.023684037284569654,-0.00205816084470886,0.28867472538245204,0.0
cash_ratio,low_ic(ICIR=-0.0217),1,0.0021425086139705276,-0.02170448272672936,-0.002339821425514239,0.288661849128675,0.0
sector_multi_dimension_score,low_ic(ICIR=-0.0208),1,0.0,-0.02084480647380291,-0.0027918308207439176,0.2869640337984706,0.0
financing_dependency,low_ic(ICIR=-0.0207),1,0.0021425086139705276,-0.020732342009758088,-0.0006586858987394312,0.28847699695512347,0.0
earnings_momentum_4q,low_ic(ICIR=-0.0206),1,0.0022332383885534744,-0.020644431443414532,-0.0008572318028840778,0.058854314297638884,0.0036521193465661344
mf_cumulative_flow_20d,low_ic(ICIR=-0.0203),1,0.003627047760296222,-0.02029000137959819,-0.002629580113440887,0.2886747889612789,0.0
quick_ratio,low_ic(ICIR=-0.0202),1,0.0021425086139705276,-0.020237223519988492,-0.002000637717734584,0.2886655865141615,0.0
index_weight_gini,low_ic(ICIR=-0.0201),1,0.08707272170034741,-0.02009090689361994,-0.0018811721448239826,0.27018252665322223,0.0
tang_asset_to_int_debt,low_ic(ICIR=-0.0198),1,0.0021425086139705276,-0.019848582567538933,-0.0017451399454309921,0.2885863621984442,0.0
shadow_asymmetry,low_ic(ICIR=-0.0193),1,0.0015452637986056192,-0.01930169155409592,-0.0019999084264479324,0.2886276961493946,0.0
volume_u_shape_score,low_ic(ICIR=-0.0192),1,0.0047865314150058475,-0.01921489495199764,-0.0012294263401309627,0.2886747873668818,0.0
bp_x_mom_20,low_ic(ICIR=-0.0191),1,0.004455403458161786,-0.019096848439377794,-0.003339497965928897,0.2886747868151733,0.0
holder_num_change_acceleration,low_ic(ICIR=-0.0186),1,0.003467020441346773,-0.0186059618996275,-0.0005863235686651042,0.051812833667842374,1.837024440298018e-05
cash_to_assets,low_ic(ICIR=-0.0183),1,0.0021425086139705276,-0.018340591531326916,-0.0012334533351316497,0.2886734952402944,0.0
index_inclusion_probability,low_ic(ICIR=-0.0175),1,0.0015456210024425599,-0.017450355263393363,-0.002490284859460919,0.22860362516630933,0.0
tax_burden,low_ic(ICIR=-0.0173),1,0.002573296441321054,-0.0173116675520286,-0.0015849825120437214,0.2886747899829305,0.0
mf_flow_factor_momentum_20,low_ic(ICIR=-0.0173),1,0.017579072427364385,-0.017305493912174588,-0.001850662510257657,0.2886747787154724,0.0
working_capital_rank,low_ic(ICIR=-0.0169),1,0.0021425086139705276,-0.016889422603078016,-0.0012182996384472553,0.2886617111610588,0.0
sector_mc_share_change_20,low_ic(ICIR=-0.0169),1,0.0,-0.016858026765341906,-0.0025256057105649196,0.28699063455685164,0.0
sector_corr_stability_60,low_ic(ICIR=-0.0161),1,0.0,-0.016062407904949224,-0.0018492928549331204,0.295135139575962,0.0
rjump_daily,low_ic(ICIR=-0.0157),1,0.0047583123118875295,-0.015670663326619417,-0.0017171707687396731,0.28851369467099297,0.0
chip_above_below_ratio,low_ic(ICIR=-0.0153),1,0.010362126105813779,-0.015279044877457867,-0.0010968330058252654,0.28867464853653607,0.0
cf_short_debt_cover,low_ic(ICIR=-0.0151),1,0.0021425086139705276,-0.015138296353443364,-0.0010777848838896375,0.2886618112037865,0.0
sector_beta_change_20,low_ic(ICIR=-0.0134),1,0.0,-0.01343022366476132,-0.0019315638881970219,0.2879950645951085,0.0
sector_corr_to_leader_20,low_ic(ICIR=-0.0134),1,0.0,-0.013420862760802158,-0.0020176126831357236,0.2913451954334444,0.0
deferred_tax_liab_ratio,low_ic(ICIR=-0.0133),1,0.0021425086139705276,-0.013264782279037515,-0.0005308474229673761,0.288079491841812,0.0
dt_pattern_momentum,low_ic(ICIR=-0.0132),1,0.0015474070216272636,-0.013188257235444624,-0.002173004840535178,0.28867479102236887,0.0
roa_stability_8q_ext,low_ic(ICIR=-0.0128),1,0.047554546811920034,-0.012836215427740643,-0.00044367828311871345,0.06051687911949883,0.002090437366950401
small_quality_premium,low_ic(ICIR=-0.0119),1,0.0036874152087392064,-0.011877296747693016,-0.002034002162189144,0.2886747886689892,0.0
downside_beta_60,low_ic(ICIR=-0.0113),1,5.393777937805097e-05,-0.011315433459254943,-0.0020908294443172954,0.2886747923562942,0.0
margin_flow_reversal_5d,low_ic(ICIR=-0.0107),1,0.1465125117787965,-0.010729699323879741,-0.0003593809698316194,0.23291536366416637,0.0
sector_rotation_accel_5d,low_ic(ICIR=-0.0106),1,0.0,-0.01057199335915629,-0.001268941914392388,0.2818680821416653,0.0
contract_assets_ratio,low_ic(ICIR=-0.0103),1,0.0021425086139705276,-0.010275002813753214,-0.0007028533947890885,0.22971101654608078,0.0012163788846912434
mf_flow_reversal_20d,low_ic(ICIR=-0.0102),1,0.003627047760296222,-0.010245835180735846,-0.0010463501694923116,0.28867478896088855,0.0
tang_asset_to_debt,low_ic(ICIR=-0.0102),1,0.0021425086139705276,-0.010245659053037082,-0.0009330241161967271,0.28866170291175436,0.0
sector_concentration_risk,low_ic(ICIR=-0.0102),1,0.0015456210024425599,-0.010220182625029002,-0.0012503965232261347,0.2885840406981075,0.0
gap_up_ratio_20d,low_ic(ICIR=-0.0093),1,0.001549550244648908,-0.009258198290745171,-0.0008564109341658487,0.28636582805414457,0.0
mf_open_close_divergence_10d,low_ic(ICIR=-0.0089),1,0.003618832072046585,-0.008876263267903872,-0.0005928879088193866,0.2886747889694176,0.0
total_revenue_ps,low_ic(ICIR=-0.0081),1,0.0021425086139705276,-0.008135938031828608,-0.0007738786509786916,0.28867478677811564,0.0
ar_turn,low_ic(ICIR=-0.0078),1,0.0021425086139705276,-0.0077757258843154636,-0.0008418855797653335,0.28865914967991685,0.0
free_cf_yield,low_ic(ICIR=-0.0075),1,0.004216076887411494,-0.007464437959720958,-0.0004077822332369939,0.28867478831702265,0.0
sustainable_growth_rate,low_ic(ICIR=-0.0072),1,0.0021425086139705276,-0.007237529667393563,-0.0007929275495507984,0.28867478552562964,0.0
net_margin_stability_8q,low_ic(ICIR=-0.0070),1,0.0021768001823168383,-0.007027020602454877,-0.00023482532906622813,0.09348078604736056,0.010744854950726055
net_debt_ratio,low_ic(ICIR=-0.0066),1,0.0021425086139705276,-0.0065831782441583405,-0.0005421939654596665,0.2886747903445258,0.0
sector_cipin_concentration,low_ic(ICIR=-0.0066),1,0.0,-0.0065546412048777146,-0.0009358968427504353,0.2878767530364589,0.0
ebitda_to_ev_neutral,low_ic(ICIR=-0.0054),1,0.0036874152087392064,-0.005399731036193055,-0.00030259739531098625,0.2879655151482536,0.0
intan_assets_ratio,low_ic(ICIR=-0.0052),1,0.0021425086139705276,-0.005246168211445768,-0.00037857842614234463,0.28867479040954314,0.0
nca_to_assets,low_ic(ICIR=-0.0050),1,0.0021425086139705276,-0.004993731061878711,-0.000436799989630355,0.288661860144047,0.0
total_borrowings_ratio,low_ic(ICIR=-0.0049),1,0.0021425086139705276,-0.004910630475925148,-0.0003657700964918151,0.28856117799140785,0.0
factor_regime_change_60,low_ic(ICIR=-0.0045),1,0.0,-0.0045133081048967,-0.00042982750644253366,0.2759958869556782,0.0
noncurrent_exint_rank,low_ic(ICIR=-0.0041),1,0.0021425086139705276,-0.00408838875310087,-0.0002899116099445873,0.2886593847472693,0.0
dual_margin_signal,low_ic(ICIR=-0.0037),1,0.14511227273798885,-0.003732605942836144,-0.00034788610302012937,0.28867470864132483,0.0
factor_crowding_warning,low_ic(ICIR=-0.0033),1,0.018459579885423297,-0.0033232806639683895,-0.00022257716315564663,0.2653326001862665,0.0
notes_receivable_ratio,low_ic(ICIR=-0.0033),1,0.0021425086139705276,-0.0033158810586839246,-0.0003374774006269837,0.2822936308228887,0.0
short_sell_to_turnover,low_ic(ICIR=-0.0028),1,0.1458563283303364,-0.0027653505015755695,-0.00035986810998797034,0.28482005842736446,0.0
equity_yoy,low_ic(ICIR=-0.0024),1,0.0021425086139705276,-0.0024429574836645736,-0.0002641726568348275,0.288674782932797,0.0
sector_beta_60,low_ic(ICIR=-0.0022),1,0.0,-0.0022183323879549867,-0.0003788874220518609,0.2900529919903522,0.0
margin_balance_to_float_mv,low_ic(ICIR=-0.0020),1,0.1458563283303364,-0.002043856146726314,-0.0002961418970691068,0.2886747631354002,0.0
pledge_pressure_index,low_ic(ICIR=-0.0011),1,0.00694118495943236,-0.0010820985466386105,-0.00011542460775435108,0.1530403302170457,0.00283458586199876
solvency_margin,low_ic(ICIR=-0.0004),1,0.0757868664722049,-0.000356686947110056,-1.3807887121587314e-05,0.19441988150672562,0.0015105729559552771
roe_factor_momentum_60,low_ic(ICIR=-0.0001),1,0.040313310629457456,-6.184716105328492e-05,-3.1331127114072405e-06,0.2715915430165535,0.0
long_term_debt_ratio,low_ic(ICIR=+0.0001),1,0.0021425086139705276,7.273544131473163e-05,5.806575676017011e-06,0.2844890658836121,0.0
dividend_payable_ratio,low_ic(ICIR=+0.0012),1,0.0021425086139705276,0.001214844798543839,7.176027656126153e-05,0.2574247889370952,0.0
momentum_value_resonance,low_ic(ICIR=+0.0014),1,0.00453505991379957,0.0014372360003694772,0.0002414223015771402,0.28867478620694353,0.0
ca_turn,low_ic(ICIR=+0.0017),1,0.0021425086139705276,0.0016609893826308728,0.00014659817720091638,0.2886618158860606,0.0
margin_leverage_ratio,low_ic(ICIR=+0.0020),1,0.1458563283303364,0.002043856146726314,0.0002961418970691068,0.2886747631354002,0.0
gross_margin,low_ic(ICIR=+0.0028),1,0.0021425086139705276,0.0028049432936517677,0.0003452047436421978,0.2886597910016736,0.0
factor_consistency_score,low_ic(ICIR=+0.0034),1,0.018459579885423297,0.0034094389610749717,0.00022838663988200767,0.2653252585860143,0.0
reversal_vol_coupling,low_ic(ICIR=+0.0040),1,0.0015545510983660782,0.003953837624155535,0.000692180142658079,0.2886747897555747,0.0
labor_intensity,low_ic(ICIR=+0.0040),1,0.002573296441321054,0.004019046759149056,0.000404106642076062,0.28867478998293045,0.0
asset_growth,low_ic(ICIR=+0.0049),1,0.0021882307050989417,0.004863076769728989,0.00017617357797629222,0.04164327120697174,0.004452314125712593
fundflow_retail_inst_divergence,low_ic(ICIR=+0.0051),1,0.003609901976123067,0.005122359201327359,0.0002318472370002855,0.2886746519576659,0.0
chip_flow_momentum_triple,low_ic(ICIR=+0.0051),1,0.0036288337794809257,0.005137482441787237,0.0004985119678953076,0.28867478895119164,0.0
altman_z_score,low_ic(ICIR=+0.0062),1,0.0021425086139705276,0.006209076732927243,0.0005738515701089396,0.28867479040954314,0.0
upper_shadow_ratio,low_ic(ICIR=+0.0062),1,0.0015452637986056192,0.006209269446858117,0.0005891276595473092,0.28826763233406744,0.0
inv_turn,low_ic(ICIR=+0.0062),1,0.0021425086139705276,0.006226337742542752,0.0004724428357276458,0.28865045663406225,0.0
pledge_liquidation_risk,low_ic(ICIR=+0.0063),1,0.00694118495943236,0.0062614515940491115,0.0004483381944700877,0.2724422659109957,0.0
roe_stability_8q_neutral,low_ic(ICIR=+0.0065),1,0.0021768001823168383,0.0064932355163256385,0.0006838880323477841,0.28852555329195584,0.0
advance_receipts_ratio,low_ic(ICIR=+0.0068),1,0.002573296441321054,0.00675311258261638,0.000423943226330513,0.25684712902458046,0.0
ret_kurt_20,low_ic(ICIR=+0.0075),1,0.0015502646523227893,0.0075336252892245345,0.0005362181891226355,0.2886747910196407,0.0
cash_cycle,low_ic(ICIR=+0.0088),1,0.0021425086139705276,0.008803316003092,0.00020598224390750932,0.20848480942853687,0.0
investment_intensity,low_ic(ICIR=+0.0091),1,0.0021425086139705276,0.00906401155677183,0.0005374408542447054,0.28867479033530924,0.0
gmi,low_ic(ICIR=+0.0097),1,0.047899962922241725,0.009728083231708429,0.0003004386777167443,0.01677064033988492,0.004436456640082716
sector_fund_flow_heat_5d,low_ic(ICIR=+0.0099),1,0.0,0.009907908940820314,0.0013965829995258225,0.2843939715016505,0.0
admin_expense_ratio,low_ic(ICIR=+0.0103),1,0.002573296441321054,0.010277121110704121,0.0008561687795801323,0.2886747899829304,0.0
taxes_payable_ratio,low_ic(ICIR=+0.0104),1,0.002573296441321054,0.010419871664126537,0.0008915243762526703,0.2886747899829304,0.0
sentiment_fundamental_gap,low_ic(ICIR=+0.0108),1,0.008652548542215421,0.010765095230319283,0.0011084656780753319,0.28867478380394257,0.0
gross_margin_stability_8q_ext,low_ic(ICIR=+0.0118),1,0.003199831971315103,0.011768355120957872,0.00039440500588018454,0.13351391874899354,0.007537752970120635
holder_price_divergence,low_ic(ICIR=+0.0119),1,0.006816520820340044,0.011877441666961355,0.0003033103041451551,0.04215689096464317,0.0085016056791585
bp_mom_resonance,low_ic(ICIR=+0.0125),1,0.004460404311878956,0.012530840587370591,0.0007428438767336713,0.2886747869603356,0.0
concept_rotation_signal,low_ic(ICIR=+0.0125),1,0.0005611672278338945,0.012534908053823299,0.00213838528036245,0.28867477448885975,0.0
ebit_ps_rank,low_ic(ICIR=+0.0127),1,0.0021425086139705276,0.012671436259493052,0.0016183928200374498,0.288661493129434,0.0
price_impact_intraday,low_ic(ICIR=+0.0131),1,0.0047583123118875295,0.013147807410223492,0.001711997032552069,0.2886094998244318,0.0
pe_to_eps_growth_neutral,low_ic(ICIR=+0.0141),1,0.0036874152087392064,0.014093881738573318,0.0005317627721575084,0.28865905401646097,0.0
intraday_lower_shadow,low_ic(ICIR=+0.0142),1,0.03996003603472307,0.014154870185051592,0.001186660892242555,0.28821810176291535,0.0
sector_advance_decline_20,low_ic(ICIR=+0.0142),1,0.0,0.014240627460591664,0.001738363101669573,0.29331082861673974,0.0
rd_to_revenue_growth,low_ic(ICIR=+0.0143),1,0.0032412676164002285,0.01426493378832981,0.00041864870083715343,0.03857149713273871,0.005033204844813667
tax_rate_change_4q,low_ic(ICIR=+0.0143),1,0.0021882307050989417,0.014292903713701108,0.00040017698607626136,0.039914223186353195,0.004597355220957559
pe_to_eps_growth,low_ic(ICIR=+0.0146),1,0.0036874152087392064,0.014635271318362394,0.0007614227193786248,0.2879555277102593,0.0
fcf_conversion,low_ic(ICIR=+0.0159),1,0.0021796578130123642,0.01592378702960513,0.0006026457631718341,0.2840402971897375,0.0
fcf_yield_neutral,low_ic(ICIR=+0.0174),1,0.0036874152087392064,0.017383729437639217,0.0005782109808527555,0.28862300930214674,0.0
fix_asset_ratio,low_ic(ICIR=+0.0189),1,0.0021425086139705276,0.018945307246698316,0.001211611198303789,0.2863698894971109,0.0
roa2_yearly,low_ic(ICIR=+0.0191),1,0.0021425086139705276,0.019071016366448066,0.002336335705097682,0.2886616573572473,0.0
dupont_roe_decomposition,low_ic(ICIR=+0.0191),1,0.0021425086139705276,0.01908827087591491,0.0019559514295594787,0.2886747499437366,0.0
sgi,low_ic(ICIR=+0.0193),1,0.0025847269641031574,0.01932987071617138,0.0005921880428038539,0.016520124672733782,0.005638195539479484
sector_turnover_divergence,low_ic(ICIR=+0.0198),1,0.0,0.019813443645179007,0.00284185417886935,0.2856132826381126,0.0
roe_momentum_4q,low_ic(ICIR=+0.0206),1,0.0021882307050989417,0.020616870071181667,0.0008687928135089689,0.04220493228313211,0.005288184745215559
index_overlap_premium,low_ic(ICIR=+0.0207),1,0.08707272170034741,0.020714397168026463,0.0025321334195341876,0.24984803068246314,0.0
index_weight_diversification,low_ic(ICIR=+0.0210),1,0.08707272170034741,0.021023095968189184,0.0026451178325279227,0.27031813629025336,0.0
pledge_ratio_acceleration,low_ic(ICIR=+0.0212),1,0.00541985381790177,0.021199686376757388,0.0008584605678617448,0.005454504822659663,0.0
bps_yoy,low_ic(ICIR=+0.0214),1,0.0021425086139705276,0.021417712181275264,0.0019951639490932813,0.28867478845691785,0.0
momentum_value_resonance_deep,low_ic(ICIR=+0.0220),1,0.004460404311878956,0.02204502538575352,0.003497514057762385,0.2886747877654876,0.0
am_pm_return_ratio,low_ic(ICIR=+0.0229),1,0.08569891574347335,0.022949644469941015,0.001859069807821309,0.28866199507482315,0.0
sector_relative_pe_20,low_ic(ICIR=+0.0238),1,0.0,0.02377715963898835,0.0031138322358156066,0.2961371116152624,0.0
working_capital_to_assets,low_ic(ICIR=+0.0239),1,0.0021425086139705276,0.023946251517298633,0.0024904623699759194,0.2886615110885001,0.0
cost_skew_momentum_5d,low_ic(ICIR=+0.0245),1,0.021614046969446927,0.02447081384683349,0.0010360721838474827,0.28480528825432594,0.0
npta,low_ic(ICIR=+0.0246),1,0.0021425086139705276,0.024621457676358788,0.002958907767106332,0.28867478694317594,0.0
financial_health_composite,low_ic(ICIR=+0.0250),1,0.0021425086139705276,0.02500514990644884,0.002189805066233673,0.2886747904011442,0.0
expense_control,low_ic(ICIR=+0.0251),1,0.002573296441321054,0.025103919130013745,0.0025739864621929214,0.2886747899829304,0.0
index_weight_concentration,low_ic(ICIR=+0.0254),1,0.13778887967302988,0.025428108189607623,0.003093508359945922,0.26047322131814865,0.0
value_quality_momentum_triple,low_ic(ICIR=+0.0260),1,0.006602198518175603,0.02597663916421239,0.004180348593913286,0.2886747859142089,0.0
quality_composite_golden,low_ic(ICIR=+0.0263),1,0.0021425086139705276,0.02634367391671783,0.0031031661582686713,0.2886747688555432,0.0
op_to_debt_rank,low_ic(ICIR=+0.0264),1,0.0021425086139705276,0.026422777441338537,0.0028482473203801555,0.28867455606648523,0.0
ebit_rank,low_ic(ICIR=+0.0267),1,0.0021425086139705276,0.02667891994623954,0.00374034247311575,0.28866171116105893,0.0
bps_rank,low_ic(ICIR=+0.0269),1,0.0021425086139705276,0.026872094981438478,0.003210893586549787,0.28867478667946306,0.0
chip_cr3_momentum,low_ic(ICIR=+0.0272),1,0.001614204139135181,0.02716197252363679,0.0021038553101162495,0.2886747902467459,0.0
cash_adequacy_ratio,low_ic(ICIR=+0.0273),1,0.047188770082892725,0.027278507205852377,0.0019109083946945355,0.28867477591420965,0.0
gross_margin_neutral,low_ic(ICIR=+0.0273),1,0.0021425086139705276,0.02733337836912993,0.0031307094300359155,0.2886326521958823,0.0
quality_composite,low_ic(ICIR=+0.0288),1,0.0021425086139705276,0.02884872730897116,0.0038437229973739087,0.21694858481205098,0.0
capex_to_assets,low_ic(ICIR=+0.0290),1,0.0021425086139705276,0.028961238576769712,0.002727393802671475,0.28867479040954325,0.0
assets_impair_risk,low_ic(ICIR=+0.0292),1,0.002168941697904142,0.02918128194896648,0.0026011224221381708,0.2834165034057225,0.0
gross_profitability,low_ic(ICIR=+0.0293),1,0.0021425086139705276,0.029331960984293175,0.0035818524777270874,0.2886747904095432,0.0
roe_waa,low_ic(ICIR=+0.0294),1,0.0021425086139705276,0.029444922000603224,0.0038676396989016483,0.28867451538663663,0.0
mom_20_minus_mom_60,low_ic(ICIR=+0.0296),1,0.0016434948537643213,0.029558129096773435,0.004861936646768478,0.2886747528234137,0.0
receivable_pressure,low_ic(ICIR=+0.0299),1,0.0021425086139705276,0.02988361435025237,0.004693712704458785,0.28865944583479636,0.0
roe_neutral,low_ic(ICIR=+0.0299),1,0.0021425086139705276,0.0299345214327461,0.0028174526903021998,0.28863233735015253,0.0
factor_relative_value_spread,low_ic(ICIR=+0.0303),1,0.0044418297123580384,0.030281638628171056,0.004662374461189925,0.28867462812971306,0.0
assets_yoy,low_ic(ICIR=+0.0303),1,0.0021425086139705276,0.030322549566724658,0.00249306497607618,0.2886747893174419,0.0
quality_growth_nonlinear,low_ic(ICIR=+0.0303),1,0.0037056326044231837,0.03032594996260021,0.0018237732145100689,0.2886747884421967,0.0
asset_turn_neutral,low_ic(ICIR=+0.0303),1,0.0021425086139705276,0.030346376895962913,0.001278642310816482,0.28863265449397707,0.0
quality_growth_resonance,low_ic(ICIR=+0.0308),1,0.0021425086139705276,0.030773381527110726,0.003634723962989774,0.28867471653800614,0.0
eps_rank,low_ic(ICIR=+0.0311),1,0.0021425086139705276,0.03108358583501442,0.004556244701152615,0.28867003373304106,0.0
ebit_to_interest,low_ic(ICIR=+0.0312),1,0.0021425086139705276,0.031205729489660237,0.0021525217000234577,0.28353438426263605,0.0
holder_concentration_volatility,low_ic(ICIR=+0.0312),1,0.003191616283065466,0.03123958542743044,0.0013282785193315775,0.07734622937755989,4.506911730923215e-05
beta_60,low_ic(ICIR=+0.0317),1,0.00035506061391909046,0.03170256274564197,0.006766758691949486,0.2886747921988166,0.0
operating_profit_purity,low_ic(ICIR=+0.0317),1,0.002165012455697794,0.03172341136683659,0.000974287265840621,0.2886747752377755,0.0
depth_quality_composite,low_ic(ICIR=+0.0321),1,0.0021425086139705276,0.03214735160921277,0.00380110299188992,0.2886747768453694,0.0
float_mv_ratio,low_ic(ICIR=+0.0322),1,0.0015456210024425599,0.032213377995384915,0.003307107878633023,0.28867478673144,0.0
lower_shadow_ratio,low_ic(ICIR=+0.0326),1,0.0015452637986056192,0.03262677969745703,0.003010234272175834,0.2881843768875048,0.0
beta_120,low_ic(ICIR=+0.0331),1,0.00035577502159297195,0.03309308074699202,0.0073668983910556785,0.28867479219794795,0.0
quality_growth_composite,low_ic(ICIR=+0.0340),1,0.0021768001823168383,0.03402722719205108,0.002754911236232217,0.2886747294831963,0.0
chip_skew_momentum,low_ic(ICIR=+0.0341),1,0.001614204139135181,0.034063679053016306,0.002756460576673846,0.2886747909852364,0.0
roa_neutral,low_ic(ICIR=+0.0343),1,0.0021425086139705276,0.034277587568008784,0.0030102766835224536,0.2886312355502989,0.0
amortization_burden,low_ic(ICIR=+0.0345),1,0.002573296441321054,0.03453870090712581,0.0011420664727131858,0.21150787058348028,0.0011049720051204207
fcf_improvement_4q,low_ic(ICIR=+0.0346),1,0.0021768001823168383,0.03461546076781949,0.0010093980472719447,0.034399108546428005,0.005109795764660897
retained_earnings_ps,low_ic(ICIR=+0.0352),1,0.0021425086139705276,0.03523114165845583,0.004566805678063634,0.2886747873863457,0.0
long_debt_to_working_capital,low_ic(ICIR=+0.0358),1,0.0021425086139705276,0.03579679779690174,0.0018151140942178534,0.28672581429589095,0.0
roe_dt_neutral,low_ic(ICIR=+0.0358),1,0.0021425086139705276,0.0358392930203098,0.003487684170096078,0.288632344048687,0.0
corporate_governance_quality,low_ic(ICIR=+0.0360),1,0.01072754563100415,0.03596853495936779,0.0031729448021171605,0.2886747805749166,0.0
ocf_to_net_debt,low_ic(ICIR=+0.0362),1,0.0021425086139705276,0.03623770713225857,0.0021553563302478514,0.2750019538423685,0.0
roe_dt,low_ic(ICIR=+0.0364),1,0.0021425086139705276,0.03642804248508058,0.004947033975695987,0.28867478339031366,0.0
short_sell_intensity,low_ic(ICIR=+0.0367),1,0.1458563283303364,0.036674551890122295,0.004133755475313512,0.2848200664520769,0.0
big_order_divergence,low_ic(ICIR=+0.0375),1,0.0036102591799600076,0.0374795013275923,0.003746810547424221,0.2886747879244685,0.0
sector_spillover_impact_20,low_ic(ICIR=+0.0388),1,0.0,0.038798551141754026,0.00598394052720807,0.2887159491258501,0.0
mv_to_ebitda,low_ic(ICIR=+0.0402),1,0.0036874152087392064,0.04021488510187028,0.004801425899049439,0.28867478886134607,0.0
netprofit_margin_neutral,low_ic(ICIR=+0.0412),1,0.0021425086139705276,0.041238047836885956,0.0034386436263104153,0.2886323382823305,0.0
short_term_debt_ratio,low_ic(ICIR=+0.0418),1,0.0021425086139705276,0.04180163579428465,0.0032285893931767893,0.28792735930923463,0.0
sector_corr_to_market_20,low_ic(ICIR=+0.0419),1,0.0,0.04191087257610838,0.004607761659452632,0.29622527934278764,0.0
margin_smart_money_proxy,low_ic(ICIR=+0.0425),1,0.1467314777308412,0.04252078153951391,0.0029612209015841984,0.288674762937402,0.0
sentiment_value_gap,low_ic(ICIR=+0.0432),1,0.006506467889875486,0.043207744714700555,0.00223614819864724,0.2886747802813016,0.0
ulcer_index_20,low_ic(ICIR=+0.0433),1,0.0015566943213877226,0.04329943587069537,0.007643468912743873,0.2886747910132554,0.0
fcf_yield_size_neutral,low_ic(ICIR=+0.0438),1,0.0036874152087392064,0.04381008542561153,0.001864550181651692,0.28860419336924525,0.0
holder_num_change_qoq,low_ic(ICIR=+0.0439),1,0.00339772289698027,0.04390941216319962,0.001430402317368337,0.026032382895461382,9.62000962000962e-06
retained_earnings_ratio,low_ic(ICIR=+0.0444),1,0.0021425086139705276,0.044385156082095006,0.004937036391388115,0.28867479040954314,0.0
inventory_pressure,low_ic(ICIR=+0.0452),1,0.0021425086139705276,0.04520721203383876,0.004251332193405507,0.28865162263146926,0.0
f_score_profitability,low_ic(ICIR=+0.0454),1,0.0,0.04540939101867366,0.0036413324188025844,0.25433523402874036,0.0
asset_turn_stability_8q,low_ic(ICIR=+0.0456),1,0.0021768001823168383,0.04561178956128735,0.0016536520694465154,0.060149469556041626,0.0038558376061447797
chip_cost_kurtosis_20d,low_ic(ICIR=+0.0460),1,0.0015452637986056192,0.045953399144120693,0.003399278671212146,0.2886742086322568,0.0
profit_volatility_8q,low_ic(ICIR=+0.0470),1,0.0021768001823168383,0.047026403504896334,0.001713481186774205,0.06065288648731631,0.003981134706064428
holder_change_volatility,low_ic(ICIR=+0.0473),1,0.005281258729168765,0.04726716408948514,0.0015170209577521927,0.13709480100423557,0.004150425394934337
ocf_to_interest_debt,low_ic(ICIR=+0.0474),1,0.0021425086139705276,0.04739498360434878,0.0034530129298905084,0.28858554014865895,0.0
chip_dispersion,low_ic(ICIR=+0.0479),1,0.0016124181199504773,0.047899448121212225,0.006484326206617856,0.28867479098699605,0.0
holder_num_change_4q,low_ic(ICIR=+0.0485),1,0.0033959368777955667,0.04847096010894936,0.0016155709972183175,0.10214869627443517,2.570844851923354e-05
roe_stability_8q,low_ic(ICIR=+0.0493),1,0.0021768001823168383,0.04926171657035929,0.0017888799663023992,0.06062438665676646,0.0039943742588603535
mom_x_winner,low_ic(ICIR=+0.0501),1,0.0015638383981265373,0.05006888314833475,0.004996565172911537,0.28867478623848536,0.0
dividend_sustainability,low_ic(ICIR=+0.0510),1,0.04338097718110449,0.05097725852124501,0.002783435508697121,0.2707397714727361,0.0
ebt_yoy,redundant(high_corr),1,0.0021425086139705276,0.05149842506042452,0.004101158948914287,0.2886747902996321,0.0
netprofit_yoy,redundant(high_corr),1,0.0021425086139705276,0.05186686601388529,0.004204795126593303,0.2886747903454084,0.0
margin_cost_burden,low_ic(ICIR=+0.0528),1,0.14687650248863912,0.052822371934310386,0.009137187212614795,0.2886747593375172,0.0
current_debt_ratio,low_ic(ICIR=+0.0530),1,0.0021425086139705276,0.05304951438974696,0.005285020920872062,0.2886618556520315,0.0
eps_growth_4q,redundant(high_corr),1,0.0021425086139705276,0.0546557899934974,0.004319142480929774,0.28864979953781433,0.0
netprofit_margin,low_ic(ICIR=+0.0587),1,0.0021425086139705276,0.05868212381080447,0.006962798376585726,0.2886747897447448,0.0
factor_rolling_ir_proxy,low_ic(ICIR=+0.0587),1,0.0,0.05873798088168459,0.006536147297082683,0.2824272158306063,0.0
ocf_yoy_rank,redundant(high_corr),1,0.0021425086139705276,0.05966546398702708,0.0022479346293878383,0.28867479033597465,0.0
ocf_growth_4q,low_ic(ICIR=+0.0611),1,0.0021882307050989417,0.061113971266088786,0.001827029007926072,0.04056564802388692,0.004355134587335513
interest_income_ratio,low_ic(ICIR=+0.0638),1,0.002168941697904142,0.06379590589027428,0.006835816800636849,0.13540223030869328,0.0
chip_p90_p10_factor,low_ic(ICIR=+0.0643),1,0.0016124181199504773,0.06429688610834754,0.010258063543401337,0.28863480197631164,0.0
chip_tail_risk_change,low_ic(ICIR=+0.0668),1,0.001614204139135181,0.06679141458964001,0.00556147055176669,0.28867479098523646,0.0
chip_iqr_factor,low_ic(ICIR=+0.0676),1,0.0016124181199504773,0.06759499983987932,0.01074027242728504,0.2885469818161516,0.0
ncf_act_to_revenue,redundant(high_corr),1,0.0021425086139705276,0.06807298984561945,0.0056608806172877835,0.288674790409348,0.0
chip_skew_factor,low_ic(ICIR=+0.0687),1,0.0016124181199504773,0.06874876221957478,0.008993905191515727,0.28867479098699605,0.0
quality_orthogonal_to_size,redundant(high_corr),1,0.0036874152087392064,0.06900580678065463,0.006704909897228844,0.2886747887575099,0.0
index_sector_neutral_weight,high_nan(0.800),1,0.7997908214330876,0.07124238982549659,0.006145298407248776,0.28867356759758805,0.0
factor_weight_ewma_vol,low_ic(ICIR=+0.0730),1,0.06784944001154483,0.07301103986152468,0.011796823603952426,0.28867476913439805,0.0
adx_14,low_ic(ICIR=+0.0741),1,0.0015516934676705523,0.07405251868380544,0.006270535375768362,0.288674791018224,0.0
accruals_quality_8q,redundant(high_corr),1,0.0021768001823168383,0.07580687190978586,0.004262960005848642,0.2886747903746211,0.0
roe_acceleration_4q,low_ic(ICIR=+0.0767),1,0.0021768001823168383,0.07671923891165366,0.0030343893085910288,0.03549132608009152,0.005331048643374945
tata,redundant(high_corr),1,0.0021425086139705276,0.07866850402175615,0.004389813416342756,0.2886747904095432,0.0
index_marginal_contribution,high_nan(0.800),1,0.8001344515242245,0.08203193421469704,0.010837453505440813,0.2886736026291642,0.0
overnight_momentum_20,redundant(high_corr),1,0.0015502646523227893,0.08358665798374038,0.0072449127262217685,0.28867479101964066,0.0
sector_momentum_dispersion,redundant(high_corr),1,0.003874947223133092,0.09256497891052562,0.013317313458657902,0.2885826913871109,0.0
ocf_to_profit,redundant(high_corr),1,0.0021425086139705276,0.09316629942381692,0.0060095278499895256,0.2881766251526867,0.0
sp_ttm,low_ic(ICIR=+0.0935),1,0.0022750312374755404,0.09349452753330274,0.011467148183807205,0.28867375740392054,0.0
dp_ttm,redundant(high_corr),1,0.0015456210024425599,0.09361328226440489,0.013515204084158442,0.28622206610510176,0.0
index_weight_acceleration,high_nan(0.804),1,0.8042015744116316,0.10072271112333306,0.014688383010502196,0.2837245683254011,0.0
pledge_ratio,redundant(high_corr),1,0.005387705472577105,0.10337164485848392,0.005514998415814863,0.27577623281625646,0.0
pledge_risk,redundant(high_corr),1,0.005387705472577105,0.10337164485848392,0.005514998415814863,0.27577623281625646,0.0
index_float_adj_weight,redundant(high_corr),1,0.0015456210024425599,0.10616370046832997,0.003711624220126366,0.2828378513190925,0.0
open_auction_ret,redundant(high_corr),1,0.004759026719561411,0.10726290491161557,0.010051721487251034,0.28781546526957474,0.0
open_auction_intensity,redundant(high_corr),1,0.001553479486855256,0.11207573662079973,0.009763493243044312,0.2877771748392779,0.0
overnight_gap_momentum,redundant(high_corr),1,0.0015452637986056192,0.11221002948493225,0.010537666716728697,0.28786229761255566,0.0
quality_x_value,redundant(high_corr),1,0.006583623918654685,0.11749736816299171,0.020003936039567086,0.2886747777906177,0.0
value_quality_resonance,redundant(high_corr),1,0.006583623918654685,0.11750488672556275,0.0200058647744773,0.28867478343713926,0.0
disposition_effect,redundant(high_corr),1,0.0015452637986056192,0.11887964059961573,0.018341960360839182,0.2886747902104893,0.0
bp_size_neutral,redundant(high_corr),1,0.0044418297123580384,0.12199478778810487,0.021474548302198627,0.2886737974769196,0.0
winner_rate_change_5d,redundant(high_corr),1,0.0015470498177903229,0.12277153639650758,0.015444955537356761,0.28867477217245385,0.0
winner_rate_momentum_5d,redundant(high_corr),1,0.0015470498177903229,0.12277153639650758,0.015444955537356761,0.28867477217245385,0.0
bp_x_roe,redundant(high_corr),1,0.006583623918654685,0.12396631825751957,0.01968162472093047,0.288674784427617,0.0
min_ret_20,redundant(high_corr),1,0.0015502646523227893,0.12404287780677656,0.022490262449783652,0.2886747266512421,0.0
down_volatility_20,redundant(high_corr),1,0.001549550244648908,0.12481185876320794,0.024817812994257015,0.2886747910203475,0.0
bp_down_market_defense,redundant(high_corr),1,0.0044418297123580384,0.12577456594016087,0.022759390200959632,0.2886732060650222,0.0
index_style_exposure_value,redundant(high_corr),1,0.0044418297123580384,0.12577456594016087,0.022759390200959632,0.2886732060650222,0.0
donchian_position_60,redundant(high_corr),1,0.0015452637986056192,0.12893673721782042,0.021896434636255954,0.2878985942464305,0.0
index_exclusion_risk,high_nan(0.785),1,0.7850729517396184,0.13500082224233617,0.014385241574377608,0.28137433255394256,0.0
winner_rate,redundant(high_corr),1,0.0015452637986056192,0.13616462430538753,0.019877539154410435,0.28867474085547795,0.0
winner_rate_reversal_signal,redundant(high_corr),1,0.0015452637986056192,0.13627600049693392,0.0198949820354251,0.28867473475780714,0.0
reversal_3,redundant(high_corr),1,0.0015506218561597302,0.14370467048403202,0.022817446782521077,0.28867280257096123,0.0
mf_mid_order_ratio,redundant(high_corr),1,0.003609901976123067,0.14694163213076475,0.007532836875437419,0.2886747889780731,0.0
reversal_20,redundant(high_corr),1,0.0015638383981265373,0.15310905800954525,0.026300327541220234,0.2886746952249955,0.0
bollinger_squeeze,redundant(high_corr),1,0.001549550244648908,0.1543798519786107,0.02798850644188839,0.2886747910203475,0.0
bollinger_width_20,redundant(high_corr),1,0.001549550244648908,0.1543798519786107,0.02798850644188839,0.2886747910203475,0.0
bollinger_position_20,redundant(high_corr),1,0.001549550244648908,0.1568129000272094,0.02471495669716104,0.2886747910203475,0.0
reversal_5,redundant(high_corr),1,0.0015513362638336116,0.15789853238947563,0.02549297706845646,0.28867386251540617,0.0
index_weight_momentum_coupling,high_nan(0.801),1,0.8010292471357611,0.16400644731146016,0.029200290985827545,0.28867358251425174,0.0
reversal_10,redundant(high_corr),1,0.0015552655060399596,0.16401328688629388,0.026611118742001283,0.28867446920558415,0.0
rv_semi_down,redundant(high_corr),1,0.0047583123118875295,0.1644591040900615,0.023839184200420256,0.28865756263356257,0.0
size_neutral_reversal,redundant(high_corr),1,0.001564195601963478,0.16466084642366147,0.026504408062448796,0.2886746914887659,0.0
turnover_anomaly_mean_20d,redundant(high_corr),1,0.0015499074484858486,0.16476889686810725,0.033788235144777974,0.2886747617920427,0.0
keltner_position_20,redundant(high_corr),1,0.001549550244648908,0.16511103901990432,0.026838474321566393,0.2886747909777894,0.0
amount_ratio_20,redundant(high_corr),1,0.001549550244648908,0.18204618039405357,0.021061177688341152,0.28867479102034754,0.0
volume_ratio_20,redundant(high_corr),1,0.001549550244648908,0.18369012821356057,0.01962039144732219,0.2886747910203475,0.0
chip_profit_loss_ratio,redundant(high_corr),1,0.0015452637986056192,0.1884252316949603,0.026781709504668322,0.2886746864049079,0.0
pb_percentile_5y,high_nan(0.249),1,0.24866566506710788,0.18986935104235095,0.029313583864226805,0.28863911686603244,0.0
amplitude_20,redundant(high_corr),1,0.001549550244648908,0.19028974211054522,0.03970181344518312,0.2886747910203475,0.0
high_low_spread_20,redundant(high_corr),1,0.001549550244648908,0.19146361954882635,0.03986790818377364,0.2886747910203475,0.0
holder_num_change_yoy,redundant(high_corr),1,0.0053494846620244455,0.19182169723043355,0.005555374063485143,0.1360356156338207,0.00429345601646245
bp_neutral,redundant(high_corr),1,0.0044418297123580384,0.19425311978232684,0.018248911589802432,0.28863424044941516,0.0
turnover_orthogonal_to_mv,redundant(high_corr),1,0.0015499074484858486,0.1960225836530818,0.038040171139222215,0.2886747834448644,0.0
turnover_vol_20,redundant(high_corr),1,0.0015499074484858486,0.19619243148620658,0.03669357905348029,0.2886747910194068,0.0
pct_chg_vol_20,redundant(high_corr),1,0.001549550244648908,0.19625756053016452,0.03860865522258439,0.2886747910197605,0.0
volatility_20,redundant(high_corr),1,0.0015502646523227893,0.19626226843493036,0.03859237357874067,0.28867479101964066,0.0
ret_range_20,redundant(high_corr),1,0.0015502646523227893,0.19863011553647703,0.03601813332984913,0.28867479097369964,0.0
cost_displacement,redundant(high_corr),1,0.0015452637986056192,0.203353694335944,0.02956464001364907,0.2886747307127914,0.0
factor_rank_bimodality,redundant(high_corr),1,0.0,0.21007781698149305,0.014234331750912852,0.28867479225271797,0.0
rv_daily,redundant(high_corr),1,0.0047583123118875295,0.21300104587865626,0.031071740586964262,0.28865756317999053,0.0
lottery_stock_indicator,redundant(high_corr),1,0.0015502646523227893,0.2216516044397248,0.03963767457367913,0.28867479101964066,0.0
realized_spread_5min,redundant(high_corr),1,0.004769385630832692,0.22675260774401154,0.03920232077783582,0.2886575632088313,0.0
turnover_20_industry_neutral,redundant(high_corr),1,0.0015499074484858486,0.22737450258970687,0.027364928171885988,0.2886692987076911,0.0
volume_rv_ratio,redundant(high_corr),1,0.007010125299961922,0.23458821682858078,0.03911690294514669,0.28867478536760083,0.0
up_volatility_20,redundant(high_corr),1,0.001549550244648908,0.2385399517559469,0.040882817075577366,0.2886747910203475,0.0
intraday_high_low_volatility,redundant(high_corr),1,0.0015499074484858486,0.23899231386113826,0.03861223989772546,0.2886589028706222,0.0
rv_30min,redundant(high_corr),1,0.0047583123118875295,0.24066026373804242,0.040619700876218676,0.2886575631570956,0.0
index_weight_trend_3m,high_nan(0.801),1,0.8006849026369501,0.24128156769947873,0.03691440606726166,0.2886595811213307,0.0
relative_spread,redundant(high_corr),1,0.0047583123118875295,0.24171111895156952,0.04013906966571974,0.28865872641604245,0.0
hl_range_intraday,redundant(high_corr),1,0.0047583123118875295,0.2418548664422994,0.04014621157024712,0.2886586981179711,0.0
parkinson_vol,redundant(high_corr),1,0.0047583123118875295,0.2418548664422994,0.04014621157024712,0.2886586981179711,0.0
rv_15min,redundant(high_corr),1,0.0047583123118875295,0.2492841934071596,0.04273287743505115,0.2886575631570956,0.0
rv_5min,redundant(high_corr),1,0.0047583123118875295,0.2517138933645354,0.04187695997104283,0.2886575631570956,0.0
rv_10min,redundant(high_corr),1,0.0047583123118875295,0.25223068432590007,0.0430736342093023,0.2886575631570956,0.0
volume_profile_kurt,redundant(high_corr),1,0.0047583123118875295,0.2539168724880491,0.016195061571659643,0.2886747873949087,0.0
dt_crowded_trade_warning,redundant(high_corr),1,0.001546692613953382,0.27390442828627,0.026729264915753583,0.15253028375666994,0.0
limit_event_frequency_20d,redundant(high_corr),1,0.0015452637986056192,0.2753718844523732,0.031183467942203284,0.1891369452031271,0.0
sector_relative_volatility_20,redundant(high_corr),1,0.0015502646523227893,0.2825383191249276,0.031286339144671785,0.28866938457619334,0.0
volatility_20_industry_neutral,redundant(high_corr),1,0.0015502646523227893,0.2825383191249276,0.031286339144671785,0.28866938457619334,0.0
rq_intraday,redundant(high_corr),1,0.007010125299961922,0.3153721593518154,0.029183732247896374,0.28867478506558775,0.0
index_weight_change,high_nan(0.801),1,0.8006849026369501,0.3811969131260036,0.05663528290355052,0.28864039512910034,0.0
liquidity_resilience,high_nan(0.255),1,0.25533716112965,0.38955542433311585,0.018454737824302576,0.28867472661311283,0.0
index_weight_change_mom,high_nan(0.801),1,0.8005259469295115,0.5515033676287625,0.08654472844870092,0.14852573362277208,0.0
credit_impair_risk,low_var(std=0.0000),1,0.002168941697904142,,,8.716558135156974e-15,0.0
cs_spread_20,low_var(std=0.0000),1,0.001561695175104893,,,1.1921505581991823e-14,0.0
day_of_week_effect,low_var(std=0.0000),1,0.0015452637986056192,,,1.1948925475916365e-14,0.0
dt_smart_money_tracking,low_var(std=0.0000),1,0.0015452637986056192,,,1.1948925475916365e-14,0.0
factor_outlier_frequency,low_var(std=0.0000),1,0.018459579885423297,,,2.19824158875781e-14,0.0
lease_leverage,low_var(std=0.0000),1,0.0021425086139705276,,,8.663273083561343e-15,0.0
month_start_effect_3m,low_var(std=0.0000),1,0.0015452637986056192,,,1.1948925475916365e-14,0.0
ocf_profit_ratio,high_nan(1.000),1,1.0,,,,
pledge_tail_risk,low_var(std=0.0000),1,0.00694118495943236,,,1.2625518425487419e-14,0.0
turn_of_month_effect,low_var(std=0.0000),1,0.0015452637986056192,,,1.1948925475916365e-14,0.0
