factor_a,factor_b,correlation,n_dates
all_a_relative_strength_20,benchmark_relative_return_20,1.0,20
am_hl_range_intraday,sqrt_am_hl_range_intraday,1.0,20
factor_crowding_proxy_20,pledge_change_signal,1.0,20
factor_crowding_proxy_20,sector_diversification,1.0,20
factor_cs_tail_ratio,factor_rank_bimodality,1.0,20
fund_flow_price_resonance,sentiment_momentum_confirmation,1.0,20
fcf_to_equity,fcf_yield,1.0,20
fund_flow_volatility_20,mf_net_inflow_volatility_20d,1.0,20
fund_flow_volatility_20,mf_flow_volatility_20d,1.0,20
gap_ratio,overnight_gap_momentum,1.0,20
illusory_diversification,log_volatility_20,1.0,20
factor_anti_crowding,factor_crowding_proxy_20,1.0,20
factor_anti_crowding,pledge_change_signal,1.0,20
factor_anti_crowding,sector_diversification,1.0,20
hl_range_intraday,parkinson_vol,1.0,20
herding_intensity,sqrt_herding_intensity,1.0,20
high_low_spread_20,sqrt_high_low_spread_20,1.0,20
quality_value_garp,value_quality_resonance,1.0,20
bp_down_market_defense,index_style_exposure_value,1.0,20
bp,bp_down_market_defense,1.0,20
bp,index_style_exposure_value,1.0,20
quality_turnover_divergence,roe_turnover_interaction,1.0,20
bollinger_squeeze,bollinger_width_20,1.0,20
pledge_ratio,pledge_risk,1.0,20
rd_expense_to_revenue,rd_intensity,1.0,20
ret_range_20,sqrt_ret_range_20,1.0,20
relative_spread,sqrt_relative_spread,1.0,20
ret_kurt_intraday,rq_intraday,1.0,20
turnover_20,turnover_anomaly_mean_20d,1.0,20
assets_turn,ext_assets_turnover_factor,1.0,20
assets_yoy,ext_assets_yoy_factor,1.0,20
ca_turn,ext_ca_turnover_factor,1.0,20
bp_roe_divergence,bp_x_roe,1.0,20
chip_concentration,chip_dispersion_width,1.0,20
bps_yoy,ext_bps_yoy_factor,1.0,20
breakout_with_fund_flow,fund_flow_price_resonance,1.0,20
breakout_with_fund_flow,sentiment_momentum_confirmation,1.0,20
concept_concentration,factor_crowding_proxy_20,1.0,20
circ_mv_to_total_mv,index_float_adj_weight,1.0,20
concept_concentration,factor_anti_crowding,1.0,20
chip_concentration_zone,winner_rate_reversal_signal,1.0,20
holder_momentum_confirmation,holder_smart_money_proxy,1.0,20
log_hl_range_intraday,log_parkinson_vol,1.0,20
intraday_ret,intraday_ret_momentum,1.0,20
lg_sm_divergence,mf_big_small_divergence,1.0,20
pledge_change_signal,sector_diversification,1.0,20
ext_salescash_to_or_factor,salescash_quality_ext,1.0,20
ext_free_cashflow_raw,fcf_yield,1.0,20
ext_intangible_assets_ratio,intan_assets_ratio,1.0,20
ext_free_cashflow_raw,fcf_to_equity,1.0,20
ext_fa_turnover_factor,fa_turn,1.0,20
ext_roic_factor,roic,1.0,20
ext_roa_factor,roa,1.0,20
ext_short_term_debt_ratio,short_term_debt_ratio,1.0,20
ext_salescash_to_or_factor,salescash_to_or,1.0,20
ext_revenue_yoy_factor,or_yoy,1.0,20
ext_quick_ratio_factor,quick_ratio,1.0,20
concept_concentration,pledge_change_signal,1.0,20
mom_60_vol_adj,return_stability_60,1.0,20
lottery_stock_indicator,sqrt_lottery_stock_indicator,1.0,20
ext_ocf_to_or_factor,ocf_to_sales_rank,1.0,20
ext_ocf_yoy_factor,ocf_yoy_rank,1.0,20
ext_op_yoy_factor,op_yoy,1.0,20
margin_concentration_hhi,margin_utilization_rate,1.0,20
margin_buy_strength,margin_net_open,1.0,20
current_ratio,ext_current_ratio_factor,1.0,20
ext_netprofit_yoy_factor,netprofit_yoy,1.0,20
ext_inventory_turnover_factor,inv_turn,1.0,20
ext_mf_big_order_net_amount_ratio,mf_big_order_ratio,1.0,20
ext_mf_small_order_amount_ratio,small_order_crowding,1.0,20
ext_inventory_to_assets,inventory_pressure,1.0,20
dp_ttm,dv_ttm_rank,1.0,20
dt_appearance_frequency_20d,ext_dt_reason_diversity_20d,1.0,20
medium_order_flow,mf_mid_order_ratio,1.0,20
mf_big_order_turnover_ratio,order_concentration,1.0,20
mf_net_persistent_5d,net_mf_flow_persistence,1.0,20
mf_net_inflow_ratio,net_mf_amount_intensity,1.0,20
max_ret_20,sqrt_max_ret_20,1.0,20
max_ret_intraday,sqrt_max_ret_intraday,1.0,20
ebt_yoy,ext_ebt_yoy_factor,1.0,20
low_vol_quality_coupling,vol_quality_defensive,1.0,20
cash_to_assets,ext_cash_to_assets,1.0,20
margin_leverage_ratio,margin_to_float_mv,1.0,20
cash_ratio,ext_cash_ratio_factor,1.0,20
debt_to_equity_rank,ext_debt_to_equity_factor,1.0,20
cs_dispersion_20,sector_momentum_dispersion,1.0,20
contract_liab_ratio,contract_liab_to_revenue,1.0,20
contract_assets_ratio,ext_contract_assets_ratio,1.0,20
concept_concentration,sector_diversification,1.0,20
turnover_std_20,turnover_vol_20,1.0,20
sqrt_turnover_std_20,sqrt_turnover_vol_20,1.0,20
mf_flow_volatility_20d,mf_net_inflow_volatility_20d,1.0,20
mf_elg_order_ratio,super_large_order_intensity,1.0,20
earnings_announcement_drift,eps_growth_4q,1.0,20
sector_relative_turnover,turnover_20_industry_neutral,1.0,20
sqrt_turnover_std_20,turnover_std_20,1.0,20
avg_holding_mv,holder_retail_inst_ratio,1.0,20
roe_neutral,sector_eps_leadership,1.0,20
return_stability_60,ts_mom_vol_scaled_60,1.0,20
sqrt_turnover_vol_20,turnover_vol_20,1.0,20
sector_relative_volatility_20,volatility_20_industry_neutral,1.0,20
sqrt_turnover_std_20,turnover_vol_20,1.0,20
tax_burden_ratio,tax_to_ebt,1.0,20
sqrt_turnover_vol_20,turnover_std_20,1.0,20
mom_5,overreaction_indicator_5d,1.0,20
am_pm_vol_ratio,am_vol_share,1.0,20
mom_60_vol_adj,ts_mom_vol_scaled_60,1.0,20
ar_turn,ext_ar_turnover_factor,1.0,20
salescash_quality_ext,salescash_to_or,1.0,20
ebit_to_interest,ext_interest_coverage_factor,1.0,20
winner_rate_change_5d,winner_rate_momentum_5d,1.0,20
ma_convergence_20_60,ma_distance_20_60,0.9999999999500329,20
ext_dt_institution_count,ext_dt_reason_diversity_20d,0.9999999978449253,20
dt_appearance_frequency_20d,ext_dt_institution_count,0.9999999978449253,20
down_volatility_20,downside_vol_20,0.9999999970304678,20
mf_big_order_ratio,smart_money_concentration,0.9999999937766632,20
ext_mf_big_order_net_amount_ratio,smart_money_concentration,0.9999999937766632,20
price_position_60,ts_price_self_rank_60,0.999999993343172,20
benchmark_relative_return_20,pre_holiday_effect,0.9999999883695654,20
all_a_relative_strength_20,pre_holiday_effect,0.9999999883695654,20
cash_change_ratio,ext_cash_equivalents_change,0.9999999803189323,20
holder_concentration_momentum,holder_num_change_yoy,0.999999916658324,20
index_style_exposure_growth,quality_growth_resonance,0.9999992513078876,20
chip_cost_asymmetry,chip_skewness_ratio,0.9999990049430725,20
size_quality_divergence,small_quality_premium,0.9999989938197655,20
debt_to_assets,ext_equity_to_asset_factor,0.9999989297331335,20
pct_chg_vol_20,volatility_20,0.9999987504148107,20
quality_x_value,value_quality_resonance,0.9999971836746662,20
quality_value_garp,quality_x_value,0.999997183674666,20
winner_rate,winner_rate_reversal_signal,0.9999969179587463,20
chip_concentration_zone,winner_rate,0.9999969179587463,20
margin_balance_change,margin_buy_strength,0.9999957919782189,20
margin_balance_change,margin_net_open,0.9999957919782189,20
chip_cost_skew,cost_distribution_skew,0.9999911470988522,20
mf_big_order_vol_ratio,smart_money_concentration,0.9999735675540485,20
mf_big_order_ratio,mf_big_order_vol_ratio,0.9999735490526674,20
ext_mf_big_order_net_amount_ratio,mf_big_order_vol_ratio,0.9999735490526674,20
hl_range_intraday,relative_spread,0.9999721642393832,20
hl_range_intraday,sqrt_relative_spread,0.9999721642393832,20
parkinson_vol,sqrt_relative_spread,0.9999721642393832,20
parkinson_vol,relative_spread,0.9999721642393832,20
mf_net_inflow_ratio,mf_net_vol_intensity,0.9999702048871655,20
mf_net_vol_intensity,net_mf_amount_intensity,0.9999702048871655,20
index_passive_demand_pressure,index_passive_flow_estimate,0.999968928389906,20
chip_dispersion_width,cost_distribution_width,0.9999678817076356,20
chip_concentration,cost_distribution_width,0.9999678817076356,20
amplitude_20,high_low_spread_20,0.9999380009851443,20
amplitude_20,sqrt_high_low_spread_20,0.9999380009851443,20
dt_net_amount_persistence_10d,ext_dt_smart_money_divergence,0.999802445464643,20
ca_to_assets,ext_current_assets_ratio,0.9996555059972874,20
ret_std_intraday,rv_5min,0.9996099568087867,20
log_ret_std_intraday,log_rv_5min,0.9996096185436386,20
non_current_liab_ratio,noncurrent_exint_rank,0.9994953680326377,20
ext_fair_value_change_ratio,fair_value_dependency,0.9994003286166786,20
ebitda_margin_rank,ext_ebitda_margin_factor,0.9992614887700828,20
anchoring_to_52w_high,price_to_52w_high_dist,0.9991297332326908,20
anchoring_to_52w_low,price_to_52w_low_dist,0.9991140126517711,20
holder_change_volatility,holder_num_stability,0.9987963872960132,20
mom_60_sharpe,ts_mom_vol_scaled_60,0.9987186368766275,20
mom_60_sharpe,mom_60_vol_adj,0.9987186368766275,20
mom_60_sharpe,return_stability_60,0.9987186368766275,20
chip_position,chip_profit_loss_ratio,0.9979168272720491,20
revenue_ps_rank,total_revenue_ps,0.9977271826764984,20
all_a_relative_strength_20,mom_20,0.9975130999720863,20
benchmark_relative_return_20,mom_20,0.9975130999720863,20
mom_20,pre_holiday_effect,0.9975130219845187,20
ext_q_profit_margin_fi,q_netprofit_margin,0.997483762533317,20
dt_crowded_trade_warning,ext_dt_net_buy_ma_20d,0.9974115107064282,20
index_rebalance_anticipation,index_weight_change,0.9973698505721182,20
nca_to_assets,non_current_asset_ratio,0.9972096822691492,20
mom_20,residual_momentum_20,0.9970581984395936,20
margin_short_crowding,short_balance_ratio,0.9964467840288261,20
ext_limit_consecutive_max_20d,ext_limit_up_count_20d,0.9962832658130857,20
mom_60_sharpe,sortino_ratio_60,0.9960545649732877,20
roe,roe_waa,0.9957788419267871,20
sector_momentum_rotation,sector_rel_strength_5d,0.9957337124291236,20
q_gr_qoq_rank,q_sales_qoq,0.9956787682273855,20
board_relative_strength_20,pre_holiday_effect,0.9954962555009835,20
all_a_relative_strength_20,board_relative_strength_20,0.9954962442142611,20
benchmark_relative_return_20,board_relative_strength_20,0.9954962442142611,20
ext_financial_expense_to_revenue_fi,financial_expense_ratio,0.9953658070830554,20
limit_event_frequency_20d,limit_event_volatility,0.995008852041115,20
mom_60_vol_adj,sortino_ratio_60,0.9947277053717443,20
sortino_ratio_60,ts_mom_vol_scaled_60,0.9947277053717443,20
return_stability_60,sortino_ratio_60,0.9947277053717443,20
ext_dt_buy_sell_ratio,ext_dt_net_buy_pressure,0.9946600728248333,20
earnings_season_effect,mom_60,0.9945615699460953,20
margin_leverage_ratio,total_margin_ratio,0.9944998130650801,20
margin_to_float_mv,total_margin_ratio,0.9944998130650801,20
goodwill_risk,goodwill_to_equity,0.9942976378533688,20
pre_holiday_effect,residual_momentum_20,0.9942290373075394,20
benchmark_relative_return_20,residual_momentum_20,0.994228772176605,20
all_a_relative_strength_20,residual_momentum_20,0.994228772176605,20
amount_ratio_20,volume_ratio_20,0.9941018383760731,20
assets_to_eqt,ext_debt_to_equity_factor,0.9939587615523182,20
assets_to_eqt,debt_to_equity_rank,0.9939587615523182,20
chip_cost_asymmetry,cost_skew_ratio,0.9933034084378864,20
chip_skewness_ratio,cost_skew_ratio,0.9932922465898233,20
board_relative_strength_20,mom_20,0.993170117855616,20
intraday_trend_strength,path_efficiency,0.9927875385646827,20
dollar_volume_growth_20,volume_momentum_5,0.992696724494446,20
debt_to_assets,eqt_to_debt_rank,0.9922046806714407,20
eqt_to_debt_rank,ext_equity_to_asset_factor,0.9922025013975198,20
close_auction_pressure,close_position,0.9920699726803017,20
ext_bps_factor,index_style_exposure_value,0.9917617339774376,20
bp_down_market_defense,ext_bps_factor,0.9917617339774376,20
bp,ext_bps_factor,0.9917617339774376,20
debt_to_equity,debt_to_equity_rank,0.9916131811457047,20
debt_to_equity,ext_debt_to_equity_factor,0.9916131811457047,20
close_position_intraday_20,close_to_high_ratio_20,0.9915846775862514,20
or_yoy,tr_yoy,0.991242841469189,20
ext_revenue_yoy_factor,tr_yoy,0.991242841469189,20
retained_earnings_ps,undistributed_profit_ps,0.9906881360932346,20
high_low_volatility_20,sqrt_high_low_spread_20,0.9903169357200025,20
high_low_spread_20,high_low_volatility_20,0.9903169357200025,20
amplitude_20,high_low_volatility_20,0.9901651953645618,20
log_amplitude_20,log_high_low_volatility_20,0.9901619300547593,20
board_relative_strength_20,residual_momentum_20,0.9899918107577319,20
minority_interest_ratio,uf_minority_interest_ratio,0.9899204074059809,20
cfps_yoy,ocf_yoy_rank,0.989502482398629,20
cfps_yoy,ext_ocf_yoy_factor,0.989502482398629,20
ext_roa_dp_signal,npta,0.9894070157671229,20
ebitda_margin_rank,ebitda_rank,0.9893619225796755,20
ext_mf_amount_concentration,mf_order_size_entropy,0.9893185386263275,20
ebitda_rank,ext_ebitda_margin_factor,0.988623919847601,20
ps_ttm_rank,sp_ttm,0.9885443121310894,20
chip_concentration_ma5,cost_distribution_width,0.98827875986802,20
chip_concentration,chip_concentration_ma5,0.9882710115809157,20
chip_concentration_ma5,chip_dispersion_width,0.9882710115809157,20
reversal_20,size_neutral_reversal,0.9879334361811353,20
pledge_market_impact,pledge_ratio,0.9875035356123776,20
pledge_market_impact,pledge_risk,0.9875035356123776,20
momentum_quality_liquidity_triple,quality_momentum_nonlinear,0.9873409375900799,20
ext_operating_profit_to_revenue_fi,netprofit_margin,0.9869279767593628,20
gap_ratio,open_auction_ret,0.9866010194029471,20
open_auction_ret,overnight_gap_momentum,0.9866010194029471,20
avg_cost_premium,chip_mean_distance,0.9865018964472462,20
rv_10min,rv_15min,0.9864673506190009,20
log_rv_10min,log_rv_15min,0.9864576631382105,20
assets_to_eqt,debt_to_equity,0.9855595056759686,20
amplitude_20,atr_ratio_20,0.9848678038947221,20
ps_ttm_rank,sp_raw,0.9841507784747078,20
atr_ratio_20,sqrt_high_low_spread_20,0.9841281567219402,20
atr_ratio_20,high_low_spread_20,0.9841281567219402,20
chip_cr3_factor,chip_peak_purity,0.984109087126364,20
intraday_reversal_intensity,intraday_trend_strength,0.983884075901638,20
all_a_relative_strength_20,momentum_volatility_ratio,0.9837938005064097,20
benchmark_relative_return_20,momentum_volatility_ratio,0.9837938005064097,20
momentum_volatility_ratio,pre_holiday_effect,0.9837935396395718,20
debt_to_equity,ext_dp_assets_to_equity,0.9832076166915753,20
ext_equity_to_interest_debt,tang_asset_to_int_debt,0.9830683641597243,20
volume_profile_kurt,volume_profile_skew,0.9824381004538489,20
ext_receivables_to_assets,receivable_pressure,0.9816585253758046,20
ext_long_term_debt_ratio,long_term_debt_ratio,0.9814507914737458,20
advance_receipts_ratio,ext_advance_receipts_ratio,0.9812407037488597,20
lottery_stock_indicator,up_volatility_20,0.9810293420126097,20
sqrt_lottery_stock_indicator,up_volatility_20,0.9810293420126097,20
assets_to_eqt,debt_to_assets,0.9803702657485542,20
assets_to_eqt,ext_equity_to_asset_factor,0.980291133044745,20
ma_distance_5_20,vwap_momentum_5d,0.9799399144808927,20
quality_orthogonal_to_size,roe_size_neutral,0.9799389128831603,20
log_hl_range_intraday,log_intraday_high_low_volatility,0.979766241148497,20
log_intraday_high_low_volatility,log_parkinson_vol,0.979766241148497,20
sp_raw,sp_ttm,0.9794253935665134,20
board_relative_strength_20,momentum_volatility_ratio,0.9791397254321332,20
bp_size_neutral,index_style_exposure_value,0.9788080435300053,20
bp,bp_size_neutral,0.9788080435300051,20
bp_down_market_defense,bp_size_neutral,0.9788080435300051,20
ebitda_rank,ebitda_to_ev,0.9785619098332342,20
intraday_high_low_volatility,parkinson_vol,0.9778339568822091,20
hl_range_intraday,intraday_high_low_volatility,0.9778339568822091,20
intraday_high_low_volatility,relative_spread,0.9777223682411937,20
intraday_high_low_volatility,sqrt_relative_spread,0.9777223682411937,20
atr_ratio_20,high_low_volatility_20,0.9772317018957377,20
turnover_20_size_neutral,turnover_orthogonal_to_mv,0.9771332403447011,20
mom_20,momentum_orthogonal_to_value,0.9769046068900916,20
intraday_reversal_intensity,path_efficiency,0.9768094262875578,20
ext_ebt_yoy_factor,ext_op_yoy_factor,0.9763068114268174,20
ebt_yoy,ext_op_yoy_factor,0.9763068114268174,20
ebt_yoy,op_yoy,0.9763068114268174,20
ext_ebt_yoy_factor,op_yoy,0.9763068114268174,20
ebitda_rank,ebitda_to_debt_rank,0.9762953652883086,20
ebitda_margin_rank,ebitda_to_debt_rank,0.976130062572968,20
mom_20_sharpe,mom_20_vol_adj,0.9760193011603272,20
ext_q_sga_ratio_fi,ext_sga_to_revenue,0.9757904231405448,20
ext_tb_assets_ratio,tang_asset_to_debt,0.9754113469557785,20
ebitda_to_debt_rank,ebitda_to_ev,0.975404391205499,20
ebitda_to_debt_rank,ext_ebitda_margin_factor,0.975391952055318,20
mom_20,momentum_volatility_ratio,0.9753359157817645,20
ext_op_to_liquid_debt,op_to_debt_rank,0.9751307228867698,20
deferred_tax_liab_ratio,uf_deferred_tax_liab_ratio,0.9749821197898658,20
bv_daily,rv_daily,0.9746162808210974,20
debt_to_equity,eqt_to_debt_rank,0.9745673570549112,20
corporate_governance_quality,governance_risk_composite,0.9745421275184057,20
momentum_orthogonal_to_value,residual_momentum_20,0.9745166860753051,20
debt_to_assets,ext_debt_to_equity_factor,0.9743420611911644,20
debt_to_assets,debt_to_equity_rank,0.9743420611911644,20
ext_debt_to_equity_factor,ext_equity_to_asset_factor,0.974285199973332,20
debt_to_equity_rank,ext_equity_to_asset_factor,0.974285199973332,20
benchmark_relative_return_20,momentum_orthogonal_to_value,0.9741081859026005,20
all_a_relative_strength_20,momentum_orthogonal_to_value,0.9741081859026005,20
momentum_orthogonal_to_value,pre_holiday_effect,0.9741078490199377,20
mom_20,mom_20_size_neutral,0.9740231775266215,20
capital_intensity_ext,ext_capitalized_to_da_factor,0.9739870112575749,20
calmar_ratio_60,mom_60_sharpe,0.9735155095265353,20
open_auction_intensity,overnight_gap_momentum,0.9733964494512388,20
gap_ratio,open_auction_intensity,0.9733964494512388,20
concept_momentum_5d,concept_overlap_premium,0.9729401680987925,20
fcf_to_equity,fcf_yield_size_neutral,0.9728035144828844,20
fcf_yield,fcf_yield_size_neutral,0.9728035144828844,20
ext_free_cashflow_raw,fcf_yield_size_neutral,0.9728035144828844,20
holder_distribution_signal,holder_momentum_confirmation,0.9727024529798586,20
holder_distribution_signal,holder_smart_money_proxy,0.9727024529798586,20
assets_to_eqt,eqt_to_debt_rank,0.9726184715121462,20
expense_to_sales,ext_q_expense_ratio_fi,0.9725236285874536,20
rv_10min,rv_5min,0.9724956103121338,20
log_rv_10min,log_rv_5min,0.9724741180589692,20
ebitda_to_ev,ext_ebitda_margin_factor,0.9723374605976657,20
volatility_20,volatility_20_size_neutral,0.9722433319236543,20
pct_chg_vol_20,volatility_20_size_neutral,0.9722401233122273,20
bollinger_width_20,market_cap_concentration_20d,0.9722364013381991,20
bollinger_squeeze,market_cap_concentration_20d,0.9722364013381991,20
momentum_volatility_ratio,residual_momentum_20,0.9721964383927265,20
calmar_ratio_60,ts_mom_vol_scaled_60,0.9720249070437734,20
calmar_ratio_60,mom_60_vol_adj,0.9720249070437734,20
calmar_ratio_60,return_stability_60,0.9720249070437734,20
mom_20_size_neutral,residual_momentum_20,0.9719565479111054,20
ext_gross_margin_factor,q_gsprofit_margin_rank,0.9718039636487058,20
benchmark_relative_return_20,mom_20_size_neutral,0.9716151889915488,20
all_a_relative_strength_20,mom_20_size_neutral,0.9716151889915488,20
mom_20_size_neutral,pre_holiday_effect,0.971614538237608,20
ebitda_margin_rank,ebitda_to_ev,0.9715943525412714,20
ext_roa_factor,roic,0.9714097712670349,20
ext_roa_factor,ext_roic_factor,0.9714097712670349,20
roa,roic,0.9714097712670349,20
ext_roic_factor,roa,0.9714097712670349,20
earnings_season_effect,mom_60_sharpe,0.9709831623823193,20
ocf_coverage,ocf_to_debt_rank,0.9709539087446087,20
calmar_ratio_60,sortino_ratio_60,0.9708819920661422,20
max_ret_20,sqrt_lottery_stock_indicator,0.9705047102890949,20
lottery_stock_indicator,max_ret_20,0.9705047102890949,20
lottery_stock_indicator,sqrt_max_ret_20,0.9705047102890949,20
sqrt_lottery_stock_indicator,sqrt_max_ret_20,0.9705047102890949,20
eqt_to_debt_rank,tang_asset_to_debt,0.970484738493786,20
board_relative_strength_20,momentum_orthogonal_to_value,0.9702670793328529,20
bp_size_neutral,ext_bps_factor,0.9702394593156962,20
earnings_season_effect,sortino_ratio_60,0.9702269226828404,20
ret_std_intraday,rv_10min,0.9701471421823425,20
log_ret_std_intraday,log_rv_10min,0.9701237772459057,20
mom_60,return_stability_60,0.9697224912468583,20
mom_60,ts_mom_vol_scaled_60,0.9697224912468583,20
mom_60,mom_60_vol_adj,0.9697224912468583,20
earnings_announcement_drift,netprofit_yoy,0.9697204459220741,20
earnings_announcement_drift,ext_netprofit_yoy_factor,0.9697204459220741,20
eps_growth_4q,netprofit_yoy,0.9697204459220741,20
eps_growth_4q,ext_netprofit_yoy_factor,0.9697204459220741,20
mom_60,mom_60_sharpe,0.9690682193033633,20
board_relative_strength_20,mom_20_size_neutral,0.9686580356036822,20
ext_roic_yearly_signal,roa2_yearly,0.9682954761064038,20
accruals_quality_8q,tata,0.968283537512816,20
mom_60,sortino_ratio_60,0.9680455359107254,20
rsrs_right_deviation,rsrs_zscore_18,0.9679466261381331,20
disposition_effect,winner_rate,0.9679082764746237,20
chip_concentration_zone,disposition_effect,0.9679050403129162,20
disposition_effect,winner_rate_reversal_signal,0.967905040312916,20
ext_roa_yearly_signal,roa2_yearly,0.9678291895957617,20
realized_spread_5min,rv_5min,0.9676665504605859,20
log_circ_mv,log_total_mv,0.9675897697235405,20
earnings_season_effect,ts_mom_vol_scaled_60,0.9675473204584533,20
earnings_season_effect,return_stability_60,0.9675473204584533,20
earnings_season_effect,mom_60_vol_adj,0.9675473204584533,20
debt_to_assets,debt_to_equity,0.9670520910374003,20
ext_roa_yearly_signal,npta,0.9670466048555444,20
debt_to_equity,ext_equity_to_asset_factor,0.9669961801988614,20
realized_spread_5min,ret_std_intraday,0.9668788295558006,20
eqt_to_debt_rank,ext_dp_assets_to_equity,0.9668683077296736,20
dv_composite,dv_yield_rank,0.9666599773130681,20
dp_ttm,dv_composite,0.9664922123120038,20
dv_composite,dv_ttm_rank,0.9664922123120038,20
debt_to_equity_rank,eqt_to_debt_rank,0.966286299226519,20
eqt_to_debt_rank,ext_debt_to_equity_factor,0.9662862992265188,20
avg_holding_mv,holder_avg_mv,0.9656514875193961,20
holder_avg_mv,holder_retail_inst_ratio,0.9656514875193961,20
amortization_burden,depr_amort_to_revenue,0.9654311234922455,20
flow_momentum_resonance,fund_flow_price_resonance,0.9647410613918181,20
breakout_with_fund_flow,flow_momentum_resonance,0.9647410613918181,20
flow_momentum_resonance,sentiment_momentum_confirmation,0.9647410613918181,20
ext_debt_to_equity_factor,ext_dp_assets_to_equity,0.9645988833679077,20
debt_to_equity_rank,ext_dp_assets_to_equity,0.9645988833679077,20
chip_cr3_factor,chip_entropy_signal,0.9641355738801044,20
npta,roa,0.9635506339027187,20
ext_roa_factor,npta,0.9635506339027184,20
max_ret_20,up_volatility_20,0.9631706637501715,20
sqrt_max_ret_20,up_volatility_20,0.9631706637501715,20
calmar_ratio_60,earnings_season_effect,0.9631102880526378,20
assets_to_eqt,ext_dp_assets_to_equity,0.9630933572171658,20
rv_15min,rv_30min,0.9624289642711206,20
log_rv_15min,log_rv_30min,0.9623984412249594,20
lottery_stock_indicator,pct_chg_vol_20,0.9613158068454529,20
pct_chg_vol_20,sqrt_lottery_stock_indicator,0.9613158068454529,20
lottery_stock_indicator,volatility_20,0.9613157187207568,20
sqrt_lottery_stock_indicator,volatility_20,0.9613157187207568,20
debt_to_assets,tang_asset_to_debt,0.9605447060223706,20
ext_equity_to_asset_factor,tang_asset_to_debt,0.9605377954603261,20
ext_roic_factor,ext_roic_yearly_signal,0.9604953132073428,20
ext_roic_yearly_signal,roic,0.9604953132073428,20
sector_relative_volatility_20,volatility_20_neutral,0.9604350515569389,20
volatility_20_industry_neutral,volatility_20_neutral,0.9604350515569389,20
earnings_momentum_quality,ocf_to_profit,0.9603833520414453,20
open_auction_intensity,open_auction_ret,0.9600314133614305,20
pct_chg_vol_20,sqrt_ret_range_20,0.9600184299101867,20
pct_chg_vol_20,ret_range_20,0.9600184299101867,20
sqrt_ret_range_20,volatility_20,0.960015828587449,20
ret_range_20,volatility_20,0.960015828587449,20
rv_5min,volume_rv_ratio,0.9598489908965243,20
calmar_ratio_60,mom_60,0.9598419793650027,20
lottery_stock_indicator,ret_range_20,0.9597206159197794,20
lottery_stock_indicator,sqrt_ret_range_20,0.9597206159197794,20
sqrt_lottery_stock_indicator,sqrt_ret_range_20,0.9597206159197794,20
ret_range_20,sqrt_lottery_stock_indicator,0.9597206159197794,20
ret_std_intraday,volume_rv_ratio,0.9596999627484026,20
chip_momentum_confirmation,chip_momentum_resonance,0.9596745601918798,20
bp_industry_neutral,bp_neutral,0.9593943678555636,20
roa,roa2_yearly,0.959346828657887,20
ext_roa_factor,roa2_yearly,0.959346828657887,20
mom_20_vol_adj,residual_momentum_20,0.9591399594687606,20
momentum_value_resonance_deep,value_momentum_divergence,0.9588862960027521,20
mf_net_inflow_ratio_neutral,mf_sector_relative,0.9585290461483765,20
ebt_yoy,netprofit_yoy,0.9582813529877063,20
ext_ebt_yoy_factor,netprofit_yoy,0.9582813529877063,20
ext_ebt_yoy_factor,ext_netprofit_yoy_factor,0.9582813529877063,20
ebt_yoy,ext_netprofit_yoy_factor,0.9582813529877063,20
ext_netprofit_yoy_factor,ext_roe_yoy_signal,0.9576099197593428,20
ext_roe_yoy_signal,netprofit_yoy,0.9576099197593428,20
mom_20,mom_20_vol_adj,0.9573553611926082,20
ext_roa_dp_signal,ext_roa_yearly_signal,0.9569781577453323,20
ret_autocorr_5min,ret_autocorr_abs,0.956231532008102,20
mom_60_neutral,residual_momentum_60,0.9561498988882168,20
gk_vol,hl_range_intraday,0.955473589211938,20
gk_vol,parkinson_vol,0.955473589211938,20
gk_vol,relative_spread,0.9554483877058016,20
gk_vol,sqrt_relative_spread,0.9554483877058016,20
log_gk_vol,log_parkinson_vol,0.9554411356758786,20
log_gk_vol,log_hl_range_intraday,0.9554411356758786,20
dt_appearance_frequency_20d,ext_top_list_appearance_20d,0.9547725699245886,20
ext_dt_reason_diversity_20d,ext_top_list_appearance_20d,0.9547725699245886,20
ext_dt_institution_count,ext_top_list_appearance_20d,0.9547725677695137,20
ext_roe_yearly_signal,roe,0.9545077207889724,20
rv_daily,rv_semi_down,0.9541937685726202,20
mom_20_neutral,sector_relative_momentum_20,0.9540429202971186,20
all_a_relative_strength_20,mom_20_vol_adj,0.9534550444181399,20
benchmark_relative_return_20,mom_20_vol_adj,0.9534550444181399,20
mom_20_vol_adj,pre_holiday_effect,0.9534544369742705,20
ncf_act_to_revenue,ocf_to_sales_rank,0.9533326024462999,20
ext_ocf_to_or_factor,ncf_act_to_revenue,0.9533326024462999,20
ext_roa_yearly_signal,ext_roic_yearly_signal,0.9532410581037979,20
realized_spread_5min,rv_10min,0.9531061013352433,20
holder_distribution_signal,mom_60,0.9529463385694544,20
rsrs_beta_18,rsrs_zscore_18,0.9525502718693118,20
ext_undistributed_profit_ratio,retained_earnings_ratio,0.9524578459081134,20
holder_smart_money_proxy,mom_60,0.9524216769454894,20
holder_momentum_confirmation,mom_60,0.9524216769454894,20
momentum_orthogonal_to_value,momentum_volatility_ratio,0.9515490361804367,20
mf_big_order_vol_ratio,mf_big_small_divergence,0.9512805045657713,20
lg_sm_divergence,mf_big_order_vol_ratio,0.9512805045657713,20
ext_mf_big_order_net_amount_ratio,lg_sm_divergence,0.9512701898903309,20
ext_mf_big_order_net_amount_ratio,mf_big_small_divergence,0.9512701898903309,20
lg_sm_divergence,mf_big_order_ratio,0.9512701898903309,20
mf_big_order_ratio,mf_big_small_divergence,0.9512701898903309,20
mf_big_small_divergence,smart_money_concentration,0.951270142585396,20
lg_sm_divergence,smart_money_concentration,0.951270142585396,20
sector_momentum_coupling,size_momentum_interaction,0.9511569836164652,20
ext_revenue_yoy_factor,growth_at_reasonable_price,0.9509589106808016,20
growth_at_reasonable_price,or_yoy,0.9509589106808016,20
mom_20_size_neutral,momentum_volatility_ratio,0.9508981536338912,20
ext_roe_yearly_signal,roe_waa,0.9507556265271473,20
npta,roic,0.9507317942374337,20
ext_roic_factor,npta,0.9507317942374337,20
dollar_volume_growth_20,sentiment_momentum_composite,0.9504752315762384,20
board_relative_strength_20,mom_20_vol_adj,0.950403405148206,20
mom_20_size_neutral,momentum_orthogonal_to_value,0.9501956323719025,20
down_volatility_20,min_ret_20,0.950038128888646,20
downside_vol_20,min_ret_20,0.9500377627107202,20
log_ret_std_intraday,rv_10min,-0.9505662231628884,20
log_rv_10min,ret_std_intraday,-0.9505736752633519,20
log_volatility_20,sqrt_lottery_stock_indicator,-0.9507204072844176,20
illusory_diversification,sqrt_lottery_stock_indicator,-0.9507204072844176,20
log_volatility_20,lottery_stock_indicator,-0.9507204072844176,20
illusory_diversification,lottery_stock_indicator,-0.9507204072844176,20
calmar_ratio_60,index_weight_drift,-0.9523765957659431,20
bias_20,keltner_position_20,-0.9525481549336607,20
log_rv_5min,rv_10min,-0.9529172286947306,20
log_rv_10min,rv_5min,-0.9529311945712072,20
momentum_volatility_ratio,size_neutral_reversal,-0.9534386263453346,20
momentum_orthogonal_to_value,size_neutral_reversal,-0.9542607994105671,20
avg_holding_mv_change,reversal_1,-0.9556940820837003,20
index_style_exposure_size,log_circ_mv,-0.9566302588205545,20
index_weight_drift,ts_mom_vol_scaled_60,-0.956824069988571,20
index_weight_drift,mom_60_vol_adj,-0.956824069988571,20
index_weight_drift,return_stability_60,-0.956824069988571,20
rv_daily,rv_semi_up,-0.9579569105301431,20
index_weight_drift,sortino_ratio_60,-0.9594891846406488,20
index_weight_drift,mom_60_sharpe,-0.9602603880529805,20
ext_dt_institution_count,ext_dt_net_buy_ma_20d,-0.9602835352923934,20
ext_dt_net_buy_ma_20d,ext_dt_reason_diversity_20d,-0.9602848583107806,20
dt_appearance_frequency_20d,ext_dt_net_buy_ma_20d,-0.9602848583107806,20
accruals_quality_8q,accruals_ratio,-0.961043894514571,20
illusory_diversification,volatility_20_size_neutral,-0.9616492255103966,20
log_volatility_20,volatility_20_size_neutral,-0.9616492255103966,20
open_auction_intensity,overnight_gap,-0.9623660257307739,20
mom_20_size_neutral,reversal_20,-0.9631196889160544,20
dt_crowded_trade_warning,ext_dt_institution_count,-0.9638685396767531,20
dt_appearance_frequency_20d,dt_crowded_trade_warning,-0.9638695082179124,20
dt_crowded_trade_warning,ext_dt_reason_diversity_20d,-0.9638695082179124,20
momentum_volatility_ratio,reversal_20,-0.9644896593135297,20
momentum_orthogonal_to_value,reversal_20,-0.9660698647131326,20
atr_ratio_20,log_high_low_volatility_20,-0.9666498511678723,20
log_rv_10min,rv_15min,-0.9668581992698307,20
log_rv_15min,rv_10min,-0.966897343095727,20
log_intraday_high_low_volatility,sqrt_relative_spread,-0.9670437780404137,20
log_intraday_high_low_volatility,relative_spread,-0.9670437780404137,20
log_intraday_high_low_volatility,parkinson_vol,-0.9671561548750602,20
hl_range_intraday,log_intraday_high_low_volatility,-0.9671561548750602,20
intraday_high_low_volatility,log_parkinson_vol,-0.9690972759684952,20
intraday_high_low_volatility,log_hl_range_intraday,-0.9690972759684952,20
ext_limit_consecutive_max_20d,limit_event_volatility,-0.9704245112110321,20
board_relative_strength_20,size_neutral_reversal,-0.9710214174937086,20
capital_reserve_ratio,ext_capital_reserve_ratio,-0.9719900302895093,20
ext_limit_up_count_20d,limit_event_volatility,-0.9720135625207252,20
low_risk_composite,low_vol_tail_hedge,-0.9725029230442557,20
ext_limit_consecutive_max_20d,limit_event_frequency_20d,-0.9732491121691792,20
atr_ratio_20,log_amplitude_20,-0.9742730716041486,20
residual_momentum_20,size_neutral_reversal,-0.9745202195851326,20
all_a_relative_strength_20,size_neutral_reversal,-0.9746201799459533,20
benchmark_relative_return_20,size_neutral_reversal,-0.9746201799459533,20
pre_holiday_effect,size_neutral_reversal,-0.9746203375798361,20
chip_mean_distance,cost_displacement,-0.975489194786082,20
open_auction_ret,overnight_gap,-0.9756073248104183,20
mom_20_size_neutral,size_neutral_reversal,-0.9756175706157517,20
ext_limit_up_count_20d,limit_event_frequency_20d,-0.9769838510162024,20
mom_20,size_neutral_reversal,-0.977017390875506,20
amplitude_20,log_high_low_volatility_20,-0.9795018833634757,20
high_low_volatility_20,log_amplitude_20,-0.979503402528248,20
high_low_spread_20,log_high_low_volatility_20,-0.9796504615419577,20
log_high_low_volatility_20,sqrt_high_low_spread_20,-0.9796504615419579,20
log_rv_5min,ret_std_intraday,-0.9800379351466664,20
log_ret_std_intraday,rv_5min,-0.9800445609622829,20
log_rv_rolling_5d_std,rv_rolling_5d_std,-0.980129901898944,20
log_rv_15min,rv_15min,-0.9803885143527751,20
log_hl_range_intraday,relative_spread,-0.9803929718354742,20
log_parkinson_vol,relative_spread,-0.9803929718354742,20
log_hl_range_intraday,sqrt_relative_spread,-0.9803929718354742,20
log_parkinson_vol,sqrt_relative_spread,-0.9803929718354742,20
pledge_intensity,pledge_market_impact,-0.9804221765651164,20
log_hl_range_intraday,parkinson_vol,-0.9804234185360812,20
log_parkinson_vol,parkinson_vol,-0.9804234185360812,20
hl_range_intraday,log_parkinson_vol,-0.9804234185360812,20
hl_range_intraday,log_hl_range_intraday,-0.9804234185360812,20
log_ret_std_intraday,ret_std_intraday,-0.9804265290595472,20
log_rv_5min,rv_5min,-0.9804363759768895,20
log_rv_30min,rv_30min,-0.9804409483381609,20
log_rv_10min,rv_10min,-0.9804414093692337,20
gk_vol,log_gk_vol,-0.9804603381496231,20
log_rv_60min,rv_60min,-0.9805566782152825,20
board_relative_strength_20,reversal_20,-0.9822685803156872,20
amount_ratio_20,volume_climax,-0.9833955279973949,20
index_weight_drift,mom_60,-0.9837854199795387,20
ext_employee_pay_to_revenue,labor_intensity,-0.984049571429394,20
gap_ratio_20,overnight_momentum_20,-0.9855596931319782,20
residual_momentum_20,reversal_20,-0.9861564570803827,20
pre_holiday_effect,reversal_20,-0.9866323969045825,20
all_a_relative_strength_20,reversal_20,-0.9866324033679023,20
benchmark_relative_return_20,reversal_20,-0.9866324033679023,20
ext_tax_paid_to_pretax,tax_burden,-0.9882967221598618,20
donchian_position_60,ts_price_self_rank_60,-0.9886237118016343,20
donchian_position_60,price_position_60,-0.9886242550244566,20
overnight_gap,overnight_gap_momentum,-0.9889464909858827,20
gap_ratio,overnight_gap,-0.9889464909858827,20
avg_cost_premium,cost_displacement,-0.9889503768053741,20
index_style_exposure_size,log_total_mv,-0.9890909762260286,20
mom_20,reversal_20,-0.9891060397722595,20
mom_3,reversal_3,-0.9891093069047056,20
overreaction_indicator_5d,reversal_5,-0.9891116586731025,20
mom_5,reversal_5,-0.9891116586731025,20
realized_skewness_20,ret_skew_20,-0.989113423067231,20
mom_10,reversal_10,-0.9891238408628839,20
bollinger_position,bollinger_position_20,-0.9891470613860232,20
log_volatility_5,volatility_5,-0.9891491517953483,20
winner_rate_acceleration,winner_rate_momentum_5d,-0.9891641283824002,20
winner_rate_acceleration,winner_rate_change_5d,-0.9891641283824002,20
earnings_season_effect,index_weight_drift,-0.9892547042459222,20
high_low_spread_20,log_amplitude_20,-0.989258790881526,20
log_amplitude_20,sqrt_high_low_spread_20,-0.989258790881526,20
volume_climax,volume_ratio_20,-0.9892751954737079,20
intraday_high_low_volatility,log_intraday_high_low_volatility,-0.9892829728475142,20
amplitude_20,log_amplitude_20,-0.9893240030639692,20
high_low_volatility_20,log_high_low_volatility_20,-0.9893540250674592,20
log_volatility_20,pct_chg_vol_20,-0.9894328882119103,20
illusory_diversification,pct_chg_vol_20,-0.9894328882119103,20
log_volatility_20,volatility_20,-0.9894338701424996,20
illusory_diversification,volatility_20,-0.9894338701424996,20
float_mv_ratio,free_float_ratio,-0.9895053842411515,20
sector_size_factor,sector_size_leadership,-0.9895146425884958,20
accruals_ratio,tata,-0.9927266338591784,20
pledge_intensity,pledge_ratio,-0.9928280143505415,20
pledge_intensity,pledge_risk,-0.9928280143505415,20
ext_fixed_assets_ratio,fix_asset_ratio,-0.9928472679729081,20
idiosyncratic_vol_60,log_idiosyncratic_vol_60,-0.9976558841727489,20
