set,cfg,group,top_n,hold,sell_at,no_repeat,exit_rank,min_hold,stop_loss,take_profit,trail_pct,rat_up,rat_floor,threshold_q,cum_net,ann_net,sharpe,maxdd,cum_add,cum_trade,sharpe_trade,win_rate,avg_hold,med_trade,best_trade,worst_trade,turnover,cost_drag,n_trades,n_days,empty_days,avg_npos,avg_cash_ratio,h1_cum,h2_cum,h1_cum_t,h2_cum_t,h1_win,h2_win,skipped_buy,blocked_sell,max_overlap
V1_allz,SM_h5_sl8_open,卖出口径,1,5,open,,,,0.08,,,,,,0.6153285060000007,0.6409263238183063,1.8434803225866014,-0.1071172895778656,0.5200979551503868,0.7702722037811451,1.8977669509698853,0.5510204081632653,4.959183673469388,0.2430619117545385,17.485175397200116,-8.279010066924942,48.0897,0.049051493999999994,49,244,2,0.9918367346938776,0.21723139697653426,0.4044961587999998,0.15011244130431467,0.4604179483952153,0.2121682054965257,0.52,0.5833333333333334,1,0,0.0
V1_allz,SM_daily_open,卖出口径,1,1,open,,,,,,,,,,0.5805764819999968,0.6044790733272247,1.8364983356972717,-0.11936532836735025,0.49528108775138324,0.6652571000233791,1.6073479939100128,0.49137931034482757,1.043103448275862,-0.07006349431177283,11.211482243254189,-8.60673389261577,227.6309,0.23218351800000003,232,244,3,0.9877551020408163,0.26769784057106877,0.4615547327999976,0.08143502704957295,0.5214659553030283,0.09450828933711652,0.5,0.48333333333333334,7,10,0.0
V1_allz,SM_h5_sl8_close_overlap,卖出口径,1,5,close_overlap,,,,0.08,,,,,,0.520189679372459,0.5412093724560283,1.3767854482147421,-0.12268292545696013,0.47989947332514227,0.520189679372459,1.3979670614147128,0.5306122448979592,4.979591836734694,0.07815985861694408,12.87076722221363,-10.907343253363655,48.44796,0.0494169192,49,244,2,0.9959183673469387,nan,0.35899638272186385,0.11861201302666391,0.2620023460768841,0.20458546222056317,0.52,0.5416666666666666,1,1,99873.0
V1_allz,SM_daily_close_overlap,卖出口径,1,1,close_overlap,,,,,,,,,,1.429895136036217,1.501668417740785,1.9630503109889201,-0.289931166208483,1.0305824945750968,1.4298951360362127,1.9718006311993015,0.5495867768595041,1.0454545454545454,0.2447912162632071,15.703440914885935,-14.2669742582624,237.5168,0.24226713600000002,242,244,3,1.0326530612244897,nan,0.3109148241765416,0.8535873507743492,0.3704170672429683,0.7731063003503915,0.5491803278688525,0.55,7,11,147659.0
V1_allz,SM_h5_sl8_close_seq,卖出口径,1,5,close_seq,,,,0.08,,,,,,0.5710571672000029,0.5944999594113822,1.6862654019297736,-0.17108590954616976,0.4957093222927593,0.6921086218368093,1.6646673621444177,0.5609756097560976,4.926829268292683,0.28254192371521825,14.064511294290405,-10.580921181032155,40.15964,0.04096283280000001,41,244,43,0.8244897959183674,0.3965267487194374,0.33548598280000164,0.1763936031032689,0.36112235647410307,0.2431715736563933,0.5238095238095238,0.6,1,0,0.0
V1_allz,SM_daily_close_seq,卖出口径,1,1,close_seq,,,,,,,,,,0.5302080704000021,0.5517004324948913,1.597288400610682,-0.20838687664546418,0.46988830276859284,0.6043594683575264,1.4985282964939453,0.5431034482758621,1.0948275862068966,0.27901860880308327,12.37490970948507,-14.2669742582624,113.97248,0.11625192959999998,116,244,118,0.5183673469387755,0.546737465987784,0.026431228399999673,0.4908042819247507,0.02906443805574921,0.5590466534716771,0.5357142857142857,0.55,4,11,0.0
V2_allz,SM_h5_sl8_open,卖出口径,1,5,open,,,,0.08,,,,,,-0.4213296951574975,-0.4316157232574531,-1.7913244095273486,-0.4988735538268637,-0.5050282009528688,-0.43017656113014235,-1.8704462018164312,0.44,4.88,-1.5166363110478143,8.171737417237047,-10.711459918380417,35.7651,0.036480402,50,244,1,0.9959183673469387,0.01530393246383286,-0.22042090678469306,-0.2577144386263276,-0.23737573133082812,-0.2528123451090324,0.36,0.52,0,0,0.0
V2_allz,SM_daily_open,卖出口径,1,1,open,,,,,,,,,,-0.4968568527181101,-0.5080613357907975,-2.0322139093062854,-0.545307306371524,-0.6350355424840747,-0.5133237020743112,-2.1817849583287,0.42386831275720166,1.0,-0.32867191491663394,7.739125082380527,-11.50060751815275,190.28612,0.19409184240000002,243,244,2,0.9918367346938776,0.020310941269725987,-0.1055506073551099,-0.43748282304257147,-0.11943179723546982,-0.4473156123537321,0.4146341463414634,0.43333333333333335,0,0,0.0
V2_allz,SM_h5_sl8_close_overlap,卖出口径,1,5,close_overlap,,,,0.08,,,,,,-0.39186498044176665,-0.40170131780857476,-1.5583211498177552,-0.48731696994125484,-0.4525012342756872,-0.39186498044176676,-1.588436795165998,0.44,4.88,-1.0993477900122395,7.17342474645426,-11.368190878686669,49.4959,0.050485818,50,244,1,0.9959183673469387,nan,-0.2129067499504116,-0.2273659829760707,-0.2283151983593552,-0.21193858131544863,0.4,0.48,0,0,99902.0
V2_allz,SM_daily_close_overlap,卖出口径,1,1,close_overlap,,,,,,,,,,-0.6077396139242156,-0.6195925412960585,-2.188782902545046,-0.6518515407874707,-0.855167005330062,-0.6077396139242157,-2.18888726213562,0.3991769547325103,1.0,-0.508371888349668,7.845750899745152,-10.711459918380406,240.70388,0.2455179576,243,244,2,0.9918367346938776,nan,-0.3074586137529791,-0.4335928597690051,-0.29924551320887993,-0.4402313599560179,0.3821138211382114,0.4166666666666667,0,0,99932.0
V2_allz,SM_h5_sl8_close_seq,卖出口径,1,5,close_seq,,,,0.08,,,,,,0.016424381119602982,0.016967428720287225,0.19642926795432303,-0.28317911276742,0.05164323503399648,0.00023843847394111606,0.17091146098042873,0.4634146341463415,4.975609756097561,-0.2840755028464925,14.202733362457721,-15.612027956522,35.61856,0.0363309312,41,244,41,0.8326530612244898,0.17957743339800641,-0.09453151410675398,0.1225397647240023,-0.13522960733079614,0.15665203960857288,0.42857142857142855,0.5,0,0,0.0
V2_allz,SM_daily_close_seq,卖出口径,1,1,close_seq,,,,,,,,,,-0.3553973679285575,-0.3646114920305249,-1.2385771909978245,-0.46356775727390764,-0.387964569366265,-0.37051663283916647,-1.364210491701329,0.4180327868852459,1.0,-0.31340602495209535,7.84575089974513,-10.711459918380406,99.02258,0.1010030316,122,244,123,0.49795918367346936,0.508368215576019,-0.15766822363362798,-0.23474021738546857,-0.16504586930273069,-0.24608628903344343,0.3870967741935484,0.45,0,0,0.0
V3_allz,SM_h5_sl8_open,卖出口径,1,5,open,,,,0.08,,,,,,-0.07929410909687518,-0.08178462889275517,0.050663869224430745,-0.3156570185704689,0.02307241628010026,-0.12338536912242193,-0.058133202994959936,0.5098039215686274,4.784313725490196,0.08936432508410697,19.606558682407773,-12.040210327437773,42.35358,0.043200651599999994,51,244,1,0.9959183673469387,0.017248569008692448,0.045278641521758534,-0.11917659623971255,-0.06753843946850446,-0.05989193766023482,0.4230769230769231,0.6,0,0,0.0
V3_allz,SM_daily_open,卖出口径,1,1,open,,,,,,,,,,-0.34918472084127894,-0.3582858723043305,-1.0086030938989463,-0.5006676342796721,-0.36325526394343755,-0.4122283364311211,-1.1620654539229278,0.448559670781893,1.0,-0.2655970658758111,13.227894080872327,-8.96787021557639,219.08156,0.22346319120000005,243,244,2,0.9918367346938776,0.06880861357438084,0.29974050534911223,-0.4992729114155666,0.24599335449210202,-0.5282706272470692,0.4715447154471545,0.425,0,0,0.0
V3_allz,SM_h5_sl8_close_overlap,卖出口径,1,5,close_overlap,,,,0.08,,,,,,-0.2745396347864386,-0.28213356570933845,-0.3619883922876409,-0.44501744735197835,-0.1870353892220995,-0.2745396347864386,-0.36234958813041523,0.47058823529411764,4.784313725490196,-0.8160735351665727,22.579354037553777,-14.832780348617725,50.42878,0.0514373556,51,244,1,0.9959183673469387,nan,-0.11045254040387387,-0.1844613152591813,-0.15992813489858726,-0.1364305896305854,0.4230769230769231,0.52,0,0,99950.0
V3_allz,SM_daily_close_overlap,卖出口径,1,1,close_overlap,,,,,,,,,,0.07295066208545276,0.07543054379562597,0.3960147219000941,-0.3859446984957532,0.20182706627362434,0.07295066208545387,0.396018556980803,0.4444444444444444,1.0,-0.2629622256345443,14.101382098804072,-11.970396076908274,240.27302,0.24507848040000002,243,244,2,0.9918367346938776,nan,0.32149316758192525,-0.18807702649818248,0.30451780084100877,-0.17751167412684266,0.4634146341463415,0.425,0,0,99930.0
V3_allz,SM_h5_sl8_close_seq,卖出口径,1,5,close_seq,,,,0.08,,,,,,-0.2350537597999256,-0.24174456047886672,-0.5274885509920482,-0.4379763811216316,-0.19651938071609898,-0.286735930701131,-0.4992922223885352,0.42857142857142855,4.833333333333333,-1.0356109833139115,16.182177146625442,-17.354432292048504,34.72406,0.03541854120000001,42,244,42,0.8285714285714286,0.18663536462009364,-0.05006130011723742,-0.19474147090282634,-0.14326492282346548,-0.16746251169088366,0.45454545454545453,0.4,0,0,0.0
V3_allz,SM_daily_close_seq,卖出口径,1,1,close_seq,,,,,,,,,,0.05999347320453574,0.0620202653347397,0.34358585786366175,-0.21669812753104756,0.12099140004025088,-0.03874654157496871,0.06921557157568699,0.4426229508196721,1.0,-0.24428689212350196,11.984693996831997,-11.970396076908274,119.42058,0.12180899160000001,122,244,123,0.49795918367346936,0.5447670990976121,0.25946866009544833,-0.15838042915319195,0.18775419799663484,-0.19069664409828058,0.5,0.38333333333333336,0,0,0.0
V4_allz,SM_h5_sl8_open,卖出口径,1,5,open,,,,0.08,,,,,,0.3748626038938989,0.3892883411485131,1.215088770595385,-0.18837404614642472,0.364747405834874,0.37563525443324064,1.056811145602137,0.5714285714285714,4.959183673469388,0.7263115732411674,14.497780872831045,-12.798672345190266,47.98182,0.04894145640000001,49,244,2,0.9918367346938776,0.2589916623186217,0.539488798991741,-0.10693562382893718,0.7002431752019254,-0.19091852595152037,0.64,0.5,5,0,0.0
V4_allz,SM_daily_open,卖出口径,1,1,open,,,,,,,,,,0.029504380265175767,0.030486337316661283,0.2887547112033366,-0.3252309739178181,0.12446568553761383,-0.09112110753340008,0.08119035716644467,0.4793388429752066,1.0041322314049588,-0.10197348689340302,20.37844606020176,-16.000237918788983,231.64704,0.2362799808,242,244,2,0.9918367346938776,0.10963286388293339,0.22976141426276042,-0.16284218359350455,0.16333752867917273,-0.21873156323038845,0.4796747967479675,0.4789915966386555,9,1,0.0
V4_allz,SM_h5_sl8_close_overlap,卖出口径,1,5,close_overlap,,,,0.08,,,,,,0.27447599107860676,0.2846509888591424,0.7709561572333576,-0.38829610102765655,0.35043470160957446,0.27447599107860654,0.7746216748772743,0.6122448979591837,4.959183673469388,0.9044762455721056,17.708122728945597,-18.09092693224603,47.98182,0.04894145640000001,49,244,2,0.9918367346938776,nan,0.9805051168618499,-0.3564894227094755,0.9510702761600693,-0.34678109412495295,0.68,0.5416666666666666,5,0,99783.0
V4_allz,SM_daily_close_overlap,卖出口径,1,1,close_overlap,,,,,,,,,,0.010105793712742894,0.010438854712137458,0.3659564864860837,-0.5913464424990156,0.24009175097860236,0.010105793712741784,0.3708176083890386,0.5061728395061729,1.0205761316872428,0.021756719490562126,20.37844606020176,-29.879675121237515,239.5478,0.244338756,243,244,2,1.0122448979591836,nan,0.40353736759919934,-0.2803142851546835,0.40363464200074484,-0.2803641606672409,0.5121951219512195,0.5,9,5,149825.0
V4_allz,SM_h5_sl8_close_seq,卖出口径,1,5,close_seq,,,,0.08,,,,,,0.8030162200535673,0.838201280478821,2.0658371035488368,-0.16262048170828958,0.637896591317216,0.7888675920569441,1.0319574330413508,0.5609756097560976,4.975609756097561,0.42886194722115967,76.33010770948232,-8.85172448356295,40.31506,0.0411213612,41,244,41,0.8326530612244898,0.44716832888467944,0.9564331534890238,-0.07841664979038954,1.0902027188575776,-0.14416550322225763,0.6190476190476191,0.5,3,0,0.0
V4_allz,SM_daily_close_seq,卖出口径,1,1,close_seq,,,,,,,,,,0.4304565642278404,0.4473454671816284,1.2351884349535616,-0.20436424076897608,0.4157403869209537,0.38242155913684717,0.9750358822317343,0.5245901639344263,1.0,0.09115836540858346,20.37844606020176,-9.290393688450205,118.9501,0.12132910200000001,122,244,123,0.49795918367346936,0.588093882943534,0.263347549098925,0.13227477684039135,0.19419068712448473,0.15762212353674254,0.4838709677419355,0.5666666666666667,4,0,0.0
V5_allz,SM_h5_sl8_open,卖出口径,1,5,open,,,,0.08,,,,,,-0.23193441232262102,-0.2385509048565294,-0.9338526201687282,-0.30681091788171744,-0.2321057470577359,-0.25544032150515084,-1.1100685741849654,0.3829787234042553,5.191489361702128,-0.9031899257395115,10.122640840654151,-7.765912775487571,38.39068,0.039158493600000004,47,244,1,0.9959183673469387,0.02449984553975187,-0.14967111544700484,-0.09674291720533568,-0.20307091323640203,-0.06571401287588363,0.34782608695652173,0.4166666666666667,0,10,0.0
V5_allz,SM_daily_open,卖出口径,1,1,open,,,,,,,,,,-0.3131534886121423,-0.3215609547165087,-1.149655861147538,-0.3760656562178528,-0.3324277913582955,-0.3357581406928447,-1.325034865327602,0.43209876543209874,1.0,-0.2583050064528303,7.519151081324904,-9.113306462408477,192.52452,0.1963750104,243,244,2,0.9918367346938776,0.028571984849821427,-0.1857493516054557,-0.15646795892381382,-0.21434128435792088,-0.1545414744564957,0.4065040650406504,0.4583333333333333,0,0,0.0
V5_allz,SM_h5_sl8_close_overlap,卖出口径,1,5,close_overlap,,,,0.08,,,,,,-0.16043380989586908,-0.1652336404766469,-0.31170119059673257,-0.2500680753173482,-0.11049112449299259,-0.16043380989586875,-0.3444074893133469,0.3877551020408163,5.183673469387755,-0.6240309634377383,16.461767277785878,-8.784152921616128,48.22138,0.0491858076,49,244,1,1.036734693877551,nan,-0.04726242536692571,-0.11878547413492013,-0.19325334812505368,0.040681344202556424,0.28,0.5,0,10,149183.0
V5_allz,SM_daily_close_overlap,卖出口径,1,1,close_overlap,,,,,,,,,,-0.45090559173575084,-0.4615928014307552,-1.4981214194326617,-0.5451413333402464,-0.5335162553478313,-0.4509055917357503,-1.4981615691174048,0.43621399176954734,1.0,-0.26929400029632733,7.231449164534598,-7.756379233089394,239.27652,0.2440620504,243,244,2,0.9918367346938776,nan,-0.1386438757207228,-0.36252335963398075,-0.157423228809761,-0.3483152787506961,0.44715447154471544,0.425,0,0,99914.0
V5_allz,SM_h5_sl8_close_seq,卖出口径,1,5,close_seq,,,,0.08,,,,,,0.14569951044435148,0.1508201903516888,0.5975201460054946,-0.2547281955705597,0.18466023359003692,0.1155521378351061,0.5064604925241797,0.4146341463414634,4.975609756097561,-0.5091995836683516,16.77079229205227,-8.427406947146265,39.69488,0.040488777600000005,41,244,41,0.8326530612244898,0.2094480257512039,-0.005216121411855124,0.1517069537459672,-0.08427418253412411,0.21821632256936585,0.3333333333333333,0.5,0,0,0.0
V5_allz,SM_daily_close_seq,卖出口径,1,1,close_seq,,,,,,,,,,-0.24125840174032664,-0.24809573658104933,-1.0213143027027578,-0.4207006893223696,-0.24600129251821223,-0.26123847149130086,-1.2212156393516582,0.45081967213114754,1.0,-0.2343018132290431,5.519844431482035,-7.100153959970401,100.32962,0.1023362124,122,244,123,0.49795918367346936,0.5127007349144427,-0.1197609148281038,-0.13802782557479343,-0.15588756920929037,-0.12480671820378808,0.45161290322580644,0.45,0,0,0.0
V6_allz,SM_h5_sl8_open,卖出口径,1,5,open,,,,0.08,,,,,,0.9274620378157281,0.9693804891345164,2.888167973151887,-0.13984353989956522,0.6857967556255764,1.3332723586549409,2.9370093634253456,0.5918367346938775,4.979591836734694,0.7880028343965728,17.060170788554885,-5.667536749723423,48.09992,0.0490619184,49,244,1,0.9959183673469387,0.26967178842046713,0.41946215425386346,0.35788194989171407,0.44724194295196784,0.6122199677931663,0.52,0.6666666666666666,0,0,0.0
V6_allz,SM_daily_open,卖出口径,1,1,open,,,,,,,,,,0.11867745714072853,0.12279835601683176,0.5559196634182861,-0.35797212836984127,0.1489814953147205,0.0747557205831022,0.4077216865437304,0.49794238683127573,1.0,-0.0029893217862397847,7.311417920568575,-9.225341571414347,236.1304,0.240853008,243,244,2,0.9918367346938776,0.09495457981831637,0.16386836543617878,-0.038828195384891906,0.13143068809040326,-0.05009141797537331,0.5040650406504065,0.49166666666666664,0,0,0.0
V6_allz,SM_h5_sl8_close_overlap,卖出口径,1,5,close_overlap,,,,0.08,,,,,,1.236835784178988,1.2966642753708477,2.4743476875123496,-0.1737201370693019,0.8657360772686131,1.2368357841789885,2.603996806042592,0.6122448979591837,4.979591836734694,0.6696955189592346,18.577665650805052,-8.835762181386741,48.09992,0.0490619184,49,244,1,0.9959183673469387,nan,0.36684426641518986,0.6364964459671161,0.3550311645508675,0.6507633497273846,0.56,0.6666666666666666,0,0,99534.0
V6_allz,SM_daily_close_overlap,卖出口径,1,1,close_overlap,,,,,,,,,,2.5360127642506494,2.6855124604743246,3.0634030995481836,-0.32670143652724526,1.3654354650172014,2.5360127642506507,3.06366455615914,0.5637860082304527,1.0,0.20658826236041872,16.61629190935836,-7.469204012466402,238.63262,0.24340527240000004,243,244,2,0.9918367346938776,nan,0.5586811211903153,1.268592796934827,0.5401231573482572,1.2959285738803255,0.6016260162601627,0.525,0,0,99939.0
V6_allz,SM_h5_sl8_close_seq,卖出口径,1,5,close_seq,,,,0.08,,,,,,0.5326298911607557,0.5542368536535864,1.746066396949162,-0.20764009047624155,0.46310875988235123,0.5316251998905086,1.278144346690403,0.5365853658536586,4.975609756097561,0.6224758374416828,24.583346924127735,-12.660985723782991,40.2096,0.04101379199999999,41,244,41,0.8326530612244898,0.3181787382768071,0.35328714013298135,0.1325237975808644,0.3433323978739158,0.14016843657951195,0.6190476190476191,0.45,0,0,0.0
V6_allz,SM_daily_close_seq,卖出口径,1,1,close_seq,,,,,,,,,,0.446114998190682,0.4637111535282825,1.6648821919598613,-0.16340857817998455,0.39839110186075144,0.4416529286853168,1.4238171735235223,0.5901639344262295,1.0,0.19185792759705,9.419360490082118,-7.260405215717958,119.81344,0.12220970880000001,122,244,123,0.49795918367346936,0.5817395590173655,0.1540358696231383,0.2530936310176619,0.10479385049919121,0.30490672810490316,0.6290322580645161,0.55,0,0,0.0
V7_allz,SM_h5_sl8_open,卖出口径,1,5,open,,,,0.08,,,,,,-0.2818290413047365,-0.28958193268882926,-0.8638256544345311,-0.42749292611604506,-0.277726494491086,-0.30334702052527707,-1.1250520033024487,0.46,4.88,-0.7400672711159961,15.09290482742356,-8.790643275768417,44.6531,0.045546162,50,244,1,0.9959183673469387,0.053592390992244256,0.0179839566689195,-0.29451642730668726,-0.02050338293074283,-0.28876428225023176,0.44,0.48,0,0,0.0
V7_allz,SM_daily_open,卖出口径,1,1,open,,,,,,,,,,-0.2810700508787456,-0.2888065060931694,-1.0934083756317672,-0.45405552034590746,-0.29285269630891775,-0.29877844677687104,-1.2316337324057038,0.43209876543209874,1.0,-0.22862974545537762,5.120198160243028,-7.731711645249262,192.83178,0.1966884156,243,244,2,0.9918367346938776,0.043725583279875684,-0.19716482571738592,-0.10451114730534072,-0.20590014744644058,-0.11696047925429709,0.4065040650406504,0.4583333333333333,0,0,0.0
V7_allz,SM_h5_sl8_close_overlap,卖出口径,1,5,close_overlap,,,,0.08,,,,,,-0.16870997828016143,-0.17373091439207144,-0.36787408382940484,-0.383998239261095,-0.12610570940389576,-0.1687099782801612,-0.36826262343376864,0.44,4.88,-0.9859173187083292,18.53187407673129,-8.445128007725188,48.62026,0.04959266520000001,50,244,1,0.9959183673469387,nan,0.045306435875344775,-0.204740358243645,0.03004380227793524,-0.19295662972638017,0.44,0.44,0,0,99658.0
V7_allz,SM_daily_close_overlap,卖出口径,1,1,close_overlap,,,,,,,,,,-0.13186309583781974,-0.1358786862030913,-0.15548403512475728,-0.5911512762301028,-0.061653692716172936,-0.13186309583782085,-0.15548537175792562,0.48148148148148145,1.0,-0.10197348689341412,15.786752587184472,-7.487342807437159,236.7101,0.24144430199999994,243,244,2,0.9918367346938776,nan,-0.2699052164705964,0.1890742459019612,-0.25050222056254623,0.158291495958496,0.4959349593495935,0.4666666666666667,0,0,99655.0
V10_allz,SM_h5_sl8_close_overlap,卖出口径,1,5,close_overlap,,,,0.08,,,,,,0.44491432454915203,0.46245604196692236,1.2006798578602085,-0.23073053319104553,0.4327377954732641,0.44491432454915225,1.2142982746223507,0.56,4.88,0.5777581098585949,16.93597716892978,-8.949230722136136,49.27728,0.0502628256,50,244,1,0.9959183673469387,nan,0.33480624403567605,0.08248993515386416,0.36057827880166227,0.06198544182387611,0.56,0.56,0,0,99900.0
V10_allz,SM_daily_close_overlap,卖出口径,1,1,close_overlap,,,,,,,,,,-0.04367360051179492,-0.045072763318782294,0.12414930965649638,-0.49788397541173646,0.05476186892103385,-0.04367360051179592,0.12415036799886826,0.48148148148148145,1.0,-0.15693445817335228,11.764166618740246,-10.209455651640686,238.80306,0.2435791212,243,244,2,0.9918367346938776,nan,0.23889403473558923,-0.22808055194784316,0.23419736625545906,-0.2251430560172979,0.5447154471544715,0.4166666666666667,3,0,99896.0
V10_allz,SM_h5_sl8_close_seq,卖出口径,1,5,close_seq,,,,0.08,,,,,,0.7480315039002949,0.7803348369702896,2.2228146380387166,-0.21643706096736648,0.595217560369834,0.8840867063334168,1.8204276557613033,0.6097560975609756,4.951219512195122,1.329635201768764,22.941254961585145,-10.7506551387462,40.36232,0.041169566399999996,41,244,42,0.8285714285714286,0.4135573297522464,0.6550326016505024,0.05619158326974927,0.7829184879262774,0.05674304186772372,0.7,0.5238095238095238,1,0,0.0
V10_allz,SM_daily_close_seq,卖出口径,1,1,close_seq,,,,,,,,,,0.06458536289072558,0.06677211367631974,0.3612523578897115,-0.21464934622153775,0.11068741824237749,0.02253129660603137,0.22846215951393262,0.5,1.0,-0.006771235501279449,11.764166618740246,-7.327864607793511,116.15714,0.1184802828,122,244,123,0.49795918367346936,0.5231690028832499,0.044088104460300315,0.019631732554810544,0.014470749982332443,0.007945568291485072,0.532258064516129,0.4666666666666667,2,0,0.0
V12_allz,SM_h5_sl8_open,卖出口径,1,5,open,,,,0.08,,,,,,0.26972933760411255,0.27970987126125824,0.882592363464578,-0.4228220577663776,0.29621065382011647,0.17767492579754252,0.5884688930948051,0.5098039215686274,4.784313725490196,0.05621323266076228,18.98755142560571,-11.174224235377562,50.05968,0.051060873599999994,51,244,1,0.9959183673469387,0.22353653483654173,0.555768983023567,-0.18385740334246048,0.6038795742084178,-0.2657335720614967,0.6,0.4230769230769231,0,0,0.0
V12_allz,SM_daily_open,卖出口径,1,1,open,,,,,,,,,,0.06694885377420268,0.06921819901275028,0.36319019828322135,-0.4117616146533192,0.1372906447860267,0.05490909563791946,0.33531385917741185,0.5020576131687243,1.0,0.06863062020256994,14.262107943888624,-7.450388921405626,191.30422,0.1951303044,243,244,2,0.9918367346938776,0.032162939293540874,-0.18513350821245678,0.3093541881120627,-0.19639034951843315,0.31271332419385556,0.4634146341463415,0.5416666666666666,3,0,0.0
V12_allz,SM_h5_sl8_close_overlap,卖出口径,1,5,close_overlap,,,,0.08,,,,,,0.2990223969952026,0.31021260927855643,0.7419190299296008,-0.5852680115141529,0.4200323015313894,0.2990223969952035,0.7450235873607939,0.5098039215686274,4.784313725490196,1.0805147650857938,23.169534976024366,-14.94112196861167,50.18412,0.05118780239999999,51,244,1,0.9959183673469387,nan,0.9325242597320842,-0.32781056152159616,0.8983814529715084,-0.3157210870545204,0.52,0.5,0,0,99750.0
V12_allz,SM_daily_close_overlap,卖出口径,1,1,close_overlap,,,,,,,,,,0.03225606686194871,0.03333107833424198,0.34310174912608893,-0.5443781129817589,0.19401408873556214,0.032256066861949595,0.3431049617731894,0.48559670781893005,1.0,-0.10197348689342522,13.38052615225893,-9.909879586275295,238.42924,0.24319782480000002,243,244,2,0.9918367346938776,nan,-0.18892003529362422,0.2726933370073352,-0.20837440999845247,0.30397005844635605,0.43902439024390244,0.5333333333333333,3,0,99890.0
V7_allz,SM_h5_sl8_close_seq,卖出口径,1,5,close_seq,,,,0.08,,,,,,0.15833671957022655,0.16393242997026136,0.6272462564785163,-0.3281634935037061,0.1969639759858962,0.11397716579628603,0.4766342823960846,0.4878048780487805,4.975609756097561,-0.3589760749608595,21.410290467335646,-7.63449199138263,39.00182,0.0397818564,41,244,41,0.8326530612244898,0.2334318441063133,0.1164958004611314,0.037475214050795014,0.06659948699166329,0.044419371453338075,0.5238095238095238,0.45,0,0,0.0
V7_allz,SM_daily_close_seq,卖出口径,1,1,close_seq,,,,,,,,,,-0.31900584167321533,-0.327530366459869,-1.3416598091717056,-0.43442905962121103,-0.3490824771697637,-0.3327820270813113,-1.4630352349261797,0.48360655737704916,1.0,-0.13880989321553572,5.553017035498109,-7.385701896746055,99.98238,0.1019820276,122,244,123,0.49795918367346936,0.5182832236579368,-0.08147577235799675,-0.2585996777951042,-0.09640311336651441,-0.261597751399376,0.5161290322580645,0.45,0,0,0.0
V8_allz,SM_h5_sl8_open,卖出口径,1,5,open,,,,0.08,,,,,,0.20736724883144908,0.21484997666674,0.8255187170003048,-0.40218587217556356,0.22715761116125044,0.1146200781059159,0.47147204249256247,0.46938775510204084,4.979591836734694,-0.5369582878719914,17.060170788554885,-8.534853080263504,47.87396,0.04883143920000001,49,244,1,0.9959183673469387,0.25311614708546787,0.611442213901584,-0.25075361783640915,0.7262412734991415,-0.35430805923986,0.64,0.2916666666666667,0,0,0.0
V8_allz,SM_daily_open,卖出口径,1,1,open,,,,,,,,,,0.11387911725196465,0.11782478844878663,0.5116530658788988,-0.3527763654671142,0.15427774774751624,0.07050145232715632,0.3840905528025531,0.5432098765432098,1.0,0.10128473190056386,8.229193742960161,-5.432429477359014,231.1399,0.23576269800000002,243,244,2,0.9918367346938776,0.06402653722538636,0.1694006326053461,-0.04747860896028788,0.14370015522468793,-0.06400165512188116,0.5609756097560976,0.525,0,0,0.0
V8_allz,SM_h5_sl8_close_overlap,卖出口径,1,5,close_overlap,,,,0.08,,,,,,0.20159359162858648,0.2088505345396099,0.6406620955038019,-0.4182333311351787,0.27284949790943014,0.20159359162858648,0.6427625944882278,0.4897959183673469,4.979591836734694,-0.25410784500377037,18.577665650805052,-11.12158844501736,47.87396,0.04883143920000001,49,244,1,0.9959183673469387,nan,0.5808423640142542,-0.2399029663037595,0.6010621097545497,-0.24950219962872244,0.6,0.375,0,0,99767.0
V8_allz,SM_daily_close_overlap,卖出口径,1,1,close_overlap,,,,,,,,,,0.6289626729778772,0.6552326286177359,1.277035009903228,-0.46828133010323936,0.598976375527689,0.6289626729778781,1.2770628102032697,0.4897119341563786,1.0,-0.10197348689341412,15.166193264162352,-7.327864607793511,238.30864,0.2430748128,243,244,2,0.9918367346938776,nan,0.5097169247483573,0.07898550137099036,0.5018223632300638,0.08465735553062603,0.5609756097560976,0.4166666666666667,0,0,99953.0
V8_allz,SM_h5_sl8_close_seq,卖出口径,1,5,close_seq,,,,0.08,,,,,,0.5870917652180594,0.6113101925132287,1.7073502011214332,-0.2972806532937726,0.5070626173048841,0.5992068201789584,1.3396362824896997,0.5853658536585366,4.951219512195122,0.9503844789828131,18.577665650805052,-10.83251687894482,40.27952,0.041085110400000006,41,244,42,0.8285714285714286,0.34399900009028206,0.46799705246469525,0.08112735141627825,0.5366916696321382,0.040681648623621225,0.7142857142857143,0.45,0,0,0.0
V8_allz,SM_daily_close_seq,卖出口径,1,1,close_seq,,,,,,,,,,0.11104306099253702,0.1148854940442936,0.5063214430041544,-0.2677832194500184,0.1501742443145817,0.07440294511747325,0.3871554410362879,0.4672131147540984,1.0,-0.2721771325370048,15.166193264162375,-7.327864607793511,116.48484,0.11881453680000001,122,244,123,0.49795918367346936,0.5251745158582161,0.11874142109083419,-0.006881268497944015,0.09005851788238317,-0.014362139745785263,0.5483870967741935,0.38333333333333336,0,0,0.0
V9_allz,SM_h5_sl8_open,卖出口径,1,5,open,,,,0.08,,,,,,0.9627098458569106,1.0065867514597264,2.5238682970026893,-0.24873869518344627,0.7164253992597266,1.2532737109018344,1.8785678948869509,0.54,4.88,0.5856024793656878,36.26839217649105,-8.786004224687638,49.32572,0.050312234399999996,50,244,1,0.9959183673469387,0.293541857157261,0.6530567385378676,0.1873215238775976,0.8156840265091967,0.24100541614277482,0.6,0.48,0,0,0.0
V9_allz,SM_daily_open,卖出口径,1,1,open,,,,,,,,,,0.22400399358279266,0.23214256433343183,0.7725562510427351,-0.30141943817607053,0.2600353720563434,0.20242259786032535,0.6962721250995428,0.5267489711934157,1.0,0.09599484332094566,14.262107943888601,-7.450388921405615,222.5602,0.22701140400000003,243,244,2,0.9918367346938776,0.037590245435902205,0.029740823758091617,0.18865248938633683,-0.004569241426220949,0.20794197637927003,0.4959349593495935,0.5583333333333333,2,0,0.0
V9_allz,SM_h5_sl8_close_overlap,卖出口径,1,5,close_overlap,,,,0.08,,,,,,1.2907700430231261,1.3538791771532637,1.7384381022055821,-0.40491187247376637,0.9743145830024955,1.2907700430231261,1.780546757570397,0.52,4.88,0.0800164370332257,37.87034955481305,-9.952480635069449,49.32572,0.050312234399999996,50,244,1,0.9959183673469387,nan,0.916836625866571,0.1950783974547159,0.9538463269998156,0.17244125669835375,0.6,0.44,0,0,99884.0
V9_allz,SM_daily_close_overlap,卖出口径,1,1,close_overlap,,,,,,,,,,0.16483247421805447,0.17067418742134222,0.5560995683873194,-0.4957365441886239,0.28078333433234515,0.16483247421805403,0.5561056486955471,0.49794238683127573,1.0,-0.0028912205324083118,16.68891310811116,-8.136623857819936,239.18714,0.24397088280000004,243,244,2,0.9918367346938776,nan,0.2689177062188459,-0.08202677879793163,0.2641072174864916,-0.07853348346972722,0.5365853658536586,0.4583333333333333,2,0,99893.0
V9_allz,SM_h5_sl8_close_seq,卖出口径,1,5,close_seq,,,,0.08,,,,,,0.11598074487876153,0.12000307786832343,0.48665844784950135,-0.47699485734159175,0.1765429595905933,0.060104676761654874,0.3500283218712495,0.4634146341463415,4.975609756097561,-0.2960977718608704,37.870349554813075,-13.835194396046846,38.5379,0.039308658,41,244,41,0.8326530612244898,0.2454369043201922,0.20419517157300215,-0.0732559212797792,0.17048772554631397,-0.09430517413853179,0.5238095238095238,0.4,1,0,0.0
V9_allz,SM_daily_close_seq,卖出口径,1,1,close_seq,,,,,,,,,,0.26943626061845216,0.27940480712612703,0.9889574774111327,-0.1368838819302981,0.2796749215166012,0.22429674102428887,0.8170555198376751,0.4918032786885246,1.0,-0.07059432595233894,9.282559714550832,-7.327864607793511,117.9685,0.12032787,122,244,123,0.49795918367346936,0.5328209944797954,0.08646601419702193,0.1684086239519036,0.06045466157797996,0.15450172966613152,0.4838709677419355,0.5,1,0,0.0
V10_allz,SM_h5_sl8_open,卖出口径,1,5,open,,,,0.08,,,,,,0.33273458316534765,0.3453448596186941,1.1254044445622393,-0.2252742890289675,0.3314128918315624,0.2891976324148722,0.94215347205786,0.5,4.88,0.019589714327283847,12.067991267265988,-8.786004224687638,49.27728,0.0502628256,50,244,1,0.9959183673469387,0.16253424724844806,0.2645127881239653,0.05395105188504745,0.24961770102526804,0.03167363214936003,0.52,0.48,0,0,0.0
V10_allz,SM_daily_open,卖出口径,1,1,open,,,,,,,,,,0.08447941887250354,0.08736690728352503,0.4164109121540747,-0.2527671364341537,0.13384308453895433,0.025367246530099585,0.2455608865510371,0.49794238683127573,1.0,-0.009831545180771784,11.527317514835378,-6.206492418077392,234.15362,0.23883669240000002,243,244,2,0.9918367346938776,0.0740457512963834,0.13837704534490358,-0.04734602361563822,0.09603291741678532,-0.0644740406640667,0.5040650406504065,0.49166666666666664,3,0,0.0
V14_allz,SM_h5_sl8_open,卖出口径,1,5,open,,,,0.08,,,,,,-0.36395465421063344,-0.373321110381568,-0.8023604852023815,-0.44897977818176527,-0.3528267302273931,-0.3902790639819942,-1.000726086056738,0.3333333333333333,4.784313725490196,-1.461323393371372,14.695240245493736,-11.661864992611449,43.72212,0.044596562400000005,51,244,1,0.9959183673469387,0.0372799516057762,0.08931278377570262,-0.41610402883114217,0.025999044032847918,-0.4057295281471186,0.4,0.2692307692307692,0,0,0.0
V14_allz,SM_daily_open,卖出口径,1,1,open,,,,,,,,,,0.2179161887095764,0.22581387036686662,0.7142735668927045,-0.2510245614429186,0.27056397121394216,0.1458476297290381,0.5359909966757177,0.48148148148148145,1.0,-0.10197348689340302,11.769409843177847,-8.646760389307339,237.44234,0.24219118680000004,243,244,2,0.9918367346938776,0.12214076732608094,0.08707147534179294,0.12036440688193362,0.06682034959616834,0.07407740221939418,0.4796747967479675,0.48333333333333334,1,0,0.0
V14_allz,SM_h5_sl8_close_overlap,卖出口径,1,5,close_overlap,,,,0.08,,,,,,-0.4902196155664329,-0.5013576915757683,-1.2154715783668382,-0.6007414807860082,-0.5605801893084437,-0.4902196155664328,-1.2292510118174795,0.4117647058823529,4.803921568627451,-0.7068291889744005,17.559217096923476,-17.88642195722887,49.92748,0.0509260296,51,244,1,1.0,nan,0.1970970116878492,-0.5741528218211813,0.12254721508251776,-0.5458717659407373,0.48,0.34615384615384615,0,1,99930.0
V14_allz,SM_daily_close_overlap,卖出口径,1,1,close_overlap,,,,,,,,,,0.21735889421733545,0.22523457596039576,0.6314388820580203,-0.5016412206095162,0.385209976952386,0.21735889421733368,0.6314462493002291,0.46502057613168724,1.0,-0.30714402315099587,16.68891310811116,-11.730155833242218,238.33766,0.2431044132,243,244,2,0.9918367346938776,nan,-0.014081435932884578,0.23474588935163232,-0.02690441856683856,0.25101677311536585,0.4796747967479675,0.45,1,0,99960.0
V14_allz,SM_h5_sl8_close_seq,卖出口径,1,5,close_seq,,,,0.08,,,,,,0.1786856937819623,0.18505615635057593,0.6152708417044117,-0.2751012856890942,0.24621430284347634,0.10049082081301686,0.4383063776770879,0.4523809523809524,4.833333333333333,-0.5416717438414431,22.36649977855074,-17.88642195722887,41.1989,0.042022878,42,244,42,0.8285714285714286,0.2557081805820052,0.1378958688130245,0.0358467115373986,0.09001116458681513,0.009614265033857539,0.47619047619047616,0.42857142857142855,0,1,0.0
V14_allz,SM_daily_close_seq,卖出口径,1,1,close_seq,,,,,,,,,,0.41987752602390316,0.43629192055084376,1.1894458754623927,-0.19240950867781825,0.41251362487083987,0.4090107041050963,1.0705944853444083,0.4672131147540984,1.0,-0.2621695925701717,12.37490970948507,-11.694587822466696,119.4299,0.12181849800000001,122,244,123,0.49795918367346936,0.5754052541454143,0.10841372794403092,0.280999585468503,0.08914567874364421,0.29368433590116716,0.4838709677419355,0.45,0,0,0.0
V15_allz,SM_h5_sl8_open,卖出口径,1,5,open,,,,0.08,,,,,,-0.050979377996839936,-0.052606089352047025,0.15394845507194752,-0.422692982491197,0.07767289084312745,-0.25741905130173925,-0.09577224117822492,0.4423076923076923,4.6923076923076925,-1.5831870142263227,48.624853336451835,-15.759441006876685,48.76302,0.049738280399999994,52,244,1,0.9959183673469387,0.14830554634629728,0.32779484872020226,-0.28526562449170856,0.1895534324155026,-0.37574813500358795,0.5185185185185185,0.36,1,0,0.0
V15_allz,SM_daily_open,卖出口径,1,1,open,,,,,,,,,,0.9859869603884903,1.0311692376662003,2.130329626522401,-0.2203919722351223,0.7498971474010054,1.2165526584818491,1.669731001693183,0.5102880658436214,1.0,0.020694006061483528,14.67081788975415,-8.949673084997912,235.96734,0.24068668680000002,243,244,2,0.9918367346938776,0.35033263478541654,1.0356263062688744,-0.024385293964574006,1.5345498881393618,-0.12546497156974756,0.5691056910569106,0.45,1,0,0.0
V12_allz,SM_h5_sl8_close_seq,卖出口径,1,5,close_seq,,,,0.08,,,,,,-0.23638975634398462,-0.24311225222999322,-0.49514393987520544,-0.5374204928546923,-0.19283216742619902,-0.2774854725313135,-0.4339575190047058,0.40476190476190477,4.833333333333333,-0.5721851827774405,22.03759894399773,-14.94112196861167,37.69416,0.038448043200000004,42,244,42,0.8285714285714286,0.2266780541323962,0.052747956697155374,-0.2746504623464364,0.014543074210136231,-0.28784243287926103,0.47619047619047616,0.3333333333333333,1,0,0.0
V12_allz,SM_daily_close_seq,卖出口径,1,1,close_seq,,,,,,,,,,-0.03206577427670032,-0.03309951965217628,0.09106228322690821,-0.3120734185324988,0.03257055018777022,-0.07256625318175469,-0.028579056303573217,0.47540983606557374,1.0,-0.18650854102523207,12.004253893987539,-9.138634421273117,109.82912,0.1120257024,122,244,123,0.49795918367346936,0.5157463710366199,-0.1025705102328659,0.0785629810030648,-0.15192842318128963,0.09357956588668936,0.41935483870967744,0.5333333333333333,1,0,0.0
V13_allz,SM_h5_sl8_open,卖出口径,1,5,open,,,,0.08,,,,,,1.2172964992363968,1.2759475827521989,2.6077022731806205,-0.22142217037643774,0.8515783264324625,1.5852697713968356,1.5962720872838787,0.48,4.88,-0.4281143193035186,52.02122661783151,-12.091696254439254,49.04572,0.050026634400000006,50,244,1,0.9959183673469387,0.33576608472544417,1.0288277406301076,0.09289539709653094,1.6837198652205063,-0.03668419163249059,0.56,0.4,0,0,0.0
V13_allz,SM_daily_open,卖出口径,1,1,open,,,,,,,,,,-0.12189719810796684,-0.12563172572121162,-0.07443099996656781,-0.49703553447914983,-0.03253474722040528,-0.18591178992731916,-0.1850526146279227,0.4897119341563786,1.0,-0.10197348689340302,21.25999376914138,-11.319700542689281,228.34142,0.23290824840000002,243,244,2,0.9918367346938776,0.0641780174664509,0.19225097013488956,-0.26349164405151604,0.15006330365889653,-0.2921361741717342,0.5691056910569106,0.4083333333333333,0,0,0.0
V13_allz,SM_h5_sl8_close_overlap,卖出口径,1,5,close_overlap,,,,0.08,,,,,,2.485629203697405,2.631289690020215,1.801596005941105,-0.3943545278118774,1.5695352206583995,2.485629203697407,1.848589039121839,0.54,4.9,1.4847933222292276,67.27977465785635,-16.326871958398225,49.31068,0.0502968936,50,244,1,1.0,nan,2.3384699519052576,0.04407984912614249,2.9340082162096737,-0.11397510830423974,0.64,0.44,0,1,99827.0
V13_allz,SM_daily_close_overlap,卖出口径,1,1,close_overlap,,,,,,,,,,0.4812164701647923,0.5004190956339263,0.9279894279392458,-0.4935288452053861,0.617230327231905,0.48121647016479274,0.9284679677462053,0.49382716049382713,1.008230452674897,-0.10197348689341412,21.25999376914138,-16.326871958398225,239.7918,0.24458763600000002,243,244,2,1.0,nan,0.7345502650118592,-0.14605157311214345,0.7279745552832855,-0.14280192052830287,0.5365853658536586,0.45,0,2,147759.0
V13_allz,SM_h5_sl8_close_seq,卖出口径,1,5,close_seq,,,,0.08,,,,,,1.1112923140865094,1.1636613974401921,2.5688616100236303,-0.15641249663904322,0.7970049201717192,1.574310160767805,1.9991889115508,0.5813953488372093,4.6976744186046515,1.3999834221506413,20.420361233749773,-11.419785572732222,42.39076,0.0432385752,43,244,43,0.8244897959183674,0.48996135585100575,0.8581737759413763,0.1362189809276051,1.468959162668947,0.04267020681904432,0.6666666666666666,0.5,0,0,0.0
V13_allz,SM_daily_close_seq,卖出口径,1,1,close_seq,,,,,,,,,,0.48833440631401626,0.5078662955304631,1.3370124595218325,-0.2873244585639384,0.4576966801227542,0.4332822202972739,0.9909042197113898,0.49586776859504134,1.0165289256198347,-0.10197348689341412,21.25999376914138,-16.326871958398225,119.18922,0.12157300439999999,121,244,122,0.5020408163265306,0.6259853157310881,0.5394873133701816,-0.03322723520480675,0.6272074632538382,-0.11917671675914188,0.532258064516129,0.4576271186440678,0,2,0.0
V15_allz,SM_h5_sl8_close_overlap,卖出口径,1,5,close_overlap,,,,0.08,,,,,,-0.34773796306336646,-0.356812521326071,-0.44153695827287753,-0.5398596740877738,-0.2573778313564362,-0.3477379630633667,-0.44217525352494885,0.40384615384615385,4.711538461538462,-0.7237989850016113,26.587919720058316,-13.448318023222484,50.4998,0.051509796000000004,52,244,1,1.0,nan,0.3682841113083797,-0.5232992683712975,0.22000755529643978,-0.4653622970571314,0.5185185185185185,0.28,1,1,99749.0
V15_allz,SM_daily_close_overlap,卖出口径,1,1,close_overlap,,,,,,,,,,0.7691157718788144,0.8025171694518922,1.1336243075374839,-0.6006441140083487,0.8901362069669866,0.7691157718788135,1.135671259516936,0.4732510288065844,1.0164609053497942,-0.41734890253455337,17.722165405573563,-16.326871958398225,236.62334,0.24135580680000002,243,244,2,1.0081632653061225,nan,1.1049170720741586,-0.15953184315448976,1.0355782432346996,-0.13090259352175837,0.5040650406504065,0.44166666666666665,1,4,196641.0
V15_allz,SM_h5_sl8_close_seq,卖出口径,1,5,close_seq,,,,0.08,,,,,,-0.0678604178755351,-0.07000561690659246,0.10633206829215941,-0.3915170733571316,0.05187297853656703,-0.13978889489685364,-0.06931086421468513,0.46511627906976744,4.6976744186046515,-0.19810233954556944,23.368010594207057,-13.61197440016947,39.60256,0.04039461120000001,43,244,43,0.8244897959183674,0.23214097675033663,0.1431088167548169,-0.1845574380480025,0.07976354597605351,-0.20333381478853552,0.4090909090909091,0.5238095238095238,0,0,0.0
V15_allz,SM_daily_close_seq,卖出口径,1,1,close_seq,,,,,,,,,,0.20909956987039702,0.2166502256045173,0.6389757685759799,-0.42914914256806147,0.31064056585240374,0.12428156515868127,0.48946753094130646,0.4297520661157025,1.0165289256198347,-0.5465846986517864,13.227894080872282,-11.499010257333108,114.91188,0.11721011760000001,121,244,122,0.5020408163265306,0.5534775161123232,0.3421576737128189,-0.0991374608575919,0.30276748979153956,-0.1370052031782113,0.41935483870967744,0.4406779661016949,0,2,0.0
V16_allz,SM_h5_sl8_open,卖出口径,1,5,open,,,,0.08,,,,,,1.0101713761393545,1.0567199130475498,2.271238224504633,-0.2610809512986494,0.7549551134832156,1.2673980367829478,1.432406430186167,0.5490196078431373,4.784313725490196,0.6790734409053423,52.02122661783151,-10.31464117777049,50.14812,0.05115108240000001,51,244,1,0.9959183673469387,0.2991538029229156,0.968480149039471,0.021179399304700475,1.41050409012604,-0.05936768741828191,0.68,0.4230769230769231,0,0,0.0
V16_allz,SM_daily_open,卖出口径,1,1,open,,,,,,,,,,0.16424283476829626,0.1700621665752693,0.5822414937470293,-0.3878962092067857,0.2363773548009468,0.09520086694231011,0.426894927804517,0.49794238683127573,1.0,-0.008306397488477835,21.25999376914138,-6.947040616286615,238.1647,0.242927994,243,244,2,0.9918367346938776,0.11820415901401463,0.3285029294962565,-0.12364300528132488,0.3593026880768002,-0.19429213482109153,0.5203252032520326,0.475,1,0,0.0
V16_allz,SM_h5_sl8_close_overlap,卖出口径,1,5,close_overlap,,,,0.08,,,,,,1.829314693881745,1.9274566757046965,1.5707750400980565,-0.42595237278982656,1.3405621816969384,1.829314693881745,1.6008500887878359,0.5686274509803921,4.784313725490196,1.1770116741928405,67.27977465785635,-15.472977025973256,50.46122,0.0514704444,51,244,1,0.9959183673469387,nan,1.638995828291626,0.07211791074081453,1.7350870249651162,0.03445143355825375,0.76,0.38461538461538464,0,0,99953.0
V16_allz,SM_daily_close_overlap,卖出口径,1,1,close_overlap,,,,,,,,,,0.6849577395918918,0.7140289810743177,1.160242040803775,-0.663706507797645,0.7114422716853157,0.6849577395918924,1.1602645906655702,0.5185185185185185,1.0,0.06863062020256994,21.25999376914138,-9.829174144452168,239.92934,0.2447279268,243,244,2,0.9918367346938776,nan,1.8921038912822357,-0.4173937718244092,1.8523308876786788,-0.40926988980469703,0.5853658536585366,0.45,1,0,99930.0
V16_allz,SM_h5_sl8_close_seq,卖出口径,1,5,close_seq,,,,0.08,,,,,,0.6298326848013132,0.6561456639351935,1.6081225740523784,-0.21710672432757305,0.547613506717843,0.7885698833603703,1.4869789514238,0.5365853658536586,4.951219512195122,0.7223998821775712,24.465848125229538,-11.966690363059417,40.37348,0.041180949599999996,41,244,42,0.8285714285714286,0.368383190354928,0.5313288685000961,0.06432570973320773,0.6786501423765674,0.06548103038801312,0.7142857142857143,0.35,0,0,0.0
V16_allz,SM_daily_close_seq,卖出口径,1,1,close_seq,,,,,,,,,,0.2685929272462999,0.27852699343796217,0.8792807041461607,-0.3519567676373653,0.295362333149338,0.22601429318649258,0.6818223642007072,0.5163934426229508,1.0,0.05373607339753672,21.25999376914138,-9.829174144452168,120.63866,0.12305143319999999,122,244,123,0.49795918367346936,0.6088741883541425,0.3989480537646417,-0.093180819807819,0.4624937296028675,-0.16169603440323121,0.532258064516129,0.5,1,0,0.0
V17_allz,SM_h5_sl8_open,卖出口径,1,5,open,,,,0.08,,,,,,0.5177855683107944,0.5386921717922748,1.384019886358035,-0.2539399733081704,0.4785478337222936,0.45542542742984726,0.9830917365268503,0.44,4.88,-0.4779439230761795,21.83937556252453,-12.576990851943703,48.69624,0.04967016480000001,50,244,1,0.9959183673469387,0.267951463734828,0.5664575013515372,-0.031071339630183714,0.5564635293087441,-0.06491517467407004,0.5,0.375,0,0,0.0
V17_allz,SM_daily_open,卖出口径,1,1,open,,,,,,,,,,-0.031168096705727844,-0.0321733860986636,0.13424617752832985,-0.4722541159744307,0.05567189026536512,-0.08354933510758689,0.038537582322950945,0.4773662551440329,1.0,-0.1648502207036162,12.57446920009948,-9.043854606386025,209.39098,0.2135787996,243,244,2,0.9918367346938776,0.07209333300994158,-0.05985232494161363,0.03051034321188184,-0.12100182851312358,0.04260815849273447,0.4715447154471545,0.48333333333333334,3,0,0.0
V17_allz,SM_h5_sl8_close_overlap,卖出口径,1,5,close_overlap,,,,0.08,,,,,,0.7520560651127421,0.7845683223623949,1.2884196576788247,-0.3601437464313533,0.7136161797874025,0.7520560651127404,1.305289011330666,0.56,4.88,0.6831789462677262,21.83937556252453,-18.126272676350517,48.95366,0.04993273320000001,50,244,1,0.9959183673469387,nan,0.8562280977325469,-0.05612027570698608,0.8302914190273931,-0.042744752612251524,0.6153846153846154,0.5,0,0,99677.0
V17_allz,SM_daily_close_overlap,卖出口径,1,1,close_overlap,,,,,,,,,,0.5646098529937436,0.5877423541801732,1.0568407275586755,-0.3600711477454531,0.6232973819987837,0.564609852993742,1.0568592813006452,0.4567901234567901,1.0,-0.2968545916853027,18.037724921000063,-10.331073577522199,238.13494,0.24289763879999998,243,244,2,0.9918367346938776,nan,-0.08489260682992206,0.7097554502031571,-0.0750499253719038,0.6915614106229904,0.43902439024390244,0.475,3,0,99896.0
V17_allz,SM_h5_sl8_close_seq,卖出口径,1,5,close_seq,,,,0.08,,,,,,-0.21869304042811466,-0.22498938661851164,-0.31716771027243956,-0.37130192648483795,-0.14291394707490024,-0.26223017662144255,-0.46803426728782743,0.42857142857142855,4.809523809523809,-1.2029574834813428,18.013207574205104,-13.083554728660495,32.8799,0.033537498000000006,42,244,43,0.8244897959183674,0.190045586614893,-0.09198392196097238,-0.13954501636225092,-0.18676238250229316,-0.09279919238286094,0.36363636363636365,0.5,1,0,0.0
V17_allz,SM_daily_close_seq,卖出口径,1,1,close_seq,,,,,,,,,,0.3627953969248947,0.3766965388329524,0.995335478012614,-0.24638395800813928,0.3867303351575637,0.32185327972378297,0.9016269752589516,0.45081967213114754,1.0,-0.3592250553106191,12.374909709485094,-10.331073577522199,116.37038,0.1186977876,122,244,123,0.49795918367346936,0.5349174705852,-0.05118770208282852,0.43631717244443124,-0.09089207942293587,0.4540113993118944,0.3870967741935484,0.5166666666666667,2,0,0.0
V11_allz,SM_h5_sl8_open,卖出口径,1,5,open,,,,0.08,,,,,,0.10934121642627592,0.11312181697131551,0.49104121456973265,-0.29240947661014327,0.15343261776255568,0.09754512131920268,0.457604732089017,0.5306122448979592,4.979591836734694,0.45654051734258516,10.664458010148149,-7.686208482346302,47.76858,0.04872395160000001,49,244,1,0.9959183673469387,0.07667749399878766,0.05876398414008399,0.047770072503239946,0.07949236067988741,0.01672337970779636,0.48,0.5833333333333334,0,0,0.0
V11_allz,SM_daily_open,卖出口径,1,1,open,,,,,,,,,,-0.009381453876289747,-0.009687547880247838,0.1581662777450928,-0.25366841725969036,0.057404385827086624,0.003102470351850961,0.1866941157588857,0.4609053497942387,1.0,-0.10197348689341412,11.769409843177847,-9.978581119726215,227.4145,0.23196279000000003,243,244,2,0.9918367346938776,0.04259673023548326,-0.03319218497151888,0.024628194688856464,-0.03030454907567348,0.034451042743038895,0.4796747967479675,0.44166666666666665,2,0,0.0
V11_allz,SM_h5_sl8_close_overlap,卖出口径,1,5,close_overlap,,,,0.08,,,,,,0.02508161185992841,0.02591452574172992,0.25423147370075433,-0.3564836413781436,0.09139226569339787,0.025081611859928632,0.25436399068116405,0.5102040816326531,4.979591836734694,0.4855904670192812,10.248465415043452,-10.0993741627177,48.0244,0.04898488800000001,49,244,1,0.9959183673469387,nan,0.15353549969848812,-0.11135668375367302,0.12614929799899932,-0.0897462586165555,0.48,0.5416666666666666,0,0,99780.0
V11_allz,SM_daily_close_overlap,卖出口径,1,1,close_overlap,,,,,,,,,,0.18430263828346005,0.19088907125014232,0.6026839528875172,-0.4171826798244924,0.27289279204598793,0.18430263828345916,0.6026908092811825,0.4691358024691358,1.0,-0.21330311580012307,13.38052615225893,-8.40797102723081,238.79086,0.24356667719999997,243,244,2,0.9918367346938776,nan,0.16223384684331488,0.018988253956021328,0.1462504891506624,0.03319706250332044,0.5040650406504065,0.43333333333333335,2,0,99846.0
V11_allz,SM_h5_sl8_close_seq,卖出口径,1,5,close_seq,,,,0.08,,,,,,0.16879612702454394,0.1747885550280479,0.643960918611692,-0.2930306070118146,0.21044687800027362,0.12247198001661963,0.4839642627281628,0.5121951219512195,4.975609756097561,0.013871248631769362,20.016252564456714,-15.612027956522,40.4595,0.041268690000000004,41,244,41,0.8326530612244898,0.3264351542431562,0.2932774946797816,-0.09625263577795462,0.3038497304207002,-0.13910939748061113,0.5714285714285714,0.45,1,0,0.0
V11_allz,SM_daily_close_seq,卖出口径,1,1,close_seq,,,,,,,,,,-0.025072166830802378,-0.02588347496559451,0.09155467333108858,-0.3375644644126884,0.03033616955631635,-0.027509274839423004,0.07206334048409406,0.4426229508196721,1.0,-0.35514507235313575,9.988282303567054,-6.607772615824025,117.26826,0.11961362519999999,122,244,123,0.49795918367346936,0.5516444063908345,0.09131985755614735,-0.10665253049421486,0.09100257471400486,-0.10862655350240169,0.5,0.38333333333333336,1,0,0.0
V11_mixA,SM_h5_sl8_open,卖出口径,1,5,open,,,,0.08,,,,,,0.5536799137169754,0.5762884754119308,1.5350065565355338,-0.2008385589631826,0.49321761332270897,0.7031297459198074,1.5114435043205081,0.5102040816326531,4.979591836734694,0.857009791363117,23.49620048836274,-10.31464117777049,48.25562,0.049220732399999995,49,244,1,0.9959183673469387,0.2542709445769038,0.4127657577784316,0.09974346784857668,0.5503393500676297,0.09855287221182452,0.52,0.5,1,0,0.0
V11_mixA,SM_daily_open,卖出口径,1,1,open,,,,,,,,,,0.24345993227776974,0.25237525339622,0.8102813152556584,-0.18256227310690099,0.27800017235829655,0.23490554274188136,0.7539028357504552,0.48148148148148145,1.0,-0.10197348689340302,11.769409843177847,-5.256379850368864,239.0942,0.24387608400000002,243,244,2,0.9918367346938776,0.0912891376869513,0.0830882503648962,0.14806889637925846,0.08768505328641152,0.13535213066562513,0.4715447154471545,0.49166666666666664,3,0,0.0
V11_mixB,SM_h5_sl8_close_seq,卖出口径,1,5,close_seq,,,,0.08,,,,,,0.1707664559571913,0.1768339745069698,0.6474029961838603,-0.2999757160212736,0.2127058630307972,0.12424392787035465,0.4875860792769449,0.5365853658536586,4.975609756097561,0.022063742335176606,20.016252564456714,-15.612027956522,40.4614,0.041270628000000004,41,244,41,0.8326530612244898,0.32417921309081493,0.2871875918896376,-0.09044612973741795,0.2900040628963829,-0.12849582400062765,0.5714285714285714,0.5,1,0,0.0
V11_mixB,SM_daily_close_seq,卖出口径,1,1,close_seq,,,,,,,,,,-0.02025104893594387,-0.020908028502672038,0.10683321537910868,-0.3338714160687678,0.03545150716146217,-0.022228723032637676,0.08936729239920534,0.45081967213114754,1.0,-0.3029941294337868,9.988282303567054,-6.607772615824025,117.40756,0.1197557112,122,244,123,0.49795918367346936,0.5529530990716994,0.09668651211342816,-0.10662806532016234,0.09692663698839077,-0.10862655350240114,0.5161290322580645,0.38333333333333336,1,0,0.0
V11_mixC,SM_h5_sl8_open,卖出口径,1,5,open,,,,0.08,,,,,,0.10934121642627592,0.11312181697131551,0.49104121456973265,-0.29240947661014327,0.15343261776255568,0.09754512131920268,0.457604732089017,0.5306122448979592,4.979591836734694,0.45654051734258516,10.664458010148149,-7.686208482346302,47.76858,0.04872395160000001,49,244,1,0.9959183673469387,0.07667749399878766,0.05876398414008399,0.047770072503239946,0.07949236067988741,0.01672337970779636,0.48,0.5833333333333334,0,0,0.0
V11_mixC,SM_daily_open,卖出口径,1,1,open,,,,,,,,,,-0.009381453876289747,-0.009687547880247838,0.1581662777450928,-0.25366841725969036,0.057404385827086624,0.003102470351850961,0.1866941157588857,0.4609053497942387,1.0,-0.10197348689341412,11.769409843177847,-9.978581119726215,227.4145,0.23196279000000003,243,244,2,0.9918367346938776,0.04259673023548326,-0.03319218497151888,0.024628194688856464,-0.03030454907567348,0.034451042743038895,0.4796747967479675,0.44166666666666665,2,0,0.0
V11_mixC,SM_h5_sl8_close_overlap,卖出口径,1,5,close_overlap,,,,0.08,,,,,,0.02508161185992841,0.02591452574172992,0.25423147370075433,-0.3564836413781436,0.09139226569339787,0.025081611859928632,0.25436399068116405,0.5102040816326531,4.979591836734694,0.4855904670192812,10.248465415043452,-10.0993741627177,48.0244,0.04898488800000001,49,244,1,0.9959183673469387,nan,0.15353549969848812,-0.11135668375367302,0.12614929799899932,-0.0897462586165555,0.48,0.5416666666666666,0,0,99780.0
V11_mixC,SM_daily_close_overlap,卖出口径,1,1,close_overlap,,,,,,,,,,0.18430263828346005,0.19088907125014232,0.6026839528875172,-0.4171826798244924,0.27289279204598793,0.18430263828345916,0.6026908092811825,0.4691358024691358,1.0,-0.21330311580012307,13.38052615225893,-8.40797102723081,238.79086,0.24356667719999997,243,244,2,0.9918367346938776,nan,0.16223384684331488,0.018988253956021328,0.1462504891506624,0.03319706250332044,0.5040650406504065,0.43333333333333335,2,0,99846.0
V11_mixC,SM_h5_sl8_close_seq,卖出口径,1,5,close_seq,,,,0.08,,,,,,0.16879612702454394,0.1747885550280479,0.643960918611692,-0.2930306070118146,0.21044687800027362,0.12247198001661963,0.4839642627281628,0.5121951219512195,4.975609756097561,0.013871248631769362,20.016252564456714,-15.612027956522,40.4595,0.041268690000000004,41,244,41,0.8326530612244898,0.3264351542431562,0.2932774946797816,-0.09625263577795462,0.3038497304207002,-0.13910939748061113,0.5714285714285714,0.45,1,0,0.0
V11_mixC,SM_daily_close_seq,卖出口径,1,1,close_seq,,,,,,,,,,-0.025072166830802378,-0.02588347496559451,0.09155467333108858,-0.3375644644126884,0.03033616955631635,-0.027509274839423004,0.07206334048409406,0.4426229508196721,1.0,-0.35514507235313575,9.988282303567054,-6.607772615824025,117.26826,0.11961362519999999,122,244,123,0.49795918367346936,0.5516444063908345,0.09131985755614735,-0.10665253049421486,0.09100257471400486,-0.10862655350240169,0.5,0.38333333333333336,1,0,0.0
V11_mixA,SM_h5_sl8_close_overlap,卖出口径,1,5,close_overlap,,,,0.08,,,,,,0.7195112663278009,0.7503432466033997,1.4085679325454707,-0.27271966115643576,0.6472166514766625,0.7195112663278,1.431274595442026,0.5510204081632653,4.979591836734694,0.9526046434678248,21.929516738968147,-11.966690363059417,48.31688,0.0492832176,49,244,1,0.9959183673469387,nan,0.584893692726286,0.08493791994966493,0.7271261334793924,-0.004408981488950192,0.6,0.5,1,0,99905.0
V11_mixA,SM_daily_close_overlap,卖出口径,1,1,close_overlap,,,,,,,,,,3.252699508040938,3.459402307235936,3.119839427597344,-0.2124712750162867,1.5807185199583436,3.2526995080409353,3.1201146290747372,0.5349794238683128,1.0,0.19764891098343895,13.38052615225893,-8.812845389421287,239.77576,0.24457127520000002,243,244,2,0.9918367346938776,nan,1.7356842774654448,0.5545286212563165,1.6980623991664623,0.576205023781051,0.5528455284552846,0.5166666666666667,3,0,99792.0
V11_mixA,SM_h5_sl8_close_seq,卖出口径,1,5,close_seq,,,,0.08,,,,,,0.6705629016512717,0.6989078023640869,1.9095489175044258,-0.24866680186597578,0.5569779873011392,0.8322656246867706,1.5180403915781964,0.5609756097560976,4.975609756097561,0.992632426517992,21.666560242723996,-9.88963848420389,40.49622,0.0413061444,41,244,41,0.8326530612244898,0.4409323741030365,0.77545069717793,-0.059076715390282364,0.9220130388020333,-0.0466944876561306,0.6666666666666666,0.45,1,1,0.0
V11_mixA,SM_daily_close_seq,卖出口径,1,1,close_seq,,,,,,,,,,0.41290720391308366,0.4290104283746503,1.3572605799970692,-0.13870034785401464,0.3871775902608793,0.48962079459895214,1.3567404333174058,0.5163934426229508,1.0,0.07424227956774887,9.112220684373229,-8.812845389421287,120.35666,0.1227637932,122,244,123,0.49795918367346936,0.6087011871952742,0.29868676873961775,0.08795071908241381,0.3506113992370532,0.10292330972508057,0.5161290322580645,0.5166666666666667,1,0,0.0
V11_mixB,SM_h5_sl8_open,卖出口径,1,5,open,,,,0.08,,,,,,0.009362789635048996,0.00967124608123493,0.19566182326699028,-0.303265528100946,0.06431251970969143,0.008602724582252641,0.1901468594680763,0.5102040816326531,4.979591836734694,0.45654051734260737,10.664458010148149,-7.686208482346302,46.29848,0.04722444960000001,49,244,1,0.9959183673469387,0.04389930552530414,0.005667299550202287,0.0036746646594743027,-0.007987084085622542,0.016723379707797248,0.44,0.5833333333333334,0,0,0.0
V11_mixB,SM_daily_open,卖出口径,1,1,open,,,,,,,,,,0.1684104031474325,0.1743881441835926,0.613927716829377,-0.23671504265108134,0.2221797295193665,0.16854040590176567,0.6162357180819803,0.4691358024691358,1.0,-0.10197348689341412,11.769409843177847,-9.978581119726215,236.59192,0.2413237584,243,244,2,0.9918367346938776,0.0742201256872434,0.03229260923782973,0.1318597001388011,0.038422442463691864,0.1253034970328306,0.4878048780487805,0.45,2,0,0.0
V11_mixB,SM_h5_sl8_close_overlap,卖出口径,1,5,close_overlap,,,,0.08,,,,,,-0.050657842922881,-0.052274579515278696,0.04670321750802071,-0.3633171846462494,0.01708524593499383,-0.05065784292288089,0.04670441743367612,0.5102040816326531,4.979591836734694,0.4855904670192812,10.248465415043452,-10.0993741627177,47.98796,0.04894771920000001,49,244,1,0.9959183673469387,nan,0.07977122945235027,-0.1207932465855599,0.04294232906339568,-0.0897462586165555,0.48,0.5416666666666666,0,0,99780.0
V11_mixB,SM_daily_close_overlap,卖出口径,1,1,close_overlap,,,,,,,,,,0.48227527319395125,0.501526802959475,1.0835607651401193,-0.3849487506603716,0.5028282847027779,0.4822752731939488,1.0835802960740224,0.48559670781893005,1.0,-0.10197348689342522,13.38052615225893,-8.40797102723081,238.54384,0.2433147168,243,244,2,0.9918367346938776,nan,0.30811731444537527,0.13313634551379527,0.2901277274121614,0.14893683911996258,0.5284552845528455,0.44166666666666665,2,0,99846.0
V18_f1,SM_h5_sl8_close_overlap,卖出口径,1,5,close_overlap,,,,0.08,,,,,,0.02481585710250589,0.025639835866453575,0.23931889187306335,-0.3775485966492145,0.07864368973634106,0.024815857102505445,0.23942692666477108,0.46,4.88,-0.4270354196084625,15.08395159030802,-8.789890950770939,49.25458,0.050239671599999994,50,244,1,0.9959183673469387,nan,0.10305729992081303,-0.07093144012004104,0.12275654891332355,-0.0872323496181,0.52,0.4,3,0,99744.0
V18_f1,SM_daily_close_overlap,卖出口径,1,1,close_overlap,,,,,,,,,,-0.3463358108348822,-0.35538449355373836,-0.6684393405391111,-0.6219946011317963,-0.3124062209259022,-0.34633581083488263,-0.6794689875729282,0.48148148148148145,1.0041152263374487,-0.10197348689341412,15.185313954294234,-13.734792590290168,239.63786,0.24443061719999998,243,244,2,0.9959183673469387,nan,0.44311799081425285,-0.547047300826525,0.44668801058980523,-0.5481650608975299,0.5528455284552846,0.4083333333333333,10,1,148130.0
V18_f1,SM_h5_sl8_close_seq,卖出口径,1,5,close_seq,,,,0.08,,,,,,0.06076716676965255,0.06282086334687764,0.3479846642132334,-0.302699080944116,0.1110461226208358,0.02449258262955656,0.25245220489508907,0.4634146341463415,4.926829268292683,-0.3881586207433285,24.455157613264976,-14.20303694012529,40.09096,0.0408927792,41,244,43,0.8244897959183674,0.21917285104471906,0.10232010372825351,-0.03769588962231751,0.10749458035032533,-0.07494573715612529,0.5714285714285714,0.35,1,0,0.0
V18_f1,SM_daily_close_seq,卖出口径,1,1,close_seq,,,,,,,,,,0.2126209096086107,0.2203099049199253,0.8126093640148196,-0.32880943275813335,0.23619862462719798,0.16428335410049155,0.6264892125065461,0.5081967213114754,1.0,0.06891641848605357,15.185313954294234,-8.158702266822381,120.12236,0.1225248072,122,244,123,0.49795918367346936,0.5763590055970167,0.2843636439979469,-0.05585858391788112,0.2945901244851481,-0.10065484659592838,0.5483870967741935,0.4666666666666667,6,0,0.0
V18_f2,SM_h5_sl8_open,卖出口径,1,5,open,,,,0.08,,,,,,0.43734593990764314,0.45454529892504336,1.1797475097540584,-0.20724970136610377,0.4301128417920551,0.4406552153281409,1.029608084797928,0.42,4.88,-0.7263241680273591,20.892567932337602,-12.091696254439254,48.80046,0.0497764692,50,244,1,0.9959183673469387,0.17450149347912464,0.3319157970885882,0.07915676279950601,0.3757371324210588,0.04718785397093783,0.44,0.4,0,0,0.0
V18_f2,SM_daily_open,卖出口径,1,1,open,,,,,,,,,,0.106831987053156,0.11052158252554367,0.4688505100498714,-0.15878152859527683,0.16289110216814728,0.09039652554803612,0.42442262693712285,0.5185185185185185,1.0,0.01373716907679956,9.907065606481291,-13.06046363583132,222.40226,0.2268503052,243,244,2,0.9918367346938776,0.02966159304120414,-0.13564239987469484,0.28052554509001904,-0.1359560850642535,0.26196887299313043,0.5284552845528455,0.5083333333333333,6,0,0.0
V18_f2,SM_h5_sl8_close_overlap,卖出口径,1,5,close_overlap,,,,0.08,,,,,,0.38495380279999836,0.3998210166098626,0.9288656038680146,-0.2647264607859485,0.4324608735771637,0.38495380280000013,0.9351311602681089,0.48,4.9,-0.4666943521944078,21.200180260824485,-16.326871958398225,49.35246,0.0503395092,50,244,1,1.0,nan,0.25225692401500677,0.10596617694038168,0.26862521713379284,0.0916965736571338,0.52,0.44,0,1,99793.0
V18_f2,SM_daily_close_overlap,卖出口径,1,1,close_overlap,,,,,,,,,,0.11092708160421005,0.1147652980045415,0.4683860587316674,-0.38468115920033497,0.24549605763034132,0.11092708160420983,0.46586837152452965,0.5185185185185185,1.008230452674897,0.05171445585561152,13.86200721415669,-10.923721235987415,239.7753,0.244570806,243,244,2,1.0,nan,0.08057171848297062,0.02809194670008286,0.09560694644694068,0.013983240255049711,0.5609756097560976,0.475,6,2,146854.0
V18_f2,SM_h5_sl8_close_seq,卖出口径,1,5,close_seq,,,,0.08,,,,,,0.20481509517266772,0.21219790209348743,0.7131998926042963,-0.24135732423942957,0.24833304027326164,0.2183115516402061,0.7629021637594949,0.5365853658536586,4.951219512195122,0.13344411143840773,21.200180260824485,-6.906487035883768,39.5274,0.040317948,41,244,42,0.8285714285714286,0.20064580392262854,0.03932571284954611,0.15922764180383542,0.05182947531452986,0.15827858054262367,0.6666666666666666,0.4,1,0,0.0
V18_f2,SM_daily_close_seq,卖出口径,1,1,close_seq,,,,,,,,,,-0.24826746575933978,-0.2552682839118917,-0.6399006141483613,-0.36929581020298274,-0.22260358054864549,-0.24059086984039113,-0.5812714446560848,0.49586776859504134,1.0165289256198347,-0.010797922134409,11.024591994456623,-10.923721235987404,96.22806,0.09815262120000001,121,244,122,0.5020408163265306,0.5062694581298937,-0.23214753475781147,-0.02099352640151242,-0.22645873798913085,-0.018269396275672367,0.4838709677419355,0.5084745762711864,1,2,0.0
V20_ensw2,SM_h5_sl8_open,卖出口径,1,5,open,,,,0.08,,,,,,1.2635263910828534,1.3249727974569412,2.684319225683208,-0.11947250632158257,0.8713101983590484,2.051531670577978,1.942160249012196,0.56,4.88,1.1441679788449788,52.02122661783151,-10.44703610309835,49.2329,0.050217558,50,244,1,0.9959183673469387,0.30790751672545924,0.7860214523151352,0.2673567767894103,1.0810795221636997,0.46632151154190304,0.6,0.52,0,0,0.0
V20_ensw2,SM_daily_open,卖出口径,1,1,open,,,,,,,,,,0.3314474606358033,0.3440029796038542,1.0081087478478725,-0.22303620886909015,0.3466481170776491,0.3198741922777535,0.8434662341224962,0.5185185185185185,1.0,0.06892225115486816,21.25999376914138,-9.978581119726215,239.31076,0.2440969752,243,244,2,0.9918367346938776,0.19182313131575873,0.3040075357654126,0.02104276556521789,0.3398543498758211,-0.01491218623869095,0.5772357723577236,0.4583333333333333,1,0,0.0
V20_ensw2,SM_h5_sl8_close_overlap,卖出口径,1,5,close_overlap,,,,0.08,,,,,,2.773999715386214,2.9419707694645263,1.9324888495662274,-0.2284654195964162,1.6191498270781954,2.773999715386214,1.990831056968814,0.6,4.88,1.594935903989092,67.27977465785635,-13.838859911690138,49.25526,0.05024036519999999,50,244,1,0.9959183673469387,nan,1.5166836071182495,0.49959244170055417,1.742537273951903,0.3760978752161166,0.68,0.52,0,0,99743.0
V20_ensw2,SM_daily_close_overlap,卖出口径,1,1,close_overlap,,,,,,,,,,0.7189084818932627,0.7497095396899816,1.2265289552823346,-0.4488341725517412,0.7082855881626665,0.7189084818932621,1.2265543845053923,0.4773662551440329,1.0,-0.10197348689341412,21.25999376914138,-9.056167135675175,239.54206,0.24433290120000006,243,244,2,0.9918367346938776,nan,0.5364937807266583,0.11872140548485421,0.5153634980760613,0.1343208966532632,0.5284552845528455,0.425,1,0,99923.0
V20_ensw2,SM_h5_sl8_close_seq,卖出口径,1,5,close_seq,,,,0.08,,,,,,-0.02591500430214111,-0.026753209740163375,0.10977218744225727,-0.4123842561105213,0.039389138126195156,-0.11554235403395385,0.007630364368460022,0.4418604651162791,4.6976744186046515,-0.3500479453505845,21.35508678713327,-15.612027956522,42.29106,0.043136881200000005,43,244,43,0.8244897959183674,0.34120300512280877,0.4508950534111946,-0.3286316653932402,0.6760817431513748,-0.47230637790786645,0.6190476190476191,0.2727272727272727,1,0,0.0
V20_ensw2,SM_daily_close_seq,卖出口径,1,1,close_seq,,,,,,,,,,0.5464732530347318,0.5687377989198825,1.5260760832551081,-0.15482989206987285,0.4879514971193897,0.6570568830367134,1.3925447141894411,0.48360655737704916,1.0,-0.10197348689341412,21.25999376914138,-8.812845389421287,120.29606,0.12270198119999999,122,244,123,0.49795918367346936,0.6189075484036031,0.4000548389158036,0.10458048502751027,0.4654690481528003,0.13073482181381246,0.5483870967741935,0.4166666666666667,1,0,0.0
V11_ensw2,SM_h5_sl8_open,卖出口径,1,5,open,,,,0.08,,,,,,1.4597472443781245,1.5334163212116296,3.0036218968123007,-0.11947250632158257,0.9523311576541506,2.7291935008038535,2.25012165135205,0.62,4.88,1.301894605201237,52.02122661783151,-10.44703610309835,49.27752,0.0502630704,50,244,1,0.9959183673469387,0.3266642988750092,0.8629870157172357,0.3203244164485708,1.24444133166599,0.6615241611308995,0.64,0.6,0,0,0.0
V11_ensw2,SM_daily_open,卖出口径,1,1,open,,,,,,,,,,0.10772041310763059,0.111442208058814,0.4645019311193864,-0.3384353453086092,0.17272412610874477,0.056023693137064345,0.3462384106072199,0.5020576131687243,1.0,0.003484326142721983,21.25999376914138,-9.978581119726215,238.20002,0.2429640204,243,244,2,0.9918367346938776,0.09587058897631827,0.11032969324769004,-0.0023500048282303343,0.09427938448464412,-0.03495971128579445,0.5447154471544715,0.4583333333333333,0,0,0.0
V11_ensw2,SM_h5_sl8_close_overlap,卖出口径,1,5,close_overlap,,,,0.08,,,,,,3.6469367108964414,3.886985804986651,2.1856566510772804,-0.16352129294145112,1.8261151407104625,3.6469367108964432,2.271151166908568,0.64,4.88,1.9975399151105244,67.27977465785635,-13.838859911690138,49.29988,0.0502858776,50,244,1,0.9959183673469387,nan,1.7435659340215568,0.6937579860108911,1.9897806050457767,0.5542734818246939,0.72,0.56,0,0,99909.0
V11_ensw2,SM_daily_close_overlap,卖出口径,1,1,close_overlap,,,,,,,,,,1.0804899542350048,1.1310678778429635,1.537569436848073,-0.3851599350868582,0.9063763351556583,1.0804899542350062,1.5376121534467877,0.4773662551440329,1.0,-0.10197348689342522,21.25999376914138,-9.056167135675175,239.59426,0.24438614520000002,243,244,2,0.9918367346938776,nan,0.39225544934928647,0.49433062388614335,0.3731087716759989,0.5151676233890681,0.5284552845528455,0.425,0,0,99923.0
V11_ensw2,SM_h5_sl8_close_seq,卖出口径,1,5,close_seq,,,,0.08,,,,,,0.20254935773651406,0.20984361172682298,0.7381303746931244,-0.3484385566466226,0.2369957283151446,0.10772382462200958,0.4569145508486431,0.46511627906976744,4.6976744186046515,-0.2960977718608704,21.35508678713327,-15.612027956522,42.44878,0.0432977556,43,244,43,0.8244897959183674,0.40943658666529126,0.645248248089084,-0.26907725984012065,1.023643005649813,-0.45260907110129955,0.6190476190476191,0.3181818181818182,0,0,0.0
V11_ensw2,SM_daily_close_seq,卖出口径,1,1,close_seq,,,,,,,,,,0.7997789961067088,0.8347927741951222,2.2508975623140466,-0.17355091745283835,0.6276107351938959,1.145807160897419,1.9841285936401374,0.5163934426229508,1.0,0.057390809258683895,21.25999376914138,-8.812845389421287,120.41144,0.1228196688,122,244,123,0.49795918367346936,0.66345312005531,0.4390805785513783,0.2506450458239251,0.5303304910182722,0.4021854582990194,0.5967741935483871,0.43333333333333335,0,0,0.0
V18_f1,SM_h5_sl8_open,卖出口径,1,5,open,,,,0.08,,,,,,-0.031820621017002004,-0.03284659793650546,0.0699232684753068,-0.34983440986278236,0.022973159883156735,-0.05526360793520968,-0.06684498120167878,0.46,4.88,-0.1518109777998211,13.565359082587891,-7.562720259896616,47.16024,0.0481034448,50,244,1,0.9959183673469387,0.05585461366632848,0.14751644473549486,-0.15628278494417103,0.16183967100033714,-0.1868616508408787,0.56,0.36,3,0,0.0
V18_f1,SM_daily_open,卖出口径,1,1,open,,,,,,,,,,-0.20989607593334503,-0.21597555636150279,-0.6027628021134857,-0.42117480164962673,-0.186016152874945,-0.23779301136975095,-0.6458424703092134,0.48148148148148145,1.0,-0.10197348689340302,6.858242173490581,-11.569976961185768,236.5592,0.24129038400000002,243,244,2,0.9918367346938776,0.13618014374023707,0.34444938735853237,-0.4123215559501361,0.38841485197165704,-0.451023598928047,0.5447154471544715,0.4166666666666667,10,0,0.0
