set,cfg,cum,maxdd,sharpe,n,h1,h2,win,avg_hold,cost
V18_f1,UU1_re300_h20_sl8_tr15,-0.015564109031669382,-0.3122960776067054,0.2707995526650949,81,0.3932444305464846,-0.2934219801028052,0.5432098765432098,6.0246913580246915,0.0396669084
V18_f1,UU2_re300_h20_sl8,-0.015564109031669382,-0.3122960776067054,0.2707995526650949,81,0.3932444305464846,-0.2934219801028052,0.5432098765432098,6.0246913580246915,0.0396669084
V18_f1,UU3_re300_h20_sl8_tp40,-0.015564109031669382,-0.3122960776067054,0.2707995526650949,81,0.3932444305464846,-0.2934219801028052,0.5432098765432098,6.0246913580246915,0.0396669084
V18_f1,UU4_re300_h20_tr12,-0.038458323244401016,-0.3088868287897343,0.20451079446954679,79,0.3932444305464846,-0.30985428279914573,0.5316455696202531,6.177215189873418,0.038548988400000005
V18_f1,UU5_re300_h30_sl8_tr15,-0.07064060270195571,-0.305753000924585,0.16739629878606885,83,0.22539581726588565,-0.24158432385411643,0.5180722891566265,5.879518072289157,0.0403621812
V18_f1,UU6_re300_mh5_sl8,-0.11172364923968836,-0.3353642145879201,0.11226349906020223,62,0.4875776880041698,-0.40287061447386985,0.532258064516129,7.870967741935484,0.029947556
V11_mixA,UU1_re300_h20_sl8_tr15,2.2851487512495843,-0.1343739432436536,2.303937373385368,78,0.7747809914113972,0.8510164167563383,0.6410256410256411,6.243589743589744,0.038771485200000004
V11_mixA,UU2_re300_h20_sl8,2.2851487512495843,-0.1343739432436536,2.303937373385368,78,0.7747809914113972,0.8510164167563383,0.6410256410256411,6.243589743589744,0.038771485200000004
V11_mixA,UU3_re300_h20_sl8_tp40,2.2851487512495843,-0.1343739432436536,2.303937373385368,78,0.7747809914113972,0.8510164167563383,0.6410256410256411,6.243589743589744,0.038771485200000004
V11_mixA,UU4_re300_h20_tr12,1.8738323429953518,-0.13742522872495166,2.0813194955636356,79,0.7070194336947364,0.6835381520965598,0.5949367088607594,6.177215189873418,0.0392559036
V11_mixA,UU5_re300_h30_sl8_tr15,2.452223158889988,-0.13445692711363222,2.3810606829020067,80,0.7747809914113972,0.9451544588296525,0.6375,6.0875,0.0397480536
V11_mixA,UU6_re300_mh5_sl8,3.469126116639308,-0.13205036081744526,2.6191902895442865,63,1.5685977847891723,0.7399088884623197,0.6190476190476191,7.746031746031746,0.031224158400000007
V3_allz,UU1_re300_h20_sl8_tr15,0.05285155050434698,-0.17725930624487063,0.6384270153655993,91,0.7301375480369698,-0.3914636719497111,0.5054945054945055,5.362637362637362,0.045221720400000005
V3_allz,UU2_re300_h20_sl8,0.05285155050434698,-0.17725930624487063,0.6384270153655993,91,0.7301375480369698,-0.3914636719497111,0.5054945054945055,5.362637362637362,0.045221720400000005
V3_allz,UU3_re300_h20_sl8_tp40,0.05285155050434698,-0.17725930624487063,0.6384270153655993,91,0.7301375480369698,-0.3914636719497111,0.5054945054945055,5.362637362637362,0.045221720400000005
V3_allz,UU4_re300_h20_tr12,-0.021292400426051294,-0.23039396123814904,0.5253130825735723,92,0.7099464454802302,-0.4276384490514946,0.5217391304347826,5.304347826086956,0.04586611559999999
V3_allz,UU5_re300_h30_sl8_tr15,-0.2632686127954239,-0.24397577556990646,-0.11234855468223601,91,0.3300641151462813,-0.4460933282727124,0.4945054945054945,5.362637362637362,0.044172588799999996
V3_allz,UU6_re300_mh5_sl8,0.04727594227416976,-0.14524908984316187,0.6058493347514805,63,0.36514211909604155,-0.23284475101563318,0.4603174603174603,7.746031746031746,0.031197964800000005
V11_allz,UU1_re300_h20_sl8_tr15,0.82154976466754,-0.1497814662087048,1.3744394723765536,89,0.08176705675493512,0.6838650736248075,0.5393258426966292,5.48314606741573,0.04412903520000001
V11_allz,UU2_re300_h20_sl8,0.82154976466754,-0.1497814662087048,1.3744394723765536,89,0.08176705675493512,0.6838650736248075,0.5393258426966292,5.48314606741573,0.04412903520000001
V11_allz,UU3_re300_h20_sl8_tp40,0.82154976466754,-0.1497814662087048,1.3744394723765536,89,0.08176705675493512,0.6838650736248075,0.5393258426966292,5.48314606741573,0.04412903520000001
V11_allz,UU4_re300_h20_tr12,0.7778225470998756,-0.15292689838586893,1.3698189330079962,89,0.48086467250034604,0.20053005525355294,0.5617977528089888,5.48314606741573,0.0439706088
V11_allz,UU5_re300_h30_sl8_tr15,1.1940138996347307,-0.10519829987587681,1.7326922743091953,88,0.37016624029731027,0.6012756956839447,0.5568181818181818,5.545454545454546,0.0435994512
V11_allz,UU6_re300_mh5_sl8,1.9578916348122908,-0.11797893241833124,2.2346428820422912,65,0.8631300919409015,0.5875926472374942,0.6307692307692307,7.507692307692308,0.0320648016
V11_mixC,UU1_re300_h20_sl8_tr15,0.82154976466754,-0.1497814662087048,1.3744394723765536,89,0.08176705675493512,0.6838650736248075,0.5393258426966292,5.48314606741573,0.04412903520000001
V11_mixC,UU2_re300_h20_sl8,0.82154976466754,-0.1497814662087048,1.3744394723765536,89,0.08176705675493512,0.6838650736248075,0.5393258426966292,5.48314606741573,0.04412903520000001
V11_mixC,UU3_re300_h20_sl8_tp40,0.82154976466754,-0.1497814662087048,1.3744394723765536,89,0.08176705675493512,0.6838650736248075,0.5393258426966292,5.48314606741573,0.04412903520000001
V11_mixC,UU4_re300_h20_tr12,0.7778225470998756,-0.15292689838586893,1.3698189330079962,89,0.48086467250034604,0.20053005525355294,0.5617977528089888,5.48314606741573,0.0439706088
V11_mixC,UU5_re300_h30_sl8_tr15,1.1940138996347307,-0.10519829987587681,1.7326922743091953,88,0.37016624029731027,0.6012756956839447,0.5568181818181818,5.545454545454546,0.0435994512
V11_mixC,UU6_re300_mh5_sl8,1.9578916348122908,-0.11797893241833124,2.2346428820422912,65,0.8631300919409015,0.5875926472374942,0.6307692307692307,7.507692307692308,0.0320648016
V15_allz,UU1_re300_h20_sl8_tr15,-0.6252298812820225,-0.39549804221287965,-0.5039160622265787,59,-0.2597906533110337,-0.4936971271784619,0.4406779661016949,8.271186440677965,0.026326232000000005
V15_allz,UU2_re300_h20_sl8,-0.4744164847590373,-0.3656726207380705,-0.2268046335219101,59,-0.05073204880657822,-0.44632754684259834,0.4745762711864407,8.271186440677965,0.027469763600000002
V15_allz,UU3_re300_h20_sl8_tp40,-0.4744164847590373,-0.3656726207380705,-0.2268046335219101,59,-0.05073204880657822,-0.44632754684259834,0.4745762711864407,8.271186440677965,0.027469763600000002
V15_allz,UU4_re300_h20_tr12,-0.16949386691949953,-0.34305185043535147,0.33320930371599033,56,0.3441937428388977,-0.3821529541370311,0.5,8.714285714285714,0.027226401999999997
V15_allz,UU5_re300_h30_sl8_tr15,-0.19082169622886658,-0.2368217202414442,0.37351845541347906,56,0.27234942709232746,-0.3640282405594105,0.44642857142857145,8.714285714285714,0.0267199908
V15_allz,UU6_re300_mh5_sl8,-0.016216319717940908,-0.3030927330134977,0.5108433565207006,48,0.22923729615917332,-0.19967960347774083,0.5,10.166666666666666,0.022897526799999995
V13_allz,UU1_re300_h20_sl8_tr15,0.516806588249703,-0.24874590750248715,1.1086664599766471,77,0.6517933410230332,-0.08172133245780411,0.5064935064935064,6.337662337662338,0.0377954192
V13_allz,UU2_re300_h20_sl8,0.516806588249703,-0.24874590750248715,1.1086664599766471,77,0.6517933410230332,-0.08172133245780411,0.5064935064935064,6.337662337662338,0.0377954192
V13_allz,UU3_re300_h20_sl8_tp40,0.516806588249703,-0.24874590750248715,1.1086664599766471,77,0.6517933410230332,-0.08172133245780411,0.5064935064935064,6.337662337662338,0.0377954192
V13_allz,UU4_re300_h20_tr12,0.11353311547880818,-0.274845872022513,0.6409145026498914,69,0.5456754549664566,-0.2795815499942882,0.5072463768115942,7.072463768115942,0.034039644
V13_allz,UU5_re300_h30_sl8_tr15,0.7395499108886583,-0.2483394218340187,1.2788509116710052,73,0.68536218544842,0.032151976535429005,0.5616438356164384,6.671232876712328,0.035876656400000005
V13_allz,UU6_re300_mh5_sl8,4.205578975151072,-0.17729135399558116,3.119175204851376,56,4.989604983920424,-0.13089778222005144,0.5535714285714286,8.714285714285714,0.027715684799999998
V11_ensw2,UU1_re300_h20_sl8_tr15,3.7727632658736026,-0.10918682169108462,2.7579162302995104,89,1.8229197197302072,0.6907187379490003,0.5955056179775281,5.47191011235955,0.0440359704
V11_ensw2,UU2_re300_h20_sl8,3.7727632658736026,-0.10918682169108462,2.7579162302995104,89,1.8229197197302072,0.6907187379490003,0.5955056179775281,5.47191011235955,0.0440359704
V11_ensw2,UU3_re300_h20_sl8_tp40,3.7727632658736026,-0.10918682169108462,2.7579162302995104,89,1.8229197197302072,0.6907187379490003,0.5955056179775281,5.47191011235955,0.0440359704
V11_ensw2,UU4_re300_h20_tr12,4.173574905246488,-0.0951975462410688,2.825676358484589,85,1.876801725564151,0.7983772949218217,0.6,5.729411764705882,0.04212832560000001
V11_ensw2,UU5_re300_h30_sl8_tr15,3.7727632658736026,-0.10918682169108462,2.7579162302995104,89,1.8229197197302072,0.6907187379490003,0.5955056179775281,5.47191011235955,0.0440359704
V11_ensw2,UU6_re300_mh5_sl8,1.1403981573939133,-0.13539727549498504,1.5320292161331615,65,0.38802570057283803,0.5420450475164618,0.5692307692307692,7.507692307692308,0.032208091200000004
V11_mixB,UU1_re300_h20_sl8_tr15,1.3044761824149211,-0.1035742329419781,1.8436952834805347,90,0.4391501654751728,0.6012756956839447,0.5777777777777777,5.4222222222222225,0.044528814000000014
V11_mixB,UU2_re300_h20_sl8,1.3044761824149211,-0.1035742329419781,1.8436952834805347,90,0.4391501654751728,0.6012756956839447,0.5777777777777777,5.4222222222222225,0.044528814000000014
V11_mixB,UU3_re300_h20_sl8_tp40,1.3044761824149211,-0.1035742329419781,1.8436952834805347,90,0.4391501654751728,0.6012756956839447,0.5777777777777777,5.4222222222222225,0.044528814000000014
V11_mixB,UU4_re300_h20_tr12,0.9298842955462692,-0.1487812775147329,1.5671026463981894,89,0.4391501654751728,0.34098882927138296,0.5842696629213483,5.48314606741573,0.04397120040000001
V11_mixB,UU5_re300_h30_sl8_tr15,1.1761659251832985,-0.10572165482435947,1.7416362541295567,87,0.3590201431576745,0.6012756956839447,0.5632183908045977,5.609195402298851,0.0430378188
V11_mixB,UU6_re300_mh5_sl8,1.8235232944991773,-0.12491347560757693,2.0870508815998927,64,0.585378648886939,0.7809772425543351,0.625,7.625,0.03157869
V20_ensw2,UU1_re300_h20_sl8_tr15,1.4996762001018769,-0.13428907230717924,1.8466670912157817,90,0.8771503799265703,0.33163343056173256,0.5666666666666667,5.411111111111111,0.044512922399999995
V20_ensw2,UU2_re300_h20_sl8,1.4996762001018769,-0.13428907230717924,1.8466670912157817,90,0.8771503799265703,0.33163343056173256,0.5666666666666667,5.411111111111111,0.044512922399999995
V20_ensw2,UU3_re300_h20_sl8_tp40,1.4996762001018769,-0.13428907230717924,1.8466670912157817,90,0.8771503799265703,0.33163343056173256,0.5666666666666667,5.411111111111111,0.044512922399999995
V20_ensw2,UU4_re300_h20_tr12,1.3036855202100766,-0.16113489691216343,1.7291684275487356,85,0.7777474465036851,0.2958452139761245,0.5647058823529412,5.741176470588235,0.0421310796
V20_ensw2,UU5_re300_h30_sl8_tr15,1.1633347387852249,-0.14064291441486731,1.6197975544807899,87,0.6245722652612067,0.33163343056173256,0.5517241379310345,5.597701149425287,0.0430383288
V20_ensw2,UU6_re300_mh5_sl8,1.807468886969529,-0.14390664702938183,1.8704010930824704,63,0.8145439044715714,0.547203614115424,0.6190476190476191,7.746031746031746,0.031195149600000003
V18_f2,UU1_re300_h20_sl8_tr15,0.9121567747979455,-0.14928709320266642,1.281653723881836,89,0.44759577797266026,0.32091900508020155,0.47191011235955055,5.48314606741573,0.0437228744
V18_f2,UU2_re300_h20_sl8,0.9121567747979455,-0.14928709320266642,1.281653723881836,89,0.44759577797266026,0.32091900508020155,0.47191011235955055,5.48314606741573,0.0437228744
V18_f2,UU3_re300_h20_sl8_tp40,0.9121567747979455,-0.14928709320266642,1.281653723881836,89,0.44759577797266026,0.32091900508020155,0.47191011235955055,5.48314606741573,0.0437228744
V18_f2,UU4_re300_h20_tr12,0.6867577975359513,-0.181419493928772,1.1522350940937847,87,0.44759577797266026,0.1652132613278512,0.47126436781609193,5.609195402298851,0.0427174084
V18_f2,UU5_re300_h30_sl8_tr15,0.5279562713025272,-0.16319743043667712,0.8987173316130225,90,0.15675083456321692,0.3209035391614614,0.4444444444444444,5.4222222222222225,0.0439959024
V18_f2,UU6_re300_mh5_sl8,0.4008701685434186,-0.3107243215802433,0.9280670758993456,61,0.35022167584133346,0.037511242493219354,0.5737704918032787,8.0,0.03000105600000001
V1_allz,UU1_re300_h20_sl8_tr15,1.3626057948059507,-0.07532089029251232,1.966627756633117,65,0.8476510550276026,0.27870778866881607,0.5692307692307692,7.476923076923077,0.0318732064
V1_allz,UU2_re300_h20_sl8,1.3626057948059507,-0.07532089029251232,1.966627756633117,65,0.8476510550276026,0.27870778866881607,0.5692307692307692,7.476923076923077,0.0318732064
V1_allz,UU3_re300_h20_sl8_tp40,1.3626057948059507,-0.07532089029251232,1.966627756633117,65,0.8476510550276026,0.27870778866881607,0.5692307692307692,7.476923076923077,0.0318732064
V1_allz,UU4_re300_h20_tr12,1.095768275120649,-0.07503059820790692,1.83516723857898,64,0.6517986054725495,0.26877954017952876,0.578125,7.59375,0.0315328936
V1_allz,UU5_re300_h30_sl8_tr15,2.212399166707615,-0.07503059820790692,2.479762431239351,63,1.0398430342580123,0.5748266473239287,0.5714285714285714,7.714285714285714,0.031103839199999997
V1_allz,UU6_re300_mh5_sl8,0.45641920915014533,-0.15006031690762445,1.0267720901238695,52,0.1611946980055894,0.254242041969033,0.5769230769230769,9.346153846153847,0.025289989199999995
V9_allz,UU1_re300_h20_sl8_tr15,1.3658040335659725,-0.15525022601709748,1.8047903778246799,61,0.4742861360103152,0.604711579238115,0.5901639344262295,8.0,0.030267194400000003
V9_allz,UU2_re300_h20_sl8,1.3658040335659725,-0.15525022601709748,1.8047903778246799,61,0.4742861360103152,0.604711579238115,0.5901639344262295,8.0,0.030267194400000003
V9_allz,UU3_re300_h20_sl8_tp40,1.3658040335659725,-0.15525022601709748,1.8047903778246799,61,0.4742861360103152,0.604711579238115,0.5901639344262295,8.0,0.030267194400000003
V9_allz,UU4_re300_h20_tr12,1.283195941706206,-0.1078744808655584,1.7703325100254808,64,0.4742861360103152,0.5486789748189234,0.5625,7.625,0.031752436800000006
V9_allz,UU5_re300_h30_sl8_tr15,1.4596749714642083,-0.16422295028075085,1.8450747183751393,61,0.6273776521916687,0.5114346495735913,0.6557377049180327,8.0,0.030275476800000006
V9_allz,UU6_re300_mh5_sl8,0.09596330464322422,-0.2830991269011922,0.566799189858038,57,0.6291885659527678,-0.3272949936262949,0.543859649122807,8.56140350877193,0.0282024696
V14_allz,UU1_re300_h20_sl8_tr15,0.3387153505349825,-0.1867329670032225,0.8646784792169928,82,0.6529693362164146,-0.1901148308054813,0.573170731707317,5.951219512195122,0.040069038800000005
V14_allz,UU2_re300_h20_sl8,0.3387153505349825,-0.1867329670032225,0.8646784792169928,82,0.6529693362164146,-0.1901148308054813,0.573170731707317,5.951219512195122,0.040069038800000005
V14_allz,UU3_re300_h20_sl8_tp40,0.3387153505349825,-0.1867329670032225,0.8646784792169928,82,0.6529693362164146,-0.1901148308054813,0.573170731707317,5.951219512195122,0.040069038800000005
V14_allz,UU4_re300_h20_tr12,0.11221257425309017,-0.2410701599108891,0.6598149072040744,79,0.5171498745387073,-0.26690659049669707,0.5569620253164557,6.177215189873418,0.0384135244
V14_allz,UU5_re300_h30_sl8_tr15,0.20470903902535675,-0.19369236790614341,0.6961838906047577,81,0.657776950643614,-0.27329847446748456,0.5555555555555556,6.0246913580246915,0.039633804800000005
V14_allz,UU6_re300_mh5_sl8,-0.07067448006741217,-0.3254050802043885,0.35190989133257305,61,0.4778393615779708,-0.37115931264660873,0.47540983606557374,8.0,0.030058019600000003
V5_allz,UU1_re300_h20_sl8_tr15,-0.15966902491109003,-0.26221196415637726,-0.06994592094452343,66,0.09062844409719406,-0.22949838724908433,0.4696969696969697,7.393939393939394,0.0317346888
V5_allz,UU2_re300_h20_sl8,-0.15966902491109003,-0.26221196415637726,-0.06994592094452343,66,0.09062844409719406,-0.22949838724908433,0.4696969696969697,7.393939393939394,0.0317346888
V5_allz,UU3_re300_h20_sl8_tp40,-0.15966902491109003,-0.26221196415637726,-0.06994592094452343,66,0.09062844409719406,-0.22949838724908433,0.4696969696969697,7.393939393939394,0.0317346888
V5_allz,UU4_re300_h20_tr12,-0.062949801777899,-0.20283138667946787,0.1642073893780271,65,0.09062844409719406,-0.14081628505684363,0.47692307692307695,7.507692307692308,0.0316074336
V5_allz,UU5_re300_h30_sl8_tr15,-0.3609962177723902,-0.3231376283943598,-0.629247895178743,70,-0.16985834367879526,-0.23024729892561657,0.42857142857142855,6.9714285714285715,0.03148807840000001
V5_allz,UU6_re300_mh5_sl8,-0.17708183413307332,-0.23071854646584644,-0.1133376167511322,59,-0.25680759542616083,0.107274725632865,0.3898305084745763,8.271186440677965,0.025962597599999998
V16_allz,UU1_re300_h20_sl8_tr15,1.6652197875669783,-0.21126111213088739,1.8828242233468735,80,1.880599484426857,-0.07476905346413709,0.5625,6.1,0.039498276000000006
V16_allz,UU2_re300_h20_sl8,1.6652197875669783,-0.21126111213088739,1.8828242233468735,80,1.880599484426857,-0.07476905346413709,0.5625,6.1,0.039498276000000006
V16_allz,UU3_re300_h20_sl8_tp40,1.6652197875669783,-0.21126111213088739,1.8828242233468735,80,1.880599484426857,-0.07476905346413709,0.5625,6.1,0.039498276000000006
V16_allz,UU4_re300_h20_tr12,1.560940844703937,-0.1444930798146835,1.695946016055919,77,1.2328742072669074,0.14692571411740696,0.5844155844155844,6.337662337662338,0.0379705812
V16_allz,UU5_re300_h30_sl8_tr15,2.7641509792434547,-0.17193538409137976,2.3381191732232063,79,2.461310159237449,0.08749311852270569,0.5822784810126582,6.177215189873418,0.038909552400000005
V16_allz,UU6_re300_mh5_sl8,0.041951250843406784,-0.33292873648630295,0.4544370296757907,53,0.32787758870876127,-0.21532582543500223,0.49056603773584906,9.20754716981132,0.0257919884
V12_allz,UU1_re300_h20_sl8_tr15,1.0678875398365637,-0.26876945136478203,1.4293188697616217,78,0.809596650439506,0.14273395639538,0.6025641025641025,6.256410256410256,0.0384981164
V12_allz,UU2_re300_h20_sl8,1.0678875398365637,-0.26876945136478203,1.4293188697616217,78,0.809596650439506,0.14273395639538,0.6025641025641025,6.256410256410256,0.0384981164
V12_allz,UU3_re300_h20_sl8_tp40,1.0678875398365637,-0.26876945136478203,1.4293188697616217,78,0.809596650439506,0.14273395639538,0.6025641025641025,6.256410256410256,0.0384981164
V12_allz,UU4_re300_h20_tr12,0.6334582926158325,-0.2551049818806712,1.1662755097997033,67,0.2527680563435153,0.3038792650759685,0.5373134328358209,7.2835820895522385,0.032963115599999995
V12_allz,UU5_re300_h30_sl8_tr15,0.951164359732507,-0.27694527104766087,1.304682967678299,77,0.7074528579576171,0.14273395639538,0.5974025974025974,6.337662337662338,0.037804368399999996
V12_allz,UU6_re300_mh5_sl8,1.2301113984224061,-0.22733776658398108,1.7074096408477801,54,1.2047079314072224,0.011522372942600834,0.5925925925925926,9.037037037037036,0.0265706648
V2_allz,UU1_re300_h20_sl8_tr15,-0.08359505056945649,-0.19955961656828136,0.173686067405255,76,0.39074862371201746,-0.3410707486557949,0.4473684210526316,6.421052631578948,0.0379837596
V2_allz,UU2_re300_h20_sl8,-0.08359505056945649,-0.19955961656828136,0.173686067405255,76,0.39074862371201746,-0.3410707486557949,0.4473684210526316,6.421052631578948,0.0379837596
V2_allz,UU3_re300_h20_sl8_tp40,-0.08359505056945649,-0.19955961656828136,0.173686067405255,76,0.39074862371201746,-0.3410707486557949,0.4473684210526316,6.421052631578948,0.0379837596
V2_allz,UU4_re300_h20_tr12,-0.13804825957881484,-0.22586937178621702,0.046514789067383384,73,0.4270621300274535,-0.39599564568040024,0.4520547945205479,6.684931506849315,0.0365169588
V2_allz,UU5_re300_h30_sl8_tr15,-0.11354481017310336,-0.16792062273882247,0.07733439158233153,73,0.22588370578898243,-0.2768847602421053,0.4657534246575342,6.684931506849315,0.0363744852
V2_allz,UU6_re300_mh5_sl8,0.06352829253165382,-0.14432000877128848,0.43287156019009954,54,-0.0403917360608298,0.10829422014968304,0.5185185185185185,9.037037037037036,0.026592501599999995
V4_allz,UU1_re300_h20_sl8_tr15,0.320149393699817,-0.22053324418568232,1.0742477641796824,97,0.6851337295116757,-0.21659072477151475,0.44329896907216493,5.030927835051546,0.048010987600000006
V4_allz,UU2_re300_h20_sl8,0.320149393699817,-0.22053324418568232,1.0742477641796824,97,0.6851337295116757,-0.21659072477151475,0.44329896907216493,5.030927835051546,0.048010987600000006
V4_allz,UU3_re300_h20_sl8_tp40,0.320149393699817,-0.22053324418568232,1.0742477641796824,97,0.6851337295116757,-0.21659072477151475,0.44329896907216493,5.030927835051546,0.048010987600000006
V4_allz,UU4_re300_h20_tr12,0.28399477567629194,-0.3134066456562995,0.9731344367153636,97,0.5763131743993326,-0.18544436693833444,0.4536082474226804,5.030927835051546,0.0480270016
V4_allz,UU5_re300_h30_sl8_tr15,0.320149393699817,-0.22053324418568232,1.0742477641796824,97,0.6851337295116757,-0.21659072477151475,0.44329896907216493,5.030927835051546,0.048010987600000006
V4_allz,UU6_re300_mh5_sl8,-0.062138447572926525,-0.3399439478928783,0.793464363051225,68,1.6889893646436778,-0.6512215463703217,0.4264705882352941,7.176470588235294,0.0339639804
V10_allz,UU1_re300_h20_sl8_tr15,1.2334376293089142,-0.10328366335811923,1.8999355236297255,74,1.01987898986898,0.10572843250069486,0.7027027027027027,6.594594594594595,0.0364865832
V10_allz,UU2_re300_h20_sl8,1.2334376293089142,-0.10328366335811923,1.8999355236297255,74,1.01987898986898,0.10572843250069486,0.7027027027027027,6.594594594594595,0.0364865832
V10_allz,UU3_re300_h20_sl8_tp40,1.2334376293089142,-0.10328366335811923,1.8999355236297255,74,1.01987898986898,0.10572843250069486,0.7027027027027027,6.594594594594595,0.0364865832
V10_allz,UU4_re300_h20_tr12,0.839839316344849,-0.18587889622892462,1.5586976002931674,66,0.73745344331717,0.05892870017409102,0.6666666666666666,7.393939393939394,0.032578596
V10_allz,UU5_re300_h30_sl8_tr15,1.2334376293089142,-0.10328366335811923,1.8999355236297255,74,1.01987898986898,0.10572843250069486,0.7027027027027027,6.594594594594595,0.0364865832
V10_allz,UU6_re300_mh5_sl8,0.3600984297817822,-0.21049051770309934,0.9505234573339275,60,0.8021105210810653,-0.24527468550271025,0.6,8.133333333333333,0.029416494
V6_allz,UU1_re300_h20_sl8_tr15,0.04337288946994766,-0.3076530344305405,0.31187358422360584,60,0.16614943493049483,-0.10528371560533734,0.5833333333333334,8.133333333333333,0.028649485200000005
V6_allz,UU2_re300_h20_sl8,0.04337288946994766,-0.3076530344305405,0.31187358422360584,60,0.16614943493049483,-0.10528371560533734,0.5833333333333334,8.133333333333333,0.028649485200000005
V6_allz,UU3_re300_h20_sl8_tp40,0.04337288946994766,-0.3076530344305405,0.31187358422360584,60,0.16614943493049483,-0.10528371560533734,0.5833333333333334,8.133333333333333,0.028649485200000005
V6_allz,UU4_re300_h20_tr12,0.8678113829501675,-0.16265796344416428,1.6219168232291004,57,0.3453435430961773,0.3883527315644453,0.6666666666666666,8.56140350877193,0.0281384748
V6_allz,UU5_re300_h30_sl8_tr15,0.21509345965035642,-0.2738325200593569,0.6618829961868686,56,0.16614943493049483,0.04197062850935396,0.5892857142857143,8.714285714285714,0.027019902000000002
V6_allz,UU6_re300_mh5_sl8,0.7467180863351035,-0.2376887652680003,1.407350132657598,52,0.6325258223548924,0.069948213018457,0.6538461538461539,9.384615384615385,0.025747717200000006
V17_allz,UU1_re300_h20_sl8_tr15,0.2095728569767914,-0.3345673541627645,0.778523986764242,71,0.548537527385494,-0.21889341679759022,0.6056338028169014,6.859154929577465,0.0348214892
V17_allz,UU2_re300_h20_sl8,0.2095728569767914,-0.3345673541627645,0.778523986764242,71,0.548537527385494,-0.21889341679759022,0.6056338028169014,6.859154929577465,0.0348214892
V17_allz,UU3_re300_h20_sl8_tp40,0.2095728569767914,-0.3345673541627645,0.778523986764242,71,0.548537527385494,-0.21889341679759022,0.6056338028169014,6.859154929577465,0.0348214892
V17_allz,UU4_re300_h20_tr12,0.2901116735159577,-0.25967133148971566,0.727904703550574,70,-0.13706896916300115,0.49503451308804514,0.5285714285714286,6.957142857142857,0.033957101600000004
V17_allz,UU5_re300_h30_sl8_tr15,0.08177506021156788,-0.3488288791175177,0.6125132567170762,69,0.2677760024211535,-0.14671435794207177,0.5652173913043478,7.057971014492754,0.0337816608
V17_allz,UU6_re300_mh5_sl8,2.039783974747921,-0.17959458603858325,1.979768866027154,63,1.1115312048854573,0.4396112014422333,0.6666666666666666,7.746031746031746,0.030787537200000003
V7_allz,UU1_re300_h20_sl8_tr15,0.37056139839299185,-0.2786445341415772,0.8729273770991128,80,0.2712594794560377,0.07811302141042376,0.5625,6.1,0.038220834
V7_allz,UU2_re300_h20_sl8,0.37056139839299185,-0.2786445341415772,0.8729273770991128,80,0.2712594794560377,0.07811302141042376,0.5625,6.1,0.038220834
V7_allz,UU3_re300_h20_sl8_tp40,0.37056139839299185,-0.2786445341415772,0.8729273770991128,80,0.2712594794560377,0.07811302141042376,0.5625,6.1,0.038220834
V7_allz,UU4_re300_h20_tr12,0.9029775968084934,-0.23662254877794675,1.5074286250537798,82,0.3558139056689491,0.4035684313693313,0.5609756097560976,5.939024390243903,0.039813386000000006
V7_allz,UU5_re300_h30_sl8_tr15,0.7366190608012153,-0.21609772454554887,1.360053899888353,83,0.28339450323562576,0.35314516029400456,0.5903614457831325,5.879518072289157,0.04015231080000001
V7_allz,UU6_re300_mh5_sl8,0.6047191076581704,-0.12300763380109503,1.3093046802261408,63,0.12294979969780284,0.429021233264405,0.6190476190476191,7.746031746031746,0.030587569600000003
V8_allz,UU1_re300_h20_sl8_tr15,1.0249760091772449,-0.15676573602625044,1.5704047469656661,61,0.47217496819770477,0.37549955196990026,0.5901639344262295,8.0,0.0299896112
V8_allz,UU2_re300_h20_sl8,1.0249760091772449,-0.15676573602625044,1.5704047469656661,61,0.47217496819770477,0.37549955196990026,0.5901639344262295,8.0,0.0299896112
V8_allz,UU3_re300_h20_sl8_tp40,1.0249760091772449,-0.15676573602625044,1.5704047469656661,61,0.47217496819770477,0.37549955196990026,0.5901639344262295,8.0,0.0299896112
V8_allz,UU4_re300_h20_tr12,1.2272913538789676,-0.1271962342749713,1.8446274426159346,63,0.4858057794235213,0.49904609655182197,0.6349206349206349,7.746031746031746,0.030708756400000002
V8_allz,UU5_re300_h30_sl8_tr15,0.8401695457272997,-0.16224701891636828,1.452405615850995,58,0.47217496819770477,0.24996660415990424,0.603448275862069,8.413793103448276,0.0285277068
V8_allz,UU6_re300_mh5_sl8,1.4121504607243547,-0.2101657001372016,2.0286744402132784,56,1.6353667147424096,-0.08470026306751555,0.6607142857142857,8.714285714285714,0.0273719388
