score,proto,cum_net,cum_trade,sharpe,maxdd,h1,h2,win,n,hold,cost
v18_f1,h20tr20_t2,0.16817334857925959,0.3541501406164236,0.730278241058323,-0.21754552979237451,0.12223340966301466,0.04093617113933545,0.46153846153846156,26,18.76923076923077,0.0129747672
v18_f1,hold20_t2,0.1618243570746163,0.3048352779499919,0.6955338753207773,-0.2387601073799056,0.12223340966301466,0.035278710356243304,0.46153846153846156,26,18.76923076923077,0.013105674
v18_f1,hold20_t1,-0.05761969409161427,-0.048974706831880654,-0.0035355132764388693,-0.2542213481633341,-0.04535329370965646,-0.012849151734490527,0.46153846153846156,13,18.76923076923077,0.011632488000000002
v18_f1,D01_t1h5sl8,-0.0834677025652456,-0.062381832603823906,0.040244454835296886,-0.636898529045113,0.5010887017387449,-0.38942162686780923,0.5192307692307693,52,4.6923076923076925,0.05769987
v18_f1,S2_re300,-0.052778133871202115,-0.2043671171339514,0.02830444465664049,-0.5103855416889751,0.19986823018673006,-0.21056175811790145,0.54,100,4.88,0.0502369868
v18_f2,h20tr20_t2,0.2689736419836428,0.466944171616122,1.0059910967769583,-0.3230611130126513,0.05163821835122251,0.20666367942880925,0.34615384615384615,26,18.76923076923077,0.0138731424
v18_f2,hold20_t2,0.2689736419836428,0.466944171616122,1.0059910967769583,-0.3230611130126513,0.05163821835122251,0.20666367942880925,0.34615384615384615,26,18.76923076923077,0.0138731424
v18_f2,hold20_t1,0.3494942384364752,0.3460583851930499,0.9004158091777248,-0.5119507368772782,0.1456713179866589,0.17790697667809585,0.23076923076923078,13,18.76923076923077,0.0142233492
v18_f2,D01_t1h5sl8,0.11894392536010456,0.11051500699649774,0.5091223404397028,-0.2951342539229209,0.42814023476015883,-0.21650276483666275,0.5102040816326531,49,4.959183673469388,0.0638933508
v18_f2,S2_re300,0.2129148076381071,0.3819968160393197,0.8690802037090267,-0.13563457273621615,0.18101877577696945,0.027007218272337763,0.4942528735632184,87,5.609195402298851,0.049060592400000005
v18_f3,h20tr20_t2,-0.027609058184806967,-0.0760344998705138,-0.051742963163584114,-0.14684233473000063,-0.06449896494363783,0.03943331474412326,0.4230769230769231,26,18.76923076923077,0.012457749600000002
v18_f3,hold20_t2,-0.027609058184806967,-0.0760344998705138,-0.051742963163584114,-0.14684233473000063,-0.06449896494363783,0.03943331474412326,0.4230769230769231,26,18.76923076923077,0.012457749600000002
v18_f3,hold20_t1,-0.021769845570768886,-0.023315843916125623,0.001969218737570871,-0.1405815013341707,0.011653320569188885,-0.03303816184891417,0.46153846153846156,13,18.76923076923077,0.012994004400000002
v18_f3,D01_t1h5sl8,0.21676662404684333,0.22595953025905224,0.8826713484209197,-0.1687241597460416,-0.07456820486187321,0.31480961691534737,0.5102040816326531,49,4.979591836734694,0.0479096856
v18_f3,S2_re300,-0.01937940647096026,-0.09194088773309261,0.048136194033510014,-0.25590576390339426,0.22586120757308525,-0.20005577509835948,0.4823529411764706,85,5.741176470588235,0.0456573384
v18_f4,h20tr20_t2,0.24935699437757708,0.5145544504549311,1.1072311695035517,-0.14797360633464207,0.018383727905676883,0.22680376771818733,0.4230769230769231,26,18.76923076923077,0.0134027184
v18_f4,hold20_t2,0.24935699437757708,0.5145544504549311,1.1072311695035517,-0.14797360633464207,0.018383727905676883,0.22680376771818733,0.4230769230769231,26,18.76923076923077,0.0134027184
v18_f4,hold20_t1,0.7405853076083744,0.7627571238562945,1.8109731742443693,-0.16920310699778784,0.09159674518713201,0.5945314194849367,0.46153846153846156,13,18.76923076923077,0.0149919804
v18_f4,D01_t1h5sl8,-0.0588404090299548,-0.05987863511407465,0.014680340182403153,-0.37591030705859685,0.034734083082116785,-0.09043337186047362,0.40816326530612246,49,4.979591836734694,0.0469375848
v18_f4,S2_re300,-0.0965400501441247,-0.2043057912859111,-0.2025311169283347,-0.3221469362335523,0.07734974065862743,-0.16140514471785827,0.53125,96,5.083333333333333,0.047609106400000004
v18,h20tr20_t2,0.4090331596028389,0.8571768815945284,1.4613199415398213,-0.20045477239093812,0.14277686531698253,0.2329906234249881,0.4230769230769231,26,18.76923076923077,0.014024898000000003
v18,hold20_t2,0.4090331596028389,0.8571768815945284,1.4613199415398213,-0.20045477239093812,0.14277686531698253,0.2329906234249881,0.4230769230769231,26,18.76923076923077,0.014024898000000003
v18,hold20_t1,0.3590741094609249,0.3470679564946999,1.0567018361088842,-0.2626731882752411,0.03457552668069441,0.3136538361982544,0.38461538461538464,13,18.76923076923077,0.0130673832
v18,D01_t1h5sl8,0.5174583230800793,0.5041972921137869,1.2809733740087683,-0.22118997199631352,0.24073411721672144,0.2230326401309255,0.46938775510204084,49,4.979591836734694,0.057049395600000004
v18,S2_re300,0.012223667463039378,-0.03562778451888371,0.19033519147736422,-0.2989406318601572,0.21285805610240827,-0.16542281071547515,0.5365853658536586,82,5.951219512195122,0.044514064799999996
V20_ensw2,h20tr20_t2,3.521133971049574,14.919361621072799,3.474254902350948,-0.20555479975493562,1.3333808426306524,0.9375893932310044,0.5769230769230769,26,18.76923076923077,0.0309869268
V20_ensw2,hold20_t2,3.3159523750791697,13.282188088654761,3.3566037880108603,-0.20555479975493562,1.3333808426306524,0.8496562139480708,0.6153846153846154,26,18.76923076923077,0.031179033600000003
V20_ensw2,hold20_t1,3.132567172251176,3.2616586314455667,2.6658188198495463,-0.3017438229838967,2.0236745447375393,0.36673676717078596,0.6153846153846154,13,18.76923076923077,0.030957510000000008
V20_ensw2,D01_t1h5sl8,1.9659580888427173,2.051531670577977,2.606739818732596,-0.1895624336886097,0.9770573898599888,0.5001881604725487,0.56,50,4.88,0.0888487932
V20_ensw2,S2_re300,0.5308893961833039,1.1742591592499552,1.4547802355539894,-0.20301926839433737,0.360727607410414,0.12505205880016224,0.5568181818181818,88,5.545454545454546,0.054797562
V11_ensw2,h20tr20_t2,0.7440739049206282,1.5155011580097861,1.585257637974681,-0.24608836102598108,0.8790619261824055,-0.07183798435851674,0.5,26,18.76923076923077,0.018399066
V11_ensw2,hold20_t2,0.9655628611316531,2.1841376675350155,1.8110247696622603,-0.2508829190951519,0.8790619261824055,0.046034105499113354,0.5384615384615384,26,18.76923076923077,0.0187672044
V11_ensw2,hold20_t1,3.3823062940699335,3.5254336360886445,2.819290909741342,-0.25079348529930623,1.9107164337754905,0.5055765114108508,0.6153846153846154,13,18.76923076923077,0.0309082236
V11_ensw2,D01_t1h5sl8,2.6111209186693696,2.729193500803848,2.9617112108758166,-0.1557566866625203,1.1335236303560494,0.6925619511731067,0.62,50,4.88,0.09857628839999999
V11_ensw2,S2_re300,1.2416060039708938,3.6984763867538923,2.5311859184975365,-0.15592855302522624,0.7926175943993494,0.2504652475655216,0.5934065934065934,91,5.362637362637362,0.0736950204
V20+w0.25v18,h20tr20_t2,1.5828935394603407,4.828842581283799,2.5892586065633076,-0.23033559780277824,0.9833498206305289,0.3022884377699988,0.6153846153846154,26,18.76923076923077,0.021250720800000004
V20+w0.25v18,hold20_t2,1.3370914481682634,3.635483647817063,2.3335606782383658,-0.23033559780277824,0.9833498206305289,0.1783556404715707,0.6153846153846154,26,18.76923076923077,0.021282259199999997
V20+w0.25v18,hold20_t1,3.3229630369611014,3.4781480148030104,2.8281772913870205,-0.2507393598171841,1.876086132911007,0.5030714788036095,0.6153846153846154,13,18.76923076923077,0.030589126799999998
V20+w0.25v18,D01_t1h5sl8,1.2606925120614645,1.328542385596506,2.028043693186123,-0.30234472718813576,0.9047567627974862,0.18686677281629382,0.52,50,4.88,0.0806600904
V20+w0.25v18,S2_re300,0.8764964914356501,2.355154824875583,2.076126075880405,-0.14733952485917734,0.7097071887245945,0.09755430860384795,0.6086956521739131,92,5.282608695652174,0.07003860599999999
V11+w0.25v18,h20tr20_t2,1.8888037769025225,6.380091718910791,2.84754580429843,-0.20684407312515507,1.037269860394292,0.4179779679965552,0.6538461538461539,26,18.76923076923077,0.021905438399999998
V11+w0.25v18,hold20_t2,1.612447727566504,4.869140229013751,2.592043317463486,-0.20684407312515507,1.037269860394292,0.28232777520249264,0.6538461538461539,26,18.76923076923077,0.021932284799999997
V11+w0.25v18,hold20_t1,3.6863456150096647,3.855156291930867,2.9587089767669017,-0.2515576773422522,2.1766732807828273,0.475236891171513,0.6153846153846154,13,18.76923076923077,0.032743264800000005
V11+w0.25v18,D01_t1h5sl8,1.3940536329615796,1.4692125466886816,2.106660310189691,-0.2855449322579118,1.1932138901980385,0.0915732586142819,0.5,50,4.88,0.0840281712
V20+w0.5v18,hold20_t2,0.5436567020638852,1.3406676546658267,1.4183987518744345,-0.17223210296744207,0.12330447769364605,0.37421040574261855,0.6153846153846154,26,18.76923076923077,0.014619843600000001
V20+w0.5v18,hold20_t1,1.0611788039564152,1.0718568878708044,1.7644588068065277,-0.22637249556316175,0.14480950978231721,0.8004556970777976,0.6923076923076923,13,18.76923076923077,0.016272304799999998
V11+w0.25v18,S2_re300,0.5754124925505997,1.3576080971208464,1.6275776313232122,-0.16891606521595948,0.49604048179592897,0.05305472125953914,0.6744186046511628,86,5.651162790697675,0.05676693720000001
V20+w0.5v18,h20tr20_t2,0.5436567020638852,1.3406676546658267,1.4183987518744345,-0.17223210296744207,0.12330447769364605,0.37421040574261855,0.6153846153846154,26,18.76923076923077,0.014619843600000001
V20+w0.5v18,D01_t1h5sl8,0.08194200635279247,0.09101918465940972,0.4001136275200546,-0.295601786939929,0.017982618176597853,0.06282954839716015,0.4489795918367347,49,4.979591836734694,0.0445548036
V20+w0.5v18,S2_re300,0.11158186754226329,0.1890330641717457,0.5270442005001701,-0.213377709624627,0.08262099564224812,0.02675070224629672,0.5617977528089888,89,5.46067415730337,0.0454433868
V11+w0.5v18,h20tr20_t2,1.8772236522380124,6.34220585134637,2.845011162049598,-0.18772489784840551,1.0936886278071527,0.3742366529695025,0.6538461538461539,26,18.76923076923077,0.022617785999999997
V11+w0.5v18,hold20_t2,1.8772236522380124,6.34220585134637,2.845011162049598,-0.18772489784840551,1.0936886278071527,0.3742366529695025,0.6538461538461539,26,18.76923076923077,0.022617785999999997
V11+w0.5v18,hold20_t1,1.3597677441965423,1.3760923291424882,2.0184863814023357,-0.20945788864444603,0.3119447914121187,0.7986791514729785,0.7692307692307693,13,18.76923076923077,0.0177366372
V11+w0.5v18,D01_t1h5sl8,0.2317306594895785,0.2379786350132136,0.7157203736516742,-0.2949234388008065,0.15492721577236823,0.06650067871666399,0.46938775510204084,49,4.979591836734694,0.048341451599999995
V11+w0.5v18,S2_re300,0.3116532917685413,0.7401293461682619,1.0523097216790007,-0.19041544869128635,0.20906920919724814,0.08484550081248265,0.6024096385542169,83,5.855421686746988,0.04940678039999999
V20+w1.0v18,h20tr20_t2,0.8261195373156318,2.3229144079154382,1.8621393628525906,-0.16746560551538803,0.12603077546733776,0.6217314633853912,0.6538461538461539,26,18.76923076923077,0.014517884400000002
V20+w1.0v18,hold20_t2,0.8261195373156318,2.3229144079154382,1.8621393628525906,-0.16746560551538803,0.12603077546733776,0.6217314633853912,0.6538461538461539,26,18.76923076923077,0.014517884400000002
V20+w1.0v18,hold20_t1,1.211645381477637,1.2232097310105807,1.9207558003504277,-0.2238506895247817,0.20690353619144153,0.8324955683341548,0.8461538461538461,13,18.76923076923077,0.0168991968
V20+w1.0v18,D01_t1h5sl8,0.4378799662574704,0.4455642406301574,1.1547889085730483,-0.2658499218069673,0.24109805506769555,0.15855468501160486,0.4897959183673469,49,4.979591836734694,0.0567951708
V20+w1.0v18,S2_re300,0.2084695913492225,0.4208469108053323,0.8011202259466306,-0.24640938309973603,0.1852691049392281,0.019574024424761083,0.6162790697674418,86,5.662790697674419,0.04748218319999999
V11+w1.0v18,h20tr20_t2,0.8042599295015203,2.227553266763212,1.8539034734065092,-0.17142841152425836,0.08755854919439865,0.6590002725260278,0.6538461538461539,26,18.76923076923077,0.014748241200000001
V11+w1.0v18,hold20_t2,0.8042599295015203,2.227553266763212,1.8539034734065092,-0.17142841152425836,0.08755854919439865,0.6590002725260278,0.6538461538461539,26,18.76923076923077,0.014748241200000001
V11+w1.0v18,hold20_t1,1.1402916525254407,1.158410753651891,1.853987051552569,-0.22511268134013007,0.17139910523459734,0.8271241995671481,0.8461538461538461,13,18.76923076923077,0.0164857092
V11+w1.0v18,D01_t1h5sl8,0.33872233785855443,0.3480030235199776,0.9245069087592778,-0.33903133967003163,0.30993054470226755,0.02197963340325737,0.4897959183673469,49,4.979591836734694,0.05628070319999999
V20+w2.0v18,hold20_t2,0.6623160408501818,1.7472356910925537,1.8433657012987101,-0.19703292711543485,0.2370130377752866,0.34381448706456963,0.6923076923076923,26,18.76923076923077,0.015105281999999998
V20+w2.0v18,hold20_t1,0.8632194276409766,0.8742926718815744,1.8480080200459112,-0.23754575443294546,0.32665551718499297,0.4044485576741945,0.7692307692307693,13,18.76923076923077,0.0167865276
V11+w1.0v18,S2_re300,0.46147461707323356,1.0542433237967432,1.436861799046595,-0.21120535504095195,0.26123629240580604,0.15876352898589263,0.524390243902439,82,5.951219512195122,0.049163857199999994
V20+w2.0v18,h20tr20_t2,0.6623160408501818,1.7472356910925537,1.8433657012987101,-0.19703292711543485,0.2370130377752866,0.34381448706456963,0.6923076923076923,26,18.76923076923077,0.015105281999999998
V20+w2.0v18,D01_t1h5sl8,0.12218688357570606,0.12517075637720398,0.505879035859584,-0.4123452756708651,0.2652775900195077,-0.11309036655078641,0.4,50,4.88,0.05322119280000001
V20+w2.0v18,S2_re300,0.15354625292894197,0.30804004966263654,0.6413361369244924,-0.32021430041366594,0.42854851146800566,-0.19250466913193265,0.6024096385542169,83,5.867469879518072,0.050054847599999994
V11+w2.0v18,h20tr20_t2,0.8761432467193038,2.591960949354655,2.2476085625001216,-0.1049860012383802,0.1960012635054844,0.5686799871935897,0.6923076923076923,26,18.76923076923077,0.0156474528
V11+w2.0v18,hold20_t2,0.8761432467193038,2.591960949354655,2.2476085625001216,-0.1049860012383802,0.1960012635054844,0.5686799871935897,0.6923076923076923,26,18.76923076923077,0.0156474528
V11+w2.0v18,hold20_t1,0.9122509371478136,0.9294186197503975,1.9156689804256286,-0.15796298616081628,0.32665551718499297,0.44140729253166344,0.7692307692307693,13,18.76923076923077,0.017202544800000004
V11+w2.0v18,D01_t1h5sl8,0.12011711766757971,0.12406609215893138,0.5048684707919339,-0.3844126792348944,0.2539412281928217,-0.106722793314731,0.3673469387755102,49,4.979591836734694,0.05181655080000001
V11+w2.0v18,S2_re300,0.2634025066315866,0.49902648527770377,0.9083409973774944,-0.3520401265642439,0.28271382974408366,-0.015055051769690908,0.5625,80,6.0875,0.048476805600000006
