set,cfg,cum_net,sharpe,maxdd,h1,h2,n_trades,win_rate,avg_hold
V8_allz,h_h20_tr12,0.2877994854205279,1.0777903236713708,-0.21810242974740068,0.30872867141467464,-0.01599199776950233,26,0.5384615384615384,18.76923076923077
V8_allz,h_h20_tr20_sl8,0.365969989280603,1.1995826343389377,-0.1987582350294138,0.32890197568854096,0.027893715465999724,28,0.6071428571428571,17.428571428571427
V8_allz,h_h15_tr15,0.2716189460779168,0.9117729348825103,-0.3229911847714323,0.4991483468919067,-0.15177243885550984,34,0.4411764705882353,14.352941176470589
V8_allz,c_h10_rat20_10_sl8,0.31831569211318134,1.0554227264498326,-0.23193778168845847,0.30412731663748627,0.010879593805516397,50,0.56,9.76
V8_allz,c_h10_rat15_8_sl6,0.012645984208719208,0.19783199431573312,-0.3090592398040365,0.09660501170647362,-0.07656268811602573,55,0.509090909090909,8.872727272727273
V8_allz,c_re300_rat20_10_sl8,0.36035505318269356,1.309072297166272,-0.21083830774043844,0.30095482483774383,0.0456589477289171,58,0.603448275862069,8.413793103448276
V8_allz,n_h10_tr12_t1,0.1972505493304073,0.7342470266090755,-0.3529256188938861,0.31190241530542107,-0.08739359317996276,25,0.44,9.76
V8_allz,n_h5_sl8_t1,0.12476299821531223,0.5105433786367758,-0.5125782936868964,0.7500470155844488,-0.35729555366277743,49,0.46938775510204084,4.979591836734694
V7_allz,h_h15_tr15,0.5866106473443435,1.5765607370651065,-0.17779582932342275,0.460536828192448,0.08632019180777672,34,0.4117647058823529,14.352941176470589
V7_allz,c_h10_rat20_10_sl8,0.3657102074769374,1.261151002231375,-0.24094721100714467,0.3400780344411365,0.019127373464106423,53,0.5283018867924528,9.20754716981132
V7_allz,c_h10_rat15_8_sl6,-0.03360016013859812,-0.008646549731866765,-0.26244975976397844,0.10131191530717554,-0.12250124017603625,56,0.4642857142857143,8.714285714285714
V7_allz,c_re300_rat20_10_sl8,0.3096178046121296,1.2784311676723301,-0.23570307112333266,0.14239777037312984,0.14637636607464954,83,0.5903614457831325,5.879518072289157
V7_allz,n_h10_tr12_t1,-0.041027702202994565,0.03369306827749424,-0.3440807554525993,0.006078199294434539,-0.04682131223046637,25,0.52,9.76
V7_allz,n_h5_sl8_t1,-0.2871825435819153,-0.866862995249322,-0.4309687570479398,0.0039428265039738175,-0.2899820212866848,50,0.46,4.88
V7_allz,d_daily_t1,-0.2842238224794422,-1.1035262568606274,-0.4576017442300241,-0.19997271119218307,-0.10531029686850735,243,0.43209876543209874,1.0
V7_allz,d_daily_t2,-0.3561393177621922,-1.9198304572218667,-0.4115309765613989,-0.1966649313325688,-0.19851540490340747,486,0.43415637860082307,1.0
V7_allz,r_re300_sl8_tr15_tp25,0.3096178046121296,1.2784311676723301,-0.23570307112333266,0.14239777037312984,0.14637636607464954,83,0.5903614457831325,5.879518072289157
V7_allz,r_re300_sl8_tr15_tp20,0.3096178046121296,1.2784311676723301,-0.23570307112333266,0.14239777037312984,0.14637636607464954,83,0.5903614457831325,5.879518072289157
V7_allz,r_re300_sl8_tr15_q30,0.13409824364898726,0.6775434652223963,-0.20107042049777735,-0.01948662516150479,0.15663719919760277,74,0.6081081081081081,5.986486486486487
V7_allz,r_re300_sl8_tr15_q50,0.19274926874019616,0.9529025746217413,-0.12444766359107196,-0.011424257655207382,0.2065330127473357,71,0.676056338028169,6.056338028169014
V7_allz,h_h20_tr20,0.09518052371288088,0.4759411462170596,-0.20823451554161176,0.151807286020891,-0.049163399984763934,26,0.5,18.76923076923077
V7_allz,h_h20_tr15,0.055532292577092246,0.340303343596825,-0.19703972135344472,0.151807286020891,-0.08358602572865892,26,0.5,18.76923076923077
V7_allz,h_h20_tr12,-0.10583945285237661,-0.33358735838841047,-0.3235582010090313,0.06862013588170712,-0.16325687948050827,26,0.38461538461538464,18.76923076923077
V7_allz,h_h20_tr20_sl8,0.03550447819870328,0.268588843899779,-0.3049745639742725,0.15587100496180173,-0.10413491319221768,28,0.42857142857142855,17.392857142857142
V7_allz,r_re300,0.4359822031556275,1.6094768995239102,-0.2590595792396242,0.15417485230332106,0.24416348206679417,82,0.5609756097560976,5.939024390243903
V7_allz,r_re300_sl8_tr15,0.3096178046121296,1.2784311676723301,-0.23570307112333266,0.14239777037312984,0.14637636607464954,83,0.5903614457831325,5.879518072289157
V7_allz,r_re200_sl8_tr15,-0.15723960426841554,-0.6346479519550021,-0.29627801418669264,-0.03905683209501243,-0.12298622449344321,98,0.4489795918367347,4.969387755102041
V7_allz,r_re150_sl8_tr15,-0.015506850435313413,0.03730507417288517,-0.2634134316405742,-0.1433418603996327,0.14922523239428265,102,0.5098039215686274,4.7745098039215685
V7_allz,r_re300_sl6_tr15,0.1536262549254297,0.7255896972496735,-0.3213916534487683,0.1294456691706023,0.021409250940406688,85,0.5411764705882353,5.729411764705882
V7_allz,r_re300_sl10_tr15,0.4359822031556275,1.6094768995239102,-0.2590595792396242,0.15417485230332106,0.24416348206679417,82,0.5609756097560976,5.939024390243903
V7_allz,r_re300_sl8_tr10,0.3096178046121296,1.2784311676723301,-0.23570307112333266,0.14239777037312984,0.14637636607464954,83,0.5903614457831325,5.879518072289157
V7_allz,r_re300_sl8_tr20,0.3096178046121296,1.2784311676723301,-0.23570307112333266,0.14239777037312984,0.14637636607464954,83,0.5903614457831325,5.879518072289157
V9_allz,h_h20_tr20,0.4930695509535512,1.4167615781112253,-0.22167788101616825,0.34247779650516885,0.1121744842562109,26,0.6153846153846154,18.76923076923077
V9_allz,h_h20_tr15,0.33992859362343797,1.1122870678324333,-0.2827389456878948,0.3436783905347387,-0.0027906952569273225,26,0.6538461538461539,18.76923076923077
V9_allz,h_h20_tr12,0.20576706762389474,0.7771253248519997,-0.33746499345004743,0.2879599362439529,-0.06381632402305504,27,0.6296296296296297,18.074074074074073
V9_allz,h_h20_tr20_sl8,0.13387332843323363,0.6171212798743702,-0.23773549873107958,0.31641765323510174,-0.13866748470993595,28,0.5357142857142857,17.428571428571427
V9_allz,h_h15_tr15,0.4794313700816246,1.4283306481533928,-0.29490441578914217,0.2885748425760575,0.14811442936757757,34,0.5,14.352941176470589
V9_allz,c_h10_rat20_10_sl8,0.21050365217229983,0.7859794075731624,-0.2942557052329341,0.28526134315411666,-0.05816536176086706,52,0.5,9.384615384615385
V9_allz,c_h10_rat15_8_sl6,0.08267928946911973,0.41688413819981496,-0.35495021026785456,0.46038927766234283,-0.25863651149084466,54,0.4074074074074074,9.037037037037036
V9_allz,c_re300_rat20_10_sl8,0.6145150462727151,1.8349713671445187,-0.19585315599893605,0.27117681240245184,0.27009478974162104,61,0.6557377049180327,8.0
V7_allz,c2_h20_tr20_tp30,0.09518052371288088,0.4759411462170596,-0.20823451554161176,0.151807286020891,-0.049163399984763934,26,0.5,18.76923076923077
V7_allz,c2_h20_tr20_tp35,0.09518052371288088,0.4759411462170596,-0.20823451554161176,0.151807286020891,-0.049163399984763934,26,0.5,18.76923076923077
V8_allz,r_re300,0.5399666967422765,1.7300749434662792,-0.18523061605874747,0.3251989972994651,0.162064489846786,58,0.6206896551724138,8.413793103448276
V8_allz,r_re300_sl8_tr15,0.36035505318269356,1.309072297166272,-0.21083830774043844,0.30095482483774383,0.0456589477289171,58,0.603448275862069,8.413793103448276
V8_allz,r_re200_sl8_tr15,0.30987405695424775,1.1208201945947274,-0.3149996022666828,0.3289938443727012,-0.014386663639874953,73,0.5753424657534246,6.684931506849315
V8_allz,r_re150_sl8_tr15,0.4316139816469444,1.3951375233755294,-0.32549057128527137,0.47003087878305516,-0.026133394672577026,83,0.6506024096385542,5.879518072289157
V8_allz,r_re300_sl6_tr15,0.16500667526269197,0.7119319309618172,-0.28217767802433635,0.2876906331777598,-0.09527440423505207,63,0.5714285714285714,7.746031746031746
V8_allz,r_re300_sl10_tr15,0.5054825052871816,1.6770463548135113,-0.17348065693353498,0.31933761386347803,0.14108965701251153,62,0.6290322580645161,7.870967741935484
V8_allz,d_daily_t1,0.08929850573976972,0.43425687049747047,-0.3756895786551374,0.17035406417060917,-0.06925729649879908,243,0.5432098765432098,1.0
V8_allz,d_daily_t2,0.2735377595095021,1.0014179434757238,-0.3059558844127176,0.20832730633530883,0.053967540774996214,486,0.5349794238683128,1.0
V8_allz,c2_h20_tr20_tp30,0.6736408024819207,1.9741340727983017,-0.15275578458600214,0.28501326571355445,0.30243075860587854,26,0.7307692307692307,18.76923076923077
V8_allz,c2_h20_tr20_tp35,0.4312027950299824,1.4101530202872659,-0.16817492351871266,0.3079056947811776,0.09427063490952436,26,0.6538461538461539,18.76923076923077
V9_allz,r_re300,0.7008179290781067,2.0839066113924836,-0.14093872512700378,0.27117681240245184,0.3379869051132698,62,0.6129032258064516,7.870967741935484
V9_allz,r_re300_sl8_tr15,0.6145150462727151,1.8349713671445187,-0.19585315599893605,0.27117681240245184,0.27009478974162104,61,0.6557377049180327,8.0
V9_allz,r_re200_sl8_tr15,0.4748653856123153,1.4670556266422161,-0.21199603280893808,0.31287759977722374,0.12338376849645272,89,0.6067415730337079,5.47191011235955
V9_allz,r_re150_sl8_tr15,0.41732230130160053,1.338003106880831,-0.2058072425761478,0.25056063098181003,0.13334952835422786,91,0.5604395604395604,5.351648351648351
V8_allz,r_re300_sl8_tr10,0.4519121164561011,1.5239991146408536,-0.1959986599078397,0.30095482483774383,0.11603576752727318,61,0.6065573770491803,8.0
V8_allz,r_re300_sl8_tr20,0.36035505318269356,1.309072297166272,-0.21083830774043844,0.30095482483774383,0.0456589477289171,58,0.603448275862069,8.413793103448276
V8_allz,r_re300_sl8_tr15_tp25,0.36035505318269356,1.309072297166272,-0.21083830774043844,0.30095482483774383,0.0456589477289171,58,0.603448275862069,8.413793103448276
V8_allz,r_re300_sl8_tr15_tp20,0.36035505318269356,1.309072297166272,-0.21083830774043844,0.30095482483774383,0.0456589477289171,58,0.603448275862069,8.413793103448276
V8_allz,r_re300_sl8_tr15_q30,0.2921086064684082,1.0990764005726406,-0.2045904722500892,0.32641205276126106,-0.025861832468607848,56,0.625,8.125
V8_allz,r_re300_sl8_tr15_q50,0.8863192391109833,2.524128600285173,-0.15773444504985856,0.4508070803137463,0.3001861272299926,60,0.7166666666666667,6.85
V8_allz,h_h20_tr20,0.4312027950299824,1.4101530202872659,-0.16817492351871266,0.3079056947811776,0.09427063490952436,26,0.6538461538461539,18.76923076923077
V8_allz,h_h20_tr15,0.3992286706109438,1.324109575212388,-0.16817492351871266,0.3079056947811776,0.06982382307391433,26,0.6153846153846154,18.76923076923077
V9_allz,n_h10_tr12_t1,0.21135075956037785,0.7465749352619566,-0.33565242373244697,0.5598188484323303,-0.22340292221893232,25,0.48,9.76
V9_allz,n_h5_sl8_t1,1.278985937294192,2.32105643422526,-0.35489462500846225,0.8346439514199622,0.24219521478830885,50,0.54,4.88
V9_allz,d_daily_t1,0.2276766356425599,0.7778037969494286,-0.30429672030711485,0.023834003089845845,0.1990973457977887,243,0.5267489711934157,1.0
V9_allz,d_daily_t2,-0.016440692158097403,0.07760659781141178,-0.3514908640189055,0.11755342462430951,-0.1198995178485105,481,0.49480249480249483,1.0103950103950103
V9_allz,c2_h20_tr20_tp30,0.5929605796135509,1.7189025462633691,-0.2517323296622913,0.6711060833850151,-0.046762742681885294,26,0.6153846153846154,18.76923076923077
V9_allz,c2_h20_tr20_tp35,0.5610714881236603,1.5438515595242028,-0.18564160416748487,0.4993692116934805,0.04115215648618609,26,0.5769230769230769,18.76923076923077
V10_allz,r_re300,0.43574043938241425,1.4868516976450565,-0.1945104947313917,0.4407017032034899,-0.003443644031268067,60,0.6666666666666666,8.133333333333333
V10_allz,r_re300_sl8_tr15,0.5220450444594731,1.710099880649783,-0.14046055030343219,0.45077532182943214,0.04912526533755157,74,0.7027027027027027,6.594594594594595
V10_allz,c_h10_rat15_8_sl6,-0.025928621325545853,0.04527718330103261,-0.3159824779516922,0.2862473908145775,-0.24270293130967768,53,0.4528301886792453,9.20754716981132
V10_allz,c_re300_rat20_10_sl8,0.5220450444594731,1.710099880649783,-0.14046055030343219,0.45077532182943214,0.04912526533755157,74,0.7027027027027027,6.594594594594595
V10_allz,n_h10_tr12_t1,0.23693981550658205,0.7837740935566041,-0.2404015920021979,0.45975214640328943,-0.15263709763722455,25,0.52,9.76
V10_allz,n_h5_sl8_t1,0.3130932627313938,0.97507815443827,-0.2702484035724204,0.2677651709596498,0.0357543280175725,50,0.5,4.88
V10_allz,d_daily_t1,0.0618528970524892,0.35030278941020776,-0.27143326917932753,0.13942822749871664,-0.06808268267718931,243,0.49794238683127573,1.0
V10_allz,d_daily_t2,-0.033066913920432484,0.02291247369284378,-0.28099707334906465,0.14390179579441909,-0.15470620849226802,481,0.49480249480249483,1.0103950103950103
V10_allz,c2_h20_tr20_tp30,0.18084739768577918,0.7234418481111841,-0.27907499147732906,0.2849939285866756,-0.08104826690927924,26,0.46153846153846156,18.76923076923077
V10_allz,c2_h20_tr20_tp35,0.17858749893294745,0.6898206129991203,-0.27385722749840424,0.20461021871557894,-0.02160260587061802,26,0.46153846153846156,18.76923076923077
V10_allz,r_re300_sl8_tr15_q30,0.4041496033216041,1.4053512182513228,-0.23465650917398362,0.19858629984158616,0.17150479986896716,64,0.625,7.015625
V10_allz,r_re300_sl8_tr15_q50,0.23242700239402803,0.9793614460853165,-0.2054435595142019,0.1501000569647164,0.07158242009532989,56,0.6071428571428571,7.428571428571429
V10_allz,h_h20_tr20,0.17858749893294745,0.6898206129991203,-0.27385722749840424,0.20461021871557894,-0.02160260587061802,26,0.46153846153846156,18.76923076923077
V10_allz,h_h20_tr15,0.43682425786491574,1.3206886532853077,-0.24177046897333598,0.31091147493101934,0.09604979843548955,26,0.6538461538461539,18.76923076923077
V10_allz,h_h20_tr12,0.41674456940743654,1.3097350930754725,-0.24970908877870723,0.22369575853948076,0.15775882977511269,27,0.6296296296296297,18.074074074074073
V10_allz,h_h20_tr20_sl8,0.020517119882122126,0.22647370059155394,-0.3714631603687103,0.19539556156063198,-0.1462933670677179,29,0.41379310344827586,16.82758620689655
V10_allz,h_h15_tr15,0.3594986193920957,1.2015695117818048,-0.26736207594388905,0.40188080785856717,-0.03023237655361899,34,0.5294117647058824,14.352941176470589
V10_allz,c_h10_rat20_10_sl8,0.07828762442615189,0.4092096516278847,-0.2299773093385873,0.24346556942186526,-0.13283676609760164,51,0.49019607843137253,9.568627450980392
V11_allz,h_h15_tr15,0.044700652694124265,0.3027877080898361,-0.38766986810843085,0.36398983649872796,-0.23408472355204557,34,0.5,14.352941176470589
V11_allz,c_h10_rat20_10_sl8,0.2840693662416842,1.0043132893516595,-0.2935192325061069,0.25564235218096565,0.02263941958579485,53,0.5660377358490566,9.20754716981132
V11_allz,c_h10_rat15_8_sl6,0.2699308765733588,0.9897455106512532,-0.20508368622278073,0.26730731629126714,0.0020701847518473926,55,0.509090909090909,8.854545454545455
V11_allz,c_re300_rat20_10_sl8,0.4960444593089197,1.62329438701991,-0.1388697986766564,0.21422502008381983,0.23209819807999477,88,0.5568181818181818,5.545454545454546
V11_allz,n_h10_tr12_t1,0.0816721573471153,0.4057948343432477,-0.2577160490066105,0.20631514363921077,-0.10332539299479637,25,0.6,9.76
V11_allz,n_h5_sl8_t1,0.07002045204209106,0.3732378171415889,-0.3134152095915054,0.03845490191502998,0.030396649935254594,49,0.5306122448979592,4.979591836734694
V11_allz,d_daily_t1,-0.030539017639861887,0.10309196821295434,-0.2609810672349948,-0.05429616368325385,0.025121126859249276,243,0.4609053497942387,1.0
V11_allz,d_daily_t2,-0.10431559001521662,-0.25362967291974314,-0.3362523891527037,0.03289948633157458,-0.13284455860668687,486,0.4609053497942387,1.0
V10_allz,r_re200_sl8_tr15,0.4834198722603811,1.6580262729296302,-0.21859575663266262,0.578297850695974,-0.060114114958563114,86,0.6976744186046512,5.674418604651163
V10_allz,r_re150_sl8_tr15,0.4291584482927835,1.4409836227999824,-0.1499984008638272,0.323570230156232,0.0797753044990206,94,0.6170212765957447,5.191489361702128
V10_allz,r_re300_sl6_tr15,0.4445308161694037,1.3800269420277207,-0.24123711808979686,0.43540248246910984,0.006359424490191001,76,0.631578947368421,6.421052631578948
V10_allz,r_re300_sl10_tr15,0.2092609673592456,0.833150628638669,-0.3368007780250374,0.4407017032034899,-0.16064445216495582,65,0.6615384615384615,7.507692307692308
V10_allz,r_re300_sl8_tr10,0.5220450444594731,1.710099880649783,-0.14046055030343219,0.45077532182943214,0.04912526533755157,74,0.7027027027027027,6.594594594594595
V10_allz,r_re300_sl8_tr20,0.5220450444594731,1.710099880649783,-0.14046055030343219,0.45077532182943214,0.04912526533755157,74,0.7027027027027027,6.594594594594595
V10_allz,r_re300_sl8_tr15_tp25,0.5220450444594731,1.710099880649783,-0.14046055030343219,0.45077532182943214,0.04912526533755157,74,0.7027027027027027,6.594594594594595
V10_allz,r_re300_sl8_tr15_tp20,0.5220450444594731,1.710099880649783,-0.14046055030343219,0.45077532182943214,0.04912526533755157,74,0.7027027027027027,6.594594594594595
V12_allz,h_h20_tr12,-0.22570649386362163,-0.7305160899247396,-0.39472095636243854,0.07120985572475935,-0.2771785080221225,30,0.36666666666666664,16.266666666666666
V12_allz,h_h20_tr20_sl8,-0.0862485806945148,-0.09256980861494478,-0.4134663044052702,0.18556057378929447,-0.22926635761431524,30,0.4666666666666667,16.266666666666666
V12_allz,h_h15_tr15,0.11752547603382801,0.5079256152839602,-0.37365586859252475,0.10776031938241015,0.008815225171509455,34,0.5294117647058824,14.352941176470589
V12_allz,c_h10_rat20_10_sl8,0.1348552160708545,0.5478785984171856,-0.36997050488468186,0.4959367056023749,-0.2413748443896384,55,0.5272727272727272,8.872727272727273
V12_allz,c_h10_rat15_8_sl6,0.11174538049724259,0.4994280645436573,-0.31315525583003145,0.3331122850186976,-0.16605270764446622,53,0.5094339622641509,9.20754716981132
V12_allz,c_re300_rat20_10_sl8,0.3855771985452372,1.1957149310917374,-0.32015157602504996,0.3011563354433848,0.06488141417156013,77,0.5974025974025974,6.337662337662338
V12_allz,n_h10_tr12_t1,-0.12580777465009252,-0.13814907233266935,-0.4976617732616917,0.505565416981691,-0.4193595206892706,25,0.52,9.76
V12_allz,n_h5_sl8_t1,0.18661945162975635,0.6283767878326366,-0.5175276972967692,0.68604715735052,-0.296212180984055,51,0.5098039215686274,4.784313725490196
V9_allz,r_re300_sl6_tr15,0.08721765681337512,0.4644224977927582,-0.2593339563902979,0.1377843007504509,-0.04444308460199786,66,0.5606060606060606,7.393939393939394
V9_allz,r_re300_sl10_tr15,0.37175715639897056,1.2801896343362613,-0.2647500111480965,0.27117681240245184,0.07912380324687285,66,0.5909090909090909,7.393939393939394
V9_allz,r_re300_sl8_tr10,0.6440826008961416,1.884186420733629,-0.19585315599893605,0.27117681240245184,0.2933547755555106,63,0.6190476190476191,7.746031746031746
V9_allz,r_re300_sl8_tr20,0.6145150462727151,1.8349713671445187,-0.19585315599893605,0.27117681240245184,0.27009478974162104,61,0.6557377049180327,8.0
V9_allz,r_re300_sl8_tr15_tp25,0.6145150462727151,1.8349713671445187,-0.19585315599893605,0.27117681240245184,0.27009478974162104,61,0.6557377049180327,8.0
V9_allz,r_re300_sl8_tr15_tp20,0.6145150462727151,1.8349713671445187,-0.19585315599893605,0.27117681240245184,0.27009478974162104,61,0.6557377049180327,8.0
V9_allz,r_re300_sl8_tr15_q30,0.020345401892032378,0.20628409917629797,-0.2975912509304668,0.207649148558261,-0.15509781701898995,53,0.49056603773584906,8.81132075471698
V9_allz,r_re300_sl8_tr15_q50,0.04810031471872156,0.31166946245283184,-0.27777840402348075,0.1880411948221934,-0.11779126911875804,53,0.5471698113207547,8.056603773584905
V14_allz,h_h20_tr20,0.0006460141884476744,0.1497159341236018,-0.2736049755433638,0.016703560768977166,-0.01579373496870984,26,0.46153846153846156,18.76923076923077
V14_allz,h_h20_tr15,-0.06925952472093266,-0.07342612691189018,-0.22553184539655802,0.016703560768977166,-0.08455078629299995,28,0.42857142857142855,17.428571428571427
V14_allz,h_h20_tr12,-0.2283548949275398,-0.5948640411949037,-0.44706260082117155,-0.027618589879970235,-0.20643782671944644,33,0.3333333333333333,14.787878787878787
V14_allz,h_h20_tr20_sl8,0.1807853103387591,0.6645611362534584,-0.2164001464843931,0.16691629662976704,0.011885182981031805,32,0.375,15.25
V14_allz,h_h15_tr15,-0.15934487941046616,-0.4055303082495383,-0.4022830542377801,0.21605611255125434,-0.30870367583132297,35,0.4857142857142857,13.942857142857143
V14_allz,c_h10_rat20_10_sl8,-0.03794235382342004,0.09491823100608447,-0.44382568942072476,0.29015855944615376,-0.25431053483102317,57,0.38596491228070173,8.56140350877193
V14_allz,c_h10_rat15_8_sl6,-0.17161431808941896,-0.37678472166521154,-0.4211578339362515,-0.014626002580048758,-0.1593185084246399,61,0.39344262295081966,8.0
V14_allz,c_re300_rat20_10_sl8,0.12799500496906235,0.5308880192805369,-0.25008808108025915,0.3303768891302843,-0.1521237220931625,81,0.5555555555555556,6.0246913580246915
V11_allz,c2_h20_tr20_tp30,0.4344676963241909,1.2594252188057364,-0.28115199484369924,0.5640921709016027,-0.08287521476607762,26,0.5769230769230769,18.76923076923077
V11_allz,c2_h20_tr20_tp35,-0.13930215299158122,-0.3405242121434538,-0.42356163161225135,0.09804015680478728,-0.21615084687523267,26,0.5,18.76923076923077
V12_allz,r_re300,-0.005529493322598222,0.13473753849791878,-0.3459668051594431,0.14776929943157202,-0.13356237427686102,58,0.4827586206896552,8.413793103448276
V12_allz,r_re300_sl8_tr15,0.3855771985452372,1.1957149310917374,-0.32015157602504996,0.3011563354433848,0.06488141417156013,77,0.5974025974025974,6.337662337662338
V12_allz,r_re200_sl8_tr15,0.214414309599672,0.7726252609662763,-0.30580469201259386,0.1617136266959469,0.04536460767324435,83,0.5662650602409639,5.879518072289157
V12_allz,r_re150_sl8_tr15,-0.06730076049162492,-0.08495039628182857,-0.3881703483388953,0.009187641240446576,-0.07579205155351976,93,0.5376344086021505,5.247311827956989
V12_allz,r_re300_sl6_tr15,0.31352589744040604,1.020844011708162,-0.2199336715331358,0.3583787119810695,-0.033019373864634716,83,0.5783132530120482,5.879518072289157
V12_allz,r_re300_sl10_tr15,0.3422380121526363,1.084754438538495,-0.2630761873644747,0.1752698755307227,0.14206791146290088,73,0.5342465753424658,6.684931506849315
V11_allz,r_re300,0.7694704705353461,2.1654070832205,-0.1350920161334176,0.3668477287309315,0.2945629811875503,84,0.5952380952380952,5.809523809523809
V11_allz,r_re300_sl8_tr15,0.4960444593089197,1.62329438701991,-0.1388697986766564,0.21422502008381983,0.23209819807999477,88,0.5568181818181818,5.545454545454546
V11_allz,r_re200_sl8_tr15,0.23455552833823967,0.8513430800600638,-0.2500987359157525,0.16535831762651032,0.05937848442414184,107,0.5607476635514018,4.5607476635514015
V11_allz,r_re150_sl8_tr15,0.05081583275557855,0.3191118576922316,-0.304705348036713,0.09632544926583031,-0.04151104632363334,119,0.5294117647058824,4.100840336134453
V11_allz,r_re300_sl6_tr15,0.24186795204967537,0.9183526509511724,-0.26112568520170876,0.2807416642405238,-0.03035250064571049,90,0.5666666666666667,5.4222222222222225
V11_allz,r_re300_sl10_tr15,0.4702922390463413,1.5902977523565238,-0.1679439306366921,0.21422502008381983,0.2108894271877586,84,0.5833333333333334,5.809523809523809
V11_allz,r_re300_sl8_tr10,0.39917702448336523,1.3453152040904093,-0.19316034032270513,0.21422502008381983,0.15232102891997545,90,0.5444444444444444,5.4222222222222225
V11_allz,r_re300_sl8_tr20,0.4960444593089197,1.62329438701991,-0.1388697986766564,0.21422502008381983,0.23209819807999477,88,0.5568181818181818,5.545454545454546
V11_allz,r_re300_sl8_tr15_tp25,0.4960444593089197,1.62329438701991,-0.1388697986766564,0.21422502008381983,0.23209819807999477,88,0.5568181818181818,5.545454545454546
V11_allz,r_re300_sl8_tr15_tp20,0.4960444593089197,1.62329438701991,-0.1388697986766564,0.21422502008381983,0.23209819807999477,88,0.5568181818181818,5.545454545454546
V11_allz,r_re300_sl8_tr15_q30,0.28054201662602996,1.1107343975055282,-0.18266998981128912,0.26474608617070294,0.012489408449686046,82,0.5487804878048781,5.646341463414634
V11_allz,r_re300_sl8_tr15_q50,0.5201122242418548,1.694867706686512,-0.1987464074230081,0.3002386882029324,0.16910244098551552,80,0.6125,5.2875
V11_allz,h_h20_tr20,-0.13930215299158122,-0.3405242121434538,-0.42356163161225135,0.09804015680478728,-0.21615084687523267,26,0.5,18.76923076923077
V11_allz,h_h20_tr15,-0.0343333779645989,0.035006812760649576,-0.37793437651957174,0.09804015680478728,-0.12055436583902646,27,0.5555555555555556,18.074074074074073
V11_allz,h_h20_tr12,0.09730097229272916,0.46423723861312755,-0.2792033048761513,0.2297114405186138,-0.10767604810608467,27,0.5185185185185185,18.074074074074073
V11_allz,h_h20_tr20_sl8,0.041347982543642914,0.28875996409566823,-0.29259731454102256,0.20590157889620309,-0.13645690430489588,28,0.5357142857142857,17.392857142857142
V12_allz,d_daily_t1,0.06749004670139924,0.36453584916394954,-0.4117616146533192,-0.18513350821245678,0.3100183373103067,243,0.5020576131687243,1.0
V12_allz,d_daily_t2,0.20909291643445016,0.8044351249351605,-0.27019728878001625,-0.14937514500264448,0.42141733730342024,485,0.49896907216494846,1.002061855670103
V12_allz,c2_h20_tr20_tp30,0.11332368478452248,0.5105630083027359,-0.2630994925658592,0.2990036249163337,-0.1429402786645575,26,0.5,18.76923076923077
V12_allz,c2_h20_tr20_tp35,0.11332368478452248,0.5105630083027359,-0.2630994925658592,0.2990036249163337,-0.1429402786645575,26,0.5,18.76923076923077
V14_allz,r_re300,0.12944245886640715,0.5562527691472968,-0.2863704152171561,0.2875789270289597,-0.12281691230179326,63,0.49206349206349204,7.746031746031746
V14_allz,r_re300_sl8_tr15,0.12799500496906235,0.5308880192805369,-0.25008808108025915,0.3303768891302843,-0.1521237220931625,81,0.5555555555555556,6.0246913580246915
V14_allz,r_re200_sl8_tr15,-0.056339328329510385,-0.013372862943283539,-0.2150152472292528,0.03924174306117001,-0.09197193244868984,84,0.4642857142857143,5.809523809523809
V14_allz,r_re150_sl8_tr15,0.09185842962656565,0.43630454055893436,-0.17288991044629665,0.17255412195328446,-0.06882044147547961,99,0.5252525252525253,4.929292929292929
V12_allz,r_re300_sl8_tr10,0.3855771985452372,1.1957149310917374,-0.32015157602504996,0.3011563354433848,0.06488141417156013,77,0.5974025974025974,6.337662337662338
V12_allz,r_re300_sl8_tr20,0.3855771985452372,1.1957149310917374,-0.32015157602504996,0.3011563354433848,0.06488141417156013,77,0.5974025974025974,6.337662337662338
V12_allz,r_re300_sl8_tr15_tp25,0.3855771985452372,1.1957149310917374,-0.32015157602504996,0.3011563354433848,0.06488141417156013,77,0.5974025974025974,6.337662337662338
V12_allz,r_re300_sl8_tr15_tp20,0.3855771985452372,1.1957149310917374,-0.32015157602504996,0.3011563354433848,0.06488141417156013,77,0.5974025974025974,6.337662337662338
V12_allz,r_re300_sl8_tr15_q30,0.2830639537244519,0.9729668648765784,-0.2842269772973156,0.20967114364231643,0.060671704427990525,71,0.5915492957746479,6.352112676056338
V12_allz,r_re300_sl8_tr15_q50,0.2886437731653322,1.0677745062681077,-0.2684568954037063,0.19469447456803457,0.07863876547287751,66,0.6363636363636364,6.53030303030303
V12_allz,h_h20_tr20,0.17531659091971719,0.6884865436558969,-0.18259887430439958,0.2974307640214364,-0.09411999197800813,26,0.5384615384615384,18.76923076923077
V12_allz,h_h20_tr15,-0.03413004701175992,0.03926667411931898,-0.2317934894765683,0.047377955373979264,-0.07782100240656142,27,0.4444444444444444,18.074074074074073
V14_allz,n_h10_tr12_t1,0.05263769515129613,0.33561074744384095,-0.3295645257384737,0.1542232861319479,-0.0880120789462554,25,0.48,9.76
V14_allz,n_h5_sl8_t1,-0.3636481895659417,-0.8021183196424715,-0.4522090837898316,0.09239443625305888,-0.41747065957534446,51,0.3333333333333333,4.784313725490196
V14_allz,d_daily_t1,0.15240186680723888,0.5502357325740357,-0.2954244900269364,0.0715696304633866,0.0754334893840718,243,0.48148148148148145,1.0
V14_allz,d_daily_t2,-0.24858356353901456,-0.663436870087381,-0.33906023332966273,-0.07070061122826676,-0.19141619424269463,485,0.47216494845360824,1.002061855670103
V14_allz,c2_h20_tr20_tp30,-0.1413462448176368,-0.3116685413002676,-0.3312948942556003,0.029952701739080156,-0.16631729424805408,27,0.4074074074074074,18.074074074074073
V14_allz,c2_h20_tr20_tp35,-0.15168034005984965,-0.39157599902222795,-0.29708254370522946,0.027435148481853355,-0.1743326464997471,26,0.2692307692307692,18.76923076923077
V18_f1,r_re300,-0.03107963320122531,0.05845992910788532,-0.3926299408727678,0.38160146778158066,-0.29869764226976603,90,0.5555555555555556,5.4222222222222225
V18_f1,r_re300_sl8_tr15,-0.052778133871202115,0.02830444465664049,-0.5103855416889751,0.19986823018673006,-0.21056175811790145,100,0.54,4.88
V18_f1,r_re300_sl8_tr15_q30,-0.10499812732345082,-0.17855259696402756,-0.5304672343795953,0.3895348667101737,-0.3558982260045538,96,0.4895833333333333,4.854166666666667
V18_f1,r_re300_sl8_tr15_q50,-0.15095907202109704,-0.30139427311998446,-0.5386142467012343,0.2988313343558662,-0.3463039383785954,97,0.4948453608247423,4.484536082474227
V18_f1,h_h20_tr20,0.16817334857925959,0.730278241058323,-0.21754552979237451,0.12223340966301466,0.04093617113933545,26,0.46153846153846156,18.76923076923077
V18_f1,h_h20_tr15,-0.17482901612035995,-0.45950113956592564,-0.3768950359095564,0.12223340966301466,-0.26470645342182153,27,0.3333333333333333,18.074074074074073
V18_f1,h_h20_tr12,0.48528860798617224,1.3367873376314994,-0.2762644628992731,0.18621407776658927,0.2521252578477926,28,0.5,17.428571428571427
V18_f1,h_h20_tr20_sl8,0.07760444364905306,0.3945285397653849,-0.37297893434893115,0.2641721026764161,-0.14758090186642658,31,0.41935483870967744,15.741935483870968
V18_f1,h_h15_tr15,-0.26286651469733624,-0.7585937899920036,-0.4982769278426117,0.09277840376500812,-0.32545017108411145,36,0.4444444444444444,13.555555555555555
V18_f1,c_h10_rat20_10_sl8,-0.21668495163887347,-0.6341641384194977,-0.5372598782778814,0.22805285111308637,-0.3621487481983019,57,0.40350877192982454,8.56140350877193
V18_f1,c_h10_rat15_8_sl6,-0.18001125122758654,-0.509067498748762,-0.49436249397381693,0.16949732530497097,-0.2988536775331365,61,0.39344262295081966,8.0
V18_f1,c_re300_rat20_10_sl8,-0.052778133871202115,0.02830444465664049,-0.5103855416889751,0.19986823018673006,-0.21056175811790145,100,0.54,4.88
V18_f1,n_h10_tr12_t1,-0.1350219559580178,-0.136690904104705,-0.4549521678454873,0.146473227494321,-0.24553140596886192,26,0.5,9.384615384615385
V18_f1,n_h5_sl8_t1,-0.0834677025652456,0.040244454835296886,-0.636898529045113,0.5010887017387449,-0.38942162686780923,52,0.5192307692307693,4.6923076923076925
V18_f1,d_daily_t1,0.5107460453033041,1.1864004650919528,-0.3578130484821841,0.5112081149634182,-0.00030576176473606775,243,0.49382716049382713,1.0
V18_f1,d_daily_t2,0.4899712030964025,1.3396620087023219,-0.3454734699831218,0.4701063043195055,0.013512559410520097,486,0.49382716049382713,1.0
V18_f1,c2_h20_tr20_tp30,-0.024551061063080803,0.028892326904376233,-0.3467121110756176,0.10382209776919016,-0.11629877594560944,28,0.42857142857142855,17.428571428571427
V18_f1,c2_h20_tr20_tp35,0.09710299862864624,0.4767565673830857,-0.3122079260574828,0.18124399465404806,-0.0712308349555214,27,0.4444444444444444,18.074074074074073
V18_f2,h_h15_tr15,0.049004652219314604,0.31452108966177467,-0.2923893673108767,0.2726305847091526,-0.17571943907111576,35,0.42857142857142855,13.942857142857143
V18_f2,c_h10_rat20_10_sl8,0.08886460069748048,0.45705276452592936,-0.30848328042680706,-0.06442470217685314,0.16384496601289134,50,0.38,9.76
V18_f2,c_h10_rat15_8_sl6,-0.11089008244877907,-0.27676354857017876,-0.38738850163948524,-0.05381703069885324,-0.060319254945034984,54,0.3148148148148148,9.037037037037036
V18_f2,c_re300_rat20_10_sl8,0.2129148076381071,0.8690802037090267,-0.13563457273621615,0.18101877577696945,0.027007218272337763,87,0.4942528735632184,5.609195402298851
V18_f2,n_h10_tr12_t1,0.31575104035699963,0.910696739549441,-0.23352508665766802,0.21200635254246558,0.08559747859151567,25,0.4,9.76
V18_f2,n_h5_sl8_t1,0.11894392536010456,0.5091223404397028,-0.2951342539229209,0.42814023476015883,-0.21650276483666275,49,0.5102040816326531,4.959183673469388
V18_f2,d_daily_t1,1.1950329449853245,2.384290411525498,-0.15120406668862196,0.6451128220915758,0.334275020843001,243,0.5432098765432098,1.0
V18_f2,d_daily_t2,0.3402724610853729,1.298574867822193,-0.14794189738265584,0.2378867852972706,0.0827100482888794,486,0.49382716049382713,1.0
V18_f1,r_re200_sl8_tr15,-0.024697674640688394,0.07623265916139942,-0.5096924657673649,0.32873089141232303,-0.2659895757201445,113,0.5398230088495575,4.31858407079646
V18_f1,r_re150_sl8_tr15,-0.01604079019145177,0.1104913658345745,-0.49037188048584346,0.22335106717889563,-0.19568533006833055,125,0.512,3.904
V18_f1,r_re300_sl6_tr15,-0.07095737990099249,-0.052452630869775044,-0.504412941169484,0.23427870455676336,-0.2472991580676811,102,0.5,4.784313725490196
V18_f1,r_re300_sl10_tr15,-0.28687727398557095,-0.8618694038204354,-0.5369411975347393,0.18411582640623347,-0.397759315337637,95,0.5157894736842106,5.136842105263158
V18_f1,r_re300_sl8_tr10,-0.07615962641907947,-0.044001194804575074,-0.5229469010048908,0.1829578598020638,-0.2190420259471455,102,0.5490196078431373,4.784313725490196
V18_f1,r_re300_sl8_tr20,-0.052778133871202115,0.02830444465664049,-0.5103855416889751,0.19986823018673006,-0.21056175811790145,100,0.54,4.88
V18_f1,r_re300_sl8_tr15_tp25,-0.052778133871202115,0.02830444465664049,-0.5103855416889751,0.19986823018673006,-0.21056175811790145,100,0.54,4.88
V18_f1,r_re300_sl8_tr15_tp20,-0.052778133871202115,0.02830444465664049,-0.5103855416889751,0.19986823018673006,-0.21056175811790145,100,0.54,4.88
V19_meta,h_h20_tr12,0.0038053484273317117,0.14249321666079456,-0.2819670717682329,0.06675968959122991,-0.059014548241900444,26,0.5769230769230769,18.76923076923077
V19_meta,h_h20_tr20_sl8,-0.05838335059996691,-0.12253783197445543,-0.3172345257116195,0.05965099104704552,-0.1113898280134501,28,0.5,17.428571428571427
V19_meta,h_h15_tr15,0.018588551567906952,0.20034333169993476,-0.2543690832066362,0.17526683653156794,-0.13331294655267245,34,0.47058823529411764,14.352941176470589
V19_meta,c_h10_rat20_10_sl8,0.06712205170675678,0.3815597297935872,-0.37867590919724115,0.24603715359093825,-0.14358729301816386,51,0.45098039215686275,9.568627450980392
V19_meta,c_h10_rat15_8_sl6,-0.019336803984374984,0.05410957365493045,-0.3237771747138706,0.24509854759394645,-0.2123810617957289,54,0.48148148148148145,9.0
V19_meta,c_re300_rat20_10_sl8,-0.09735834933957777,-0.37486342936366845,-0.2123341917200262,0.03143791430303633,-0.1248705926518563,42,0.47619047619047616,11.619047619047619
V19_meta,n_h10_tr12_t1,0.23166396523924382,0.8192056248264092,-0.29314383698620883,0.09674952006419679,0.12301299677537125,25,0.48,9.76
V19_meta,n_h5_sl8_t1,0.33612394517059285,1.1877513262674269,-0.2018375927392051,0.18610131585993872,0.1264838233501906,49,0.5306122448979592,4.979591836734694
V14_allz,r_re300_sl6_tr15,0.011348655592328782,0.1981679460212743,-0.23863818395337855,0.07615023088246353,-0.06021610499213936,85,0.5176470588235295,5.741176470588235
V14_allz,r_re300_sl10_tr15,0.1734409814021074,0.644686037903176,-0.25728538016282787,0.2875789270289597,-0.0886453973662189,78,0.5384615384615384,6.256410256410256
V14_allz,r_re300_sl8_tr10,0.12799500496906235,0.5308880192805369,-0.25008808108025915,0.3303768891302843,-0.1521237220931625,81,0.5555555555555556,6.0246913580246915
V14_allz,r_re300_sl8_tr20,0.12799500496906235,0.5308880192805369,-0.25008808108025915,0.3303768891302843,-0.1521237220931625,81,0.5555555555555556,6.0246913580246915
V14_allz,r_re300_sl8_tr15_tp25,0.12799500496906235,0.5308880192805369,-0.25008808108025915,0.3303768891302843,-0.1521237220931625,81,0.5555555555555556,6.0246913580246915
V14_allz,r_re300_sl8_tr15_tp20,0.12799500496906235,0.5308880192805369,-0.25008808108025915,0.3303768891302843,-0.1521237220931625,81,0.5555555555555556,6.0246913580246915
V14_allz,r_re300_sl8_tr15_q30,-0.039496721940425306,0.038366524768024185,-0.3529711663521423,0.23325483594393837,-0.2211639881189672,72,0.5138888888888888,6.416666666666667
V14_allz,r_re300_sl8_tr15_q50,0.12115756201100236,0.5501363083955049,-0.22378689562658938,0.19612295962115844,-0.06267365491746701,63,0.5555555555555556,7.031746031746032
V18_f2,r_re300_sl8_tr15_tp25,0.2129148076381071,0.8690802037090267,-0.13563457273621615,0.18101877577696945,0.027007218272337763,87,0.4942528735632184,5.609195402298851
V18_f2,r_re300_sl8_tr15_tp20,0.2129148076381071,0.8690802037090267,-0.13563457273621615,0.18101877577696945,0.027007218272337763,87,0.4942528735632184,5.609195402298851
V18_f2,r_re300_sl8_tr15_q30,0.26218769713670653,1.0317033554764174,-0.13857661826743317,0.19596758932485758,0.055369483590463675,83,0.5060240963855421,5.518072289156627
V18_f2,r_re300_sl8_tr15_q50,0.015796153609077823,0.18524704597691258,-0.1414007741309491,0.12530698665030449,-0.0973164072918512,77,0.4675324675324675,5.467532467532467
V18_f2,h_h20_tr20,0.2689736419836428,1.0059910967769583,-0.3230611130126513,0.05163821835122251,0.20666367942880925,26,0.34615384615384615,18.76923076923077
V18_f2,h_h20_tr15,0.25900032685752783,0.8953101574325789,-0.3230611130126513,0.05163821835122251,0.19718008045714774,26,0.34615384615384615,18.76923076923077
V18_f2,h_h20_tr12,-0.0023883243063353987,0.15311329644690486,-0.3765335690878151,0.034565782103924914,-0.03571943616297513,29,0.3448275862068966,16.82758620689655
V18_f2,h_h20_tr20_sl8,-0.1759821293998992,-0.5265203357299232,-0.475488182030258,0.05163821835122251,-0.21644358656724116,29,0.3103448275862069,16.82758620689655
V18_f2,r_re300,0.30246336397825724,1.1635360632307628,-0.13563457273621615,0.18101877577696945,0.10283036196557727,88,0.5227272727272727,5.545454545454546
V18_f2,r_re300_sl8_tr15,0.2129148076381071,0.8690802037090267,-0.13563457273621615,0.18101877577696945,0.027007218272337763,87,0.4942528735632184,5.609195402298851
V18_f2,r_re200_sl8_tr15,0.2234634729392877,0.9082466363915294,-0.1639208073230527,0.1922160835439246,0.026209501638728705,102,0.49019607843137253,4.784313725490196
V18_f2,r_re150_sl8_tr15,0.23423288404901443,0.9412112508845444,-0.16650260573659503,0.2768818172277572,-0.03340084618899064,108,0.46296296296296297,4.518518518518518
V18_f2,r_re300_sl6_tr15,0.12881344956214114,0.5964077255525123,-0.1951820916058059,0.18101877577696945,-0.04420363781302572,88,0.4772727272727273,5.545454545454546
V18_f2,r_re300_sl10_tr15,0.2129148076381071,0.8690802037090267,-0.13563457273621615,0.18101877577696945,0.027007218272337763,87,0.4942528735632184,5.609195402298851
V18_f2,r_re300_sl8_tr10,0.2129148076381071,0.8690802037090267,-0.13563457273621615,0.18101877577696945,0.027007218272337763,87,0.4942528735632184,5.609195402298851
V18_f2,r_re300_sl8_tr20,0.2129148076381071,0.8690802037090267,-0.13563457273621615,0.18101877577696945,0.027007218272337763,87,0.4942528735632184,5.609195402298851
V20b_ensw2,h_h20_tr20,0.36984842480536617,1.0542964659616971,-0.3568183299702756,0.31673650329072256,0.040336028796885026,26,0.5769230769230769,18.76923076923077
V20b_ensw2,h_h20_tr15,0.10514706814078534,0.4596073832217512,-0.3509462256094025,0.49176474151723193,-0.2591679925235584,30,0.4,16.266666666666666
V20b_ensw2,h_h20_tr12,-0.15395655721645285,-0.3320332813330579,-0.4923057899630101,0.37515854504979274,-0.3847666177626723,29,0.41379310344827586,16.82758620689655
V20b_ensw2,h_h20_tr20_sl8,-0.005318459556115207,0.163342993622834,-0.36585132185536995,0.2746660992950225,-0.2196532558651938,29,0.5172413793103449,16.82758620689655
V20b_ensw2,h_h15_tr15,0.18251697756189422,0.6583724847192951,-0.4478490967979304,0.5563831873892375,-0.2402147574303276,36,0.5,13.555555555555555
V20b_ensw2,c_h10_rat20_10_sl8,0.32173799452318974,0.9527310669359795,-0.20717498554666225,0.5794922847576238,-0.16318806538139363,52,0.4423076923076923,9.384615384615385
V20b_ensw2,c_h10_rat15_8_sl6,0.38774885930648617,1.1078803283321201,-0.20724125053501918,0.14411181137861306,0.21294863448206147,58,0.46551724137931033,8.413793103448276
V20b_ensw2,c_re300_rat20_10_sl8,0.4808055146596095,1.3400770345258821,-0.21123868744451335,0.3359207783710745,0.1084530899094156,77,0.5844155844155844,6.337662337662338
V18_f2,c2_h20_tr20_tp30,0.2577324822911631,1.0163125834927844,-0.2415456879280098,0.10261051578538494,0.1406860938518122,26,0.38461538461538464,18.76923076923077
V18_f2,c2_h20_tr20_tp35,0.1707136427937861,0.734733618465276,-0.24495475470694594,0.08660182831639052,0.07740812898108196,26,0.38461538461538464,18.76923076923077
V19_meta,r_re300,-0.0834585735607628,-0.3133734390999243,-0.19852065667115004,0.03143791430303633,-0.1113944778163759,41,0.4634146341463415,11.902439024390244
V19_meta,r_re300_sl8_tr15,-0.09735834933957777,-0.37486342936366845,-0.2123341917200262,0.03143791430303633,-0.1248705926518563,42,0.47619047619047616,11.619047619047619
V19_meta,r_re200_sl8_tr15,0.034929707749350225,0.2685047959184293,-0.18785704451245566,0.09117849048892723,-0.05154865425763011,61,0.5737704918032787,8.0
V19_meta,r_re150_sl8_tr15,0.12374830869033016,0.6215665381713349,-0.17666714583123388,0.06451747294775867,0.055641017876912,80,0.5375,6.1
V19_meta,r_re300_sl6_tr15,-0.14855204936019195,-0.66689576772632,-0.28541291209348707,-0.008541716209016448,-0.14121656497318857,46,0.45652173913043476,10.608695652173912
V19_meta,r_re300_sl10_tr15,-0.0743731528923478,-0.2576385924726986,-0.21659999267983743,0.03143791430303633,-0.10258597801001268,43,0.5116279069767442,11.348837209302326
V19_meta,d_daily_t1,0.12045932073754084,0.5228358390806722,-0.359407986937325,0.03248991419348313,0.08520122602144253,243,0.4897119341563786,1.0
V19_meta,d_daily_t2,-0.1069263024644137,-0.3336330508818141,-0.3473982796933712,0.00928141666451121,-0.11513906548777031,486,0.4711934156378601,1.0
V19_meta,c2_h20_tr20_tp30,0.0532896687380513,0.3386699280214556,-0.2576231442093918,0.06675968959122991,-0.012627043358133472,26,0.5769230769230769,18.76923076923077
V19_meta,c2_h20_tr20_tp35,0.0532896687380513,0.3386699280214556,-0.2576231442093918,0.06675968959122991,-0.012627043358133472,26,0.5769230769230769,18.76923076923077
V20b_ensw2,r_re300,0.2623230334025273,0.8725942514917263,-0.2638957032544681,0.3090002192663872,-0.03565865396876766,75,0.52,6.506666666666667
V20b_ensw2,r_re300_sl8_tr15,0.4808055146596095,1.3400770345258821,-0.21123868744451335,0.3359207783710745,0.1084530899094156,77,0.5844155844155844,6.337662337662338
V20b_ensw2,r_re200_sl8_tr15,-0.07148268992906437,-0.06970913973089449,-0.3518561094578,0.12087121113417076,-0.17161106392285574,98,0.45918367346938777,4.979591836734694
V20b_ensw2,r_re150_sl8_tr15,-0.12170346392595888,-0.2676414585017968,-0.2927671393534086,0.041837439759621065,-0.15697353295665173,110,0.4727272727272727,4.4363636363636365
V20b_ensw2,n_h10_tr12_t1,0.22038214189101435,0.6735228999255416,-0.41163976841067684,0.47285669574574696,-0.17141827482876626,26,0.46153846153846156,9.384615384615385
V20b_ensw2,n_h5_sl8_t1,-0.35466411182195656,-0.8692242887383895,-0.5006506068228126,0.06569378872548937,-0.39444529469405165,50,0.46,4.88
V20b_ensw2,d_daily_t1,-0.06266000510670455,0.05372575957988795,-0.4046522406643017,-0.29038142498166486,0.3209067911857806,243,0.4691358024691358,1.0
V20b_ensw2,d_daily_t2,-0.0408985689993242,0.03226909560576694,-0.3440559151458146,-0.1112783226257964,0.07919211989338892,486,0.4835390946502058,1.0
V20b_ensw2,c2_h20_tr20_tp30,0.3897955923702787,1.1706345769832935,-0.2402161117987358,0.5512167782824935,-0.10406101079627372,26,0.5384615384615384,18.76923076923077
V20b_ensw2,c2_h20_tr20_tp35,0.2517767566101603,0.8124121814006834,-0.3568183299702756,0.31673650329072256,-0.049333899772822876,26,0.5384615384615384,18.76923076923077
V20c_ensw2,r_re300,0.4512893851649056,1.3219372155541842,-0.21321549047731225,0.3368130514353562,0.08563376427738723,91,0.5714285714285714,5.351648351648351
V20c_ensw2,r_re300_sl8_tr15,0.2964949721244614,0.97649269781446,-0.26009244104214835,0.3363272942121258,-0.029807310125434583,97,0.5670103092783505,5.020618556701031
V19_meta,r_re300_sl8_tr10,-0.09735834933957777,-0.37486342936366845,-0.2123341917200262,0.03143791430303633,-0.1248705926518563,42,0.47619047619047616,11.619047619047619
V19_meta,r_re300_sl8_tr20,-0.09735834933957777,-0.37486342936366845,-0.2123341917200262,0.03143791430303633,-0.1248705926518563,42,0.47619047619047616,11.619047619047619
V19_meta,r_re300_sl8_tr15_tp25,-0.09735834933957777,-0.37486342936366845,-0.2123341917200262,0.03143791430303633,-0.1248705926518563,42,0.47619047619047616,11.619047619047619
V19_meta,r_re300_sl8_tr15_tp20,-0.09735834933957777,-0.37486342936366845,-0.2123341917200262,0.03143791430303633,-0.1248705926518563,42,0.47619047619047616,11.619047619047619
V19_meta,r_re300_sl8_tr15_q30,-0.15290506624771472,-0.7120990160685591,-0.2689049862187436,-0.010062951978032197,-0.14429413926380485,36,0.4722222222222222,13.027777777777779
V19_meta,r_re300_sl8_tr15_q50,-0.058695761189105355,-0.19171907043693032,-0.21997034263878412,0.04512502905388294,-0.09933815319395212,34,0.47058823529411764,12.970588235294118
V19_meta,h_h20_tr20,0.0532896687380513,0.3386699280214556,-0.2576231442093918,0.06675968959122991,-0.012627043358133472,26,0.5769230769230769,18.76923076923077
V19_meta,h_h20_tr15,0.0532896687380513,0.3386699280214556,-0.2576231442093918,0.06675968959122991,-0.012627043358133472,26,0.5769230769230769,18.76923076923077
V20c_ensw2,r_re300_sl8_tr15_q30,0.6238440594130443,1.6661410138364934,-0.2478845391088268,0.4214827494488316,0.14235931462599716,83,0.5903614457831325,5.397590361445783
V20c_ensw2,r_re300_sl8_tr15_q50,0.7291115823684742,1.9886830955010533,-0.19503367497701796,0.3589144362995289,0.2724212328460003,79,0.5949367088607594,5.050632911392405
V20c_ensw2,h_h20_tr20,0.3878435710246464,1.0898567059821087,-0.31023842417248926,0.4003258156548153,-0.00891381454988971,26,0.6153846153846154,18.76923076923077
V20c_ensw2,h_h20_tr15,0.0493585892837789,0.31675801739043374,-0.27993590414437575,0.12022073661267352,-0.06325730725461187,28,0.4642857142857143,17.428571428571427
V20c_ensw2,h_h20_tr12,0.3190371945413968,0.9405239675982485,-0.35969441697968907,0.3139793016233168,0.0038492942102139605,31,0.45161290322580644,15.741935483870968
V20c_ensw2,h_h20_tr20_sl8,-0.04200886150041283,0.05330435610883634,-0.3613460064750609,0.16161459099768405,-0.17529347003398887,31,0.5161290322580645,15.741935483870968
V20c_ensw2,h_h15_tr15,0.24134491254777402,0.7695566166202257,-0.23755848564450432,0.3528422472947097,-0.08241709997591884,35,0.6,13.942857142857143
V20c_ensw2,c_h10_rat20_10_sl8,-0.24562471620379933,-0.6878033661729489,-0.46041105246812053,0.10368924889054276,-0.3164966637533895,56,0.3392857142857143,8.714285714285714
V20c_ensw2,c_h10_rat15_8_sl6,-0.07594219201977093,-0.06407163577018984,-0.3875624855623665,0.16701490452037349,-0.20818679829971554,61,0.3770491803278688,8.0
V20c_ensw2,c_re300_rat20_10_sl8,0.2964949721244614,0.97649269781446,-0.26009244104214835,0.3363272942121258,-0.029807310125434583,97,0.5670103092783505,5.020618556701031
V20c_ensw2,n_h10_tr12_t1,0.29277944546796064,0.7927387605852811,-0.46584526010515315,0.39052178997097764,-0.07029184670673627,26,0.4230769230769231,9.384615384615385
V20c_ensw2,n_h5_sl8_t1,0.39203020620099416,0.9770967628382985,-0.3337599025111676,0.5376200903209272,-0.09468521193004575,50,0.52,4.86
V20c_ensw2,d_daily_t1,-0.25385184525675486,-0.5918679783679418,-0.47212542000836644,-0.07644723919082774,-0.19208930295492121,243,0.48559670781893005,1.0
V20c_ensw2,d_daily_t2,-0.17178589927314725,-0.41510310648318927,-0.3626810924795806,-0.07418187186474356,-0.10542462330586855,486,0.4794238683127572,1.0
V20c_ensw2,c2_h20_tr20_tp30,0.2823103429006286,0.8897529682406352,-0.26682234027463636,0.4606037405984278,-0.12206828775116507,27,0.5185185185185185,18.074074074074073
V20c_ensw2,c2_h20_tr20_tp35,0.3878435710246464,1.0898567059821087,-0.31023842417248926,0.4003258156548153,-0.00891381454988971,26,0.6153846153846154,18.76923076923077
V20b_ensw2,r_re300_sl6_tr15,0.33409821618566027,1.0737097738181645,-0.20170430914468784,0.18245214735931636,0.12824710848976406,88,0.5340909090909091,5.545454545454546
V20b_ensw2,r_re300_sl10_tr15,0.5422663991286856,1.4513989886659113,-0.22383253299701944,0.31858900582753313,0.16963389829022213,80,0.6125,6.1
V20b_ensw2,r_re300_sl8_tr10,0.31924975030705727,1.0074418704475046,-0.2795527859707221,0.3359207783710745,-0.012479054397480205,78,0.5769230769230769,6.256410256410256
V20b_ensw2,r_re300_sl8_tr20,0.4808055146596095,1.3400770345258821,-0.21123868744451335,0.3359207783710745,0.1084530899094156,77,0.5844155844155844,6.337662337662338
V20b_ensw2,r_re300_sl8_tr15_tp25,0.4808055146596095,1.3400770345258821,-0.21123868744451335,0.3359207783710745,0.1084530899094156,77,0.5844155844155844,6.337662337662338
V20b_ensw2,r_re300_sl8_tr15_tp20,0.4808055146596095,1.3400770345258821,-0.21123868744451335,0.3359207783710745,0.1084530899094156,77,0.5844155844155844,6.337662337662338
V20b_ensw2,r_re300_sl8_tr15_q30,0.3587816081614623,1.1607134723029227,-0.2925558652731749,0.4342085885968887,-0.05259136016555188,75,0.5866666666666667,5.96
V20b_ensw2,r_re300_sl8_tr15_q50,0.42645814709937624,1.398612436989096,-0.2945075788366749,0.4519707939684485,-0.017571046866130313,66,0.6363636363636364,5.96969696969697
V20c_ensw2,r_re200_sl8_tr15,-0.08197478397725455,-0.09533884160907548,-0.31124070714418484,0.03192227707074902,-0.11037368179638052,109,0.47706422018348627,4.477064220183486
V20c_ensw2,r_re150_sl8_tr15,0.19793467885464833,0.7143369523448654,-0.23355338371918632,0.19155309321506286,0.005355687191719305,119,0.48739495798319327,4.100840336134453
V20c_ensw2,r_re300_sl6_tr15,0.4086510398394618,1.2474790870319465,-0.28376546067499964,0.31652028112664254,0.06998050849165605,102,0.5686274509803921,4.7745098039215685
V20c_ensw2,r_re300_sl10_tr15,0.23888451635306684,0.8284549555221131,-0.28620610364324084,0.3368130514353562,-0.07325522067363188,93,0.5591397849462365,5.236559139784946
V20c_ensw2,r_re300_sl8_tr10,0.2964949721244614,0.97649269781446,-0.26009244104214835,0.3363272942121258,-0.029807310125434583,97,0.5670103092783505,5.020618556701031
V20c_ensw2,r_re300_sl8_tr20,0.2964949721244614,0.97649269781446,-0.26009244104214835,0.3363272942121258,-0.029807310125434583,97,0.5670103092783505,5.020618556701031
V20c_ensw2,r_re300_sl8_tr15_tp25,0.2964949721244614,0.97649269781446,-0.26009244104214835,0.3363272942121258,-0.029807310125434583,97,0.5670103092783505,5.020618556701031
V20c_ensw2,r_re300_sl8_tr15_tp20,0.2964949721244614,0.97649269781446,-0.26009244104214835,0.3363272942121258,-0.029807310125434583,97,0.5670103092783505,5.020618556701031
