system,npos,cum,sharpe,maxdd,h1,h2,min_h,min_t,n,roll_pos,roll_n,roll_pct
1×[V20_ensw2+h20tr20_t2],2只,3.521133971049574,3.474254902350948,-0.20555479975493562,1.3333808426306524,0.9375893932310044,0.9375893932310044,0.3147778799975527,26,152,185,0.8216216216216217
1×[V20b_ensw2+h20tr20_t2],2只,0.36984842480536617,1.0542964659616971,-0.3568183299702756,0.31673650329072256,0.040336028796885026,0.040336028796885026,-0.022262460193757994,26,82,185,0.44324324324324327
1×[V20c_ensw2+h20tr20_t2],2只,0.3878435710246464,1.0898567059821087,-0.31023842417248926,0.4003258156548153,-0.00891381454988971,-0.00891381454988971,-0.12181583118589745,26,123,185,0.6648648648648648
1×[V13b_allz+h20tr20_t2],2只,0.33747955045064426,0.9854054754928125,-0.39394196707343554,0.3826031757717814,-0.03263671464948692,-0.03263671464948692,-0.19562364203452887,26,107,185,0.5783783783783784
1×[V13c_allz+h20tr20_t2],2只,0.43696469858419595,1.2376812286007914,-0.19826528805816723,0.34133438492232715,0.07129490955933826,0.07129490955933826,-0.026730910058630708,26,132,185,0.7135135135135136
1×[V11_ensw2+h20tr20_t2],2只,0.7440739049206282,1.585257637974681,-0.24608836102598108,0.8790619261824055,-0.07183798435851674,-0.07183798435851674,-0.004214271342007914,26,107,185,0.5783783783783784
1×[V11_ensw2+S2],2只,1.257504419767078,2.547115364485857,-0.15592855302522624,0.7926175943993494,0.2593340748301065,0.2593340748301065,0.11878518944723204,89,177,185,0.9567567567567568
1×[V11_ensw2+D01],1只,2.6111209186693696,2.9617112108758166,-0.1557566866625203,1.1335236303560494,0.6925619511731067,0.6925619511731067,0.11258308769795122,50,184,185,0.9945945945945946
0.5×[V20_ensw2+h20tr20_t2] + 0.5×[V11_ensw2+D01],3只,3.0086418599540234,3.7541916532673283,-0.15965620307755435,1.2141035046845623,0.8105033714424861,0.8105033714424861,0.4775283195717619,76,181,185,0.9783783783783784
0.5×[V20b_ensw2+h20tr20_t2] + 0.5×[V11_ensw2+D01],3只,1.4766002280675976,2.664618067884089,-0.16300609974263214,0.7200474882361032,0.43984410023896214,0.43984410023896214,0.31457739226787584,76,179,185,0.9675675675675676
0.5×[V20c_ensw2+h20tr20_t2] + 0.5×[V11_ensw2+D01],3只,1.4878184934677545,2.732651496627233,-0.14429050121490317,0.7530081414100731,0.41917110063540286,0.41917110063540286,-0.0136266424282393,76,178,185,0.9621621621621622
0.5×[V13b_allz+h20tr20_t2] + 0.5×[V11_ensw2+D01],3只,1.4522591438604415,2.7783219217873554,-0.16659696534339308,0.7330091156385801,0.4150295700878823,0.4150295700878823,0.07032786218876597,76,158,185,0.8540540540540541
0.5×[V13c_allz+h20tr20_t2] + 0.5×[V11_ensw2+D01],3只,1.53200600810843,2.820528736614847,-0.1443109875915849,0.7344236563159179,0.4598544011367163,0.4598544011367163,0.11665877120515877,76,181,185,0.9783783783783784
0.5×[V20b_ensw2+S2] + 0.5×[V11_ensw2+D01],3只,1.5253344488706846,2.801375701047043,-0.14763727778763747,0.7275803672264938,0.4617753806295728,0.4617753806295728,0.41927621998009323,127,185,185,1.0
0.5×[V20b_ensw2+h20tr20_t2] + 0.5×[V13b_allz+h20tr20_t2],3只,0.3243210853737948,1.1139645414396968,-0.2790010327401514,0.3225783506708473,0.001317679744314404,0.001317679744314404,0.11601801494064867,52,115,185,0.6216216216216216
