set,rank,cfg,group,cum_trade,sharpe,maxdd,win_rate,n_trades,h1,h2
V10_allz,1,I04_h5_sl8_t2_q0.3,I择时,2.6407345004441853,2.6837624728852085,-0.1349651880783764,0.5747126436781609,87,0.7606892783656551,1.0677893284064672
V10_allz,2,O2_h5_sl8_q0.4,O择时细化,1.875141516941012,2.43621938126474,-0.1090235605498292,0.5465116279069767,86,0.7602571209579587,0.6333645140298125
V10_allz,3,K2h6_sl8,K网格,1.5110008562231956,2.0440326391509784,-0.1458782844050725,0.6547619047619048,84,0.9707460835295048,0.2741371794209648
V10_allz,4,N2_re200,N排名细化,1.3745426172149076,2.135678223797116,-0.1181833072766537,0.7027027027027027,74,1.4473070265044048,-0.0297324399846267
V10_allz,5,X_re300_close_overlap,X口径,1.357789328454901,2.006574524376172,-0.3018134248383145,0.65,60,0.7731516427436513,0.3297166872916865
V11_allz,1,X_re300_close_overlap,X口径,3.1441627033792416,2.7669144170873974,-0.2468712092127244,0.5952380952380952,84,1.5931284380204036,0.5981324498307148
V11_allz,2,K2h7_sl10,K网格,2.8685291501267445,2.649213481370076,-0.123457572085184,0.647887323943662,71,1.2116844019490889,0.7491325374983573
V11_allz,3,Q2_re300_tp40,Q组合,2.109223868663736,2.3155985434984627,-0.0933945168521031,0.5952380952380952,84,0.7477455580473655,0.7789911433890047
V11_allz,4,U2_re300_h30,U持有上限,2.109223868663736,2.3155985434984627,-0.0933945168521031,0.5952380952380952,84,0.7477455580473655,0.7789911433890047
V11_allz,5,Q2_re300_tp60,Q组合,2.109223868663736,2.3155985434984627,-0.0933945168521031,0.5952380952380952,84,0.7477455580473655,0.7789911433890047
V11_ensw2,1,K2h7_sl3,K网格,4.810296855067954,3.152124173545608,-0.0746070914590263,0.5,88,2.256478909654799,0.7842267726167671
V11_ensw2,2,X_re300_close_overlap,X口径,4.762718659670918,2.484698037758538,-0.3226650891775947,0.6375,80,1.7911664665511378,1.0646273623341205
V11_ensw2,3,G02_h10_tr5_t2,G移动止损,4.325639462971394,3.0901228549381865,-0.139434164654855,0.4696969696969697,66,2.355145643638334,0.5873050021149746
V11_ensw2,4,M2_h10_tr5,M移动细化,4.325639462971394,3.0901228549381865,-0.139434164654855,0.4696969696969697,66,2.355145643638334,0.5873050021149746
V11_ensw2,5,K2h10_sl3,K网格,4.01035685051723,3.107201482038738,-0.0970844209409723,0.4492753623188406,69,3.015172245558521,0.2478560181470566
V11_mixA,1,T2_re150,T细化,5.386790117436555,3.3611541781925807,-0.0994254751139116,0.5871559633027523,109,2.7063271008869685,0.723212750409459
V11_mixA,2,T2_re300_mh3,T细化,4.562641041671257,3.011335578005337,-0.1139939367879316,0.6233766233766234,77,2.6307397225842197,0.5320957894806024
V11_mixA,3,K2h3_slx,K网格,3.915390082588885,3.0080587598680317,-0.096037857864734,0.5617283950617284,162,3.154847903872116,0.1830493429152921
V11_mixA,4,K2h3_sl10,K网格,3.915390082588885,3.0080587598680317,-0.096037857864734,0.5617283950617284,162,3.154847903872116,0.1830493429152921
V11_mixA,5,B02_hold3_t2,B持有期,3.915390082588885,3.0080587598680317,-0.096037857864734,0.5617283950617284,162,3.154847903872116,0.1830493429152921
V11_mixB,1,X_re300_close_overlap,X口径,2.28376700800173,2.400451980845927,-0.2468712092127245,0.5833333333333334,84,1.0547527261270302,0.5981324498307148
V11_mixB,2,K2h7_sl10,K网格,2.155809025616295,2.2725503236846887,-0.1274774079862702,0.6197183098591549,71,1.0091736730853795,0.5706999687936831
V11_mixB,3,M2_h20_tr8,M移动细化,2.0936342378881294,2.28910211273906,-0.1406964740287235,0.53125,32,1.3284594449447278,0.3286184754493604
V11_mixB,4,U2_re300_h20,U持有上限,1.5602353983871535,1.9938881656210248,-0.0996420655271576,0.5862068965517241,87,0.4391501654751728,0.7789911433890047
V11_mixB,5,L2_h7_sl8_tp15,L止盈细化,1.458386298263232,1.8108148183732395,-0.175140634258424,0.625,72,0.982813969377606,0.239847174888981
V11_mixC,1,X_re300_close_overlap,X口径,3.1441627033792416,2.7669144170873974,-0.2468712092127244,0.5952380952380952,84,1.5931284380204036,0.5981324498307148
V11_mixC,2,K2h7_sl10,K网格,2.8685291501267445,2.649213481370076,-0.123457572085184,0.647887323943662,71,1.2116844019490889,0.7491325374983573
V11_mixC,3,R2_re300_tr20,R组合,2.109223868663736,2.3155985434984627,-0.0933945168521031,0.5952380952380952,84,0.7477455580473655,0.7789911433890047
V11_mixC,4,Q2_re300_tp60,Q组合,2.109223868663736,2.3155985434984627,-0.0933945168521031,0.5952380952380952,84,0.7477455580473655,0.7789911433890047
V11_mixC,5,U2_re300_h30,U持有上限,2.109223868663736,2.3155985434984627,-0.0933945168521031,0.5952380952380952,84,0.7477455580473655,0.7789911433890047
V12_allz,1,D02_h5_sl5_t2,D止损,1.96487093448235,1.968092991991728,-0.2047476822265048,0.5,104,1.4580056461117672,0.2062099772522394
V12_allz,2,K2h5_sl5,K网格,1.96487093448235,1.968092991991728,-0.2047476822265048,0.5,104,1.4580056461117672,0.2062099772522394
V12_allz,3,C02_nr_hold2_t2,C续持,1.0968809288533352,1.2359267452229057,-0.25925758724012,0.5064935064935064,231,-0.2279503685747951,1.71599239673554
V12_allz,4,K2h7_sl10,K网格,0.9824005506460396,1.4173027060641352,-0.250143763300899,0.5633802816901409,71,0.3751526960055833,0.4415857645513363
V12_allz,5,S2_re300_sl8_tp40,S组合,0.951164359732507,1.304682967678299,-0.2769452710476608,0.5974025974025974,77,0.7074528579576171,0.14273395639538
V13_allz,1,G02_h10_tr12_t2,G移动止损,12.174282825275874,3.775624793648663,-0.1164064863100462,0.5098039215686274,51,2.904755975910042,2.373906821976365
V13_allz,2,M2_h10_tr12,M移动细化,12.174282825275874,3.775624793648663,-0.1164064863100462,0.5098039215686274,51,2.904755975910042,2.373906821976365
V13_allz,3,K2h6_sl5,K网格,9.084870477767527,3.6260717459458727,-0.0877096050463412,0.5274725274725275,91,5.280549516513231,0.6057305895370659
V13_allz,4,K2h10_sl8,K网格,8.717890423663752,3.716400755190597,-0.1259469118176851,0.509090909090909,55,3.808760922851676,1.0208720249500105
V13_allz,5,J04_h10_rat30_15_sl8_t2,J利润锁定,8.717890423663752,3.716400755190597,-0.1259469118176851,0.509090909090909,55,3.808760922851676,1.0208720249500105
V14_allz,1,K2h7_sl5,K网格,1.8153309845170849,1.7946311830255706,-0.1147617324809164,0.5,76,0.7284800590372176,0.6287899705856337
V14_allz,2,K2h7_sl10,K网格,1.2588281189831385,1.666733015217031,-0.1490021769055859,0.5138888888888888,72,0.9809136200877128,0.1402961219899736
V14_allz,3,K1h6_sl8,K网格,0.8476973199407696,1.7761139862131363,-0.2052961346042693,0.5116279069767442,43,0.146727341763057,0.6112786820797289
V14_allz,4,W2_h30_tr15,W移动,0.7940439278542122,1.2562853826693652,-0.1869738053602105,0.7,20,0.3514205498381244,0.3275245282226218
V14_allz,5,R1_re300_tr20,R组合,0.7888610104688782,1.7160753848173778,-0.2111200774531693,0.5641025641025641,39,0.2689722496331264,0.4096927738065636
V15_allz,1,W2_h20_tr15,W移动,2.0322586040999857,1.8195764284639009,-0.2329901442279538,0.5,28,0.3865951222299879,1.1868377837817317
V15_allz,2,M2_h20_tr15,M移动细化,2.0322586040999857,1.8195764284639009,-0.2329901442279538,0.5,28,0.3865951222299879,1.1868377837817317
V15_allz,3,H04_re20_sl8_t2,H排名退出,2.026068473642176,1.8153797309601123,-0.2104931392046434,0.5227272727272727,132,0.736792785596855,0.7423313239997456
V15_allz,4,T2_re300_mh5,T细化,1.918394925620929,1.9977178551423955,-0.2368928569612172,0.6111111111111112,36,2.1252565789958,-0.0661902945073839
V15_allz,5,H03_re20_sl8_t1,H排名退出,1.7667822250611578,2.410795446047324,-0.2004322576802292,0.6,65,0.7238020124332614,0.6050464062027987
V16_allz,1,K2h10_sl5,K网格,15.875913751380567,4.302204814300383,-0.0820207901341333,0.5932203389830508,59,6.263768917957772,1.3232999207421492
V16_allz,2,K2h10_sl3,K网格,8.657234361726914,3.4932082549649626,-0.1275706538903003,0.4347826086956521,69,5.199950175915884,0.5576309627843596
V16_allz,3,K2h6_sl5,K网格,8.579694001368615,3.879000901126756,-0.0968503107298001,0.5909090909090909,88,6.721425045965525,0.2406639893984392
V16_allz,4,M2_h20_tr15,M移动细化,7.287496498874164,2.8488322469781964,-0.1330326273298334,0.5925925925925926,27,1.707618092176021,2.060807032875817
V16_allz,5,W2_h20_tr15,W移动,7.287496498874164,2.8488322469781964,-0.1330326273298334,0.5925925925925926,27,1.707618092176021,2.060807032875817
V17_allz,1,O2_h5_sl8_q0.4,O择时细化,4.101512045941184,2.4758614209373,-0.1695026395422106,0.5517241379310345,87,0.3229836779110089,2.856065748291374
V17_allz,2,O1_h5_sl8_q0.4,O择时细化,2.0593895981064456,2.651112230148952,-0.1564518745574867,0.5909090909090909,44,0.4413585485953784,1.1225735963392731
V17_allz,3,X_re300_close_seq,X口径,1.821449110897917,1.823196648738029,-0.1635034328951782,0.6271186440677966,59,0.0750214365256989,1.6245514880302263
V17_allz,4,V2_re300_q0.2,V择时,1.575012745547096,1.8386793350578987,-0.1454437687643452,0.609375,64,0.3974402115518451,0.8426639825166933
V17_allz,5,T2_re300_mh5,T细化,1.5222976503118928,1.8856220516887503,-0.1291102413325431,0.6346153846153846,52,0.678384944960978,0.5028123660692965
V18_f1,1,M2_h20_tr12,M移动细化,2.087732251407055,2.1696692841042093,-0.1146377503901955,0.6296296296296297,27,0.797533253552104,0.7177608510470606
V18_f1,2,T2_re300_mh8,T细化,1.9590608402120209,2.142159912093171,-0.1686746587958253,0.6511627906976745,43,1.073559599626241,0.4270440264872981
V18_f1,3,N2_re500,N排名细化,1.9260779276413644,2.310058372227585,-0.0859955966326118,0.723404255319149,47,0.614381944158269,0.8125065993394809
V18_f1,4,W2_h20_tr15,W移动,1.860457069445792,2.047565257631435,-0.1180390280432758,0.6538461538461539,26,0.797533253552104,0.5913235895877005
V18_f1,5,M2_h20_tr15,M移动细化,1.860457069445792,2.047565257631435,-0.1180390280432758,0.6538461538461539,26,0.797533253552104,0.5913235895877005
V18_f2,1,W2_h20_tr20,W移动,3.204290948864597,2.2716867678139736,-0.1247399426298433,0.5769230769230769,26,1.46116259993891,0.708254037733612
V18_f2,2,W2_h20_tr25,W移动,3.204290948864597,2.2716867678139736,-0.1247399426298433,0.5769230769230769,26,1.46116259993891,0.708254037733612
V18_f2,3,M2_h20_tr20,M移动细化,3.204290948864597,2.2716867678139736,-0.1247399426298433,0.5769230769230769,26,1.46116259993891,0.708254037733612
V18_f2,4,B02_hold20_t2,B持有期,3.204290948864597,2.2716867678139736,-0.1247399426298433,0.5769230769230769,26,1.46116259993891,0.708254037733612
V18_f2,5,L2_h5_sl8_tp15,L止盈细化,1.6284024737514509,1.755665154933419,-0.1388519820433141,0.49,100,0.7609093401444684,0.4926392937048156
V1_allz,1,N2_re500,N排名细化,3.89105309678892,3.161396195043734,-0.0750305982079069,0.7659574468085106,47,1.4932861584973844,0.9616894274729326
V1_allz,2,K2h7_sl3,K网格,3.6457841017427866,3.028901686139527,-0.0734539406730214,0.5125,80,1.259516936357902,1.0560961624086298
V1_allz,3,X_re300_close_overlap,X口径,3.287824493288861,3.0689794572521603,-0.1262704198253689,0.59375,64,1.1065804313304284,1.035443047660348
V1_allz,4,Q2_re300_tp40,Q组合,2.872952920502659,2.623866347883662,-0.0926466655868774,0.5625,64,1.0563710911855204,0.8833920283667569
V1_allz,5,N2_re300,N排名细化,2.872952920502659,2.623866347883662,-0.0926466655868774,0.5625,64,1.0563710911855204,0.8833920283667569
V20_ensw2,1,W2_h20_tr20,W移动,14.919361621072802,3.720953139612708,-0.092743095794166,0.5769230769230769,26,2.4815296461616807,3.5725193346044293
V20_ensw2,2,M2_h20_tr20,M移动细化,14.919361621072802,3.720953139612708,-0.092743095794166,0.5769230769230769,26,2.4815296461616807,3.5725193346044293
V20_ensw2,3,B02_hold20_t2,B持有期,13.28218808865476,3.637485517334547,-0.092743095794166,0.6153846153846154,26,2.4815296461616807,3.102273868154649
V20_ensw2,4,W2_h20_tr25,W移动,13.28218808865476,3.637485517334547,-0.092743095794166,0.6153846153846154,26,2.4815296461616807,3.102273868154649
V20_ensw2,5,W2_h10_tr20,W移动,5.423279818665279,3.133095697431347,-0.137249484453359,0.56,50,1.7554866144131522,1.3310872878376392
V2_allz,1,W2_h20_tr20,W移动,0.7333356979392966,1.5006856522924976,-0.1216970337610023,0.5769230769230769,26,0.5294459445956146,0.1333095517786275
V2_allz,2,W2_h20_tr25,W移动,0.7333356979392966,1.5006856522924976,-0.1216970337610023,0.5769230769230769,26,0.5294459445956146,0.1333095517786275
V2_allz,3,M2_h20_tr20,M移动细化,0.7333356979392966,1.5006856522924976,-0.1216970337610023,0.5769230769230769,26,0.5294459445956146,0.1333095517786275
V2_allz,4,M2_h20_tr15,M移动细化,0.7333356979392966,1.5006856522924976,-0.1216970337610023,0.5769230769230769,26,0.5294459445956146,0.1333095517786275
V2_allz,5,W2_h20_tr15,W移动,0.7333356979392966,1.5006856522924976,-0.1216970337610023,0.5769230769230769,26,0.5294459445956146,0.1333095517786275
V3_allz,1,K2h10_sl5,K网格,1.9955331901877649,2.5412551927928795,-0.1260122782062366,0.4262295081967213,61,1.7345456913906716,0.0954408988735397
V3_allz,2,K2h2_sl3,K网格,1.767875095534372,2.13272852672063,-0.1012934602140916,0.4754098360655737,244,1.4383608306048936,0.1351376140863185
V3_allz,3,K2h2_slx,K网格,1.767875095534372,2.13272852672063,-0.1012934602140916,0.4754098360655737,244,1.4383608306048936,0.1351376140863185
V3_allz,4,K2h2_sl10,K网格,1.767875095534372,2.13272852672063,-0.1012934602140916,0.4754098360655737,244,1.4383608306048936,0.1351376140863185
V3_allz,5,K2h2_sl8,K网格,1.767875095534372,2.13272852672063,-0.1012934602140916,0.4754098360655737,244,1.4383608306048936,0.1351376140863185
V4_allz,1,B02_hold20_t2,B持有期,2.470185609780727,2.0083299870389384,-0.2068299714426655,0.6538461538461539,26,0.6700208904107301,1.077929461665153
V4_allz,2,X_re300_close_overlap,X口径,2.126900272751446,1.8167618668714525,-0.3661054206749221,0.5444444444444444,90,1.08529313477526,0.4995015427835494
V4_allz,3,E02_h5_tp20_t2,E止盈,1.8177474957972937,2.1330071796362216,-0.1368712045011509,0.5612244897959183,98,1.306345045339747,0.2217371817330184
V4_allz,4,T2_re250,T细化,1.624952680152588,2.173324738702687,-0.1964259315338032,0.5,96,2.4513435476364123,-0.2394403385457711
V4_allz,5,K2h6_slx,K网格,1.4923311708054907,1.932950174007736,-0.1442792602467113,0.524390243902439,82,1.3514140529592642,0.0599286704393389
V5_allz,1,L2_h7_sl8_tp15,L止盈细化,1.5592605910309332,2.067651266131777,-0.0995779040555622,0.5833333333333334,72,0.6126917223642021,0.5869496665358105
V5_allz,2,L2_h7_sl8_tp25,L止盈细化,0.8680887776858699,1.6267994990419374,-0.0995779040555622,0.5753424657534246,73,0.6126917223642021,0.1583669412944317
V5_allz,3,L2_h7_sl8_tp40,L止盈细化,0.7279788355288053,1.3983147014905233,-0.1030135668796032,0.6111111111111112,72,0.4514088418270645,0.190552782738727
V5_allz,4,K2h7_sl8,K网格,0.7279788355288053,1.3983147014905233,-0.1030135668796032,0.6111111111111112,72,0.4514088418270645,0.190552782738727
V5_allz,5,W2_h30_tr25,W移动,0.6055301334793226,1.2170244606007536,-0.1620065214958738,0.6111111111111112,18,0.2083407074023633,0.3287064845566771
V6_allz,1,C02_nr_hold5_t2,C续持,3.676080750658861,3.192271494560364,-0.1274928488052086,0.5670103092783505,97,1.1766058091057978,1.148336061172191
V6_allz,2,K2h5_sl5,K网格,2.84768956214553,2.979061778611899,-0.1343135315652248,0.5656565656565656,99,0.7494329715371677,1.1993923887033509
V6_allz,3,D02_h5_sl5_t2,D止损,2.84768956214553,2.979061778611899,-0.1343135315652248,0.5656565656565656,99,0.7494329715371677,1.1993923887033509
V6_allz,4,H02_re50_t2,H排名退出,2.7617660882020125,2.8676869316186693,-0.1017820771114199,0.6129032258064516,124,0.5371025400604963,1.4473097858871258
V6_allz,5,N2_re50,N排名细化,2.7617660882020125,2.8676869316186693,-0.1017820771114199,0.6129032258064516,124,0.5371025400604963,1.4473097858871258
V7_allz,1,N2_re500,N排名细化,1.2957216066429358,1.9835502611886944,-0.1555830345672952,0.6111111111111112,54,0.795558505092901,0.2785557252138417
V7_allz,2,K2h15_slx,K网格,1.1371315786336846,1.86232780145259,-0.0999534489406195,0.3823529411764705,34,0.5593664307555293,0.3705127521555167
V7_allz,3,P1_re300_sl5,P组合,1.0182096516669166,2.437521771675712,-0.2229477703316755,0.673469387755102,49,0.3889000738377022,0.4530992471548756
V7_allz,4,R2_re300_tr10,R组合,1.012526768613272,1.612091779163875,-0.2314807241695522,0.5609756097560976,82,0.3687560581184466,0.4703326839552271
V7_allz,5,Q2_re300_tp60,Q组合,1.012526768613272,1.612091779163875,-0.2314807241695522,0.5609756097560976,82,0.3687560581184466,0.4703326839552271
V8_allz,1,N2_re500,N排名细化,3.769094712760597,2.917032824810944,-0.0937373478632449,0.6888888888888889,45,1.505821803323749,0.9032058490491306
V8_allz,2,T2_re300_mh3,T细化,3.534756391947393,2.785526923211988,-0.1354989383247509,0.7049180327868853,61,1.13256756381748,1.1264303503846729
V8_allz,3,L2_h7_sl8_tp40,L止盈细化,3.1451849551023825,2.735855939159033,-0.0975156512931223,0.6056338028169014,71,1.8420195555445544,0.4585349868601203
V8_allz,4,K2h7_sl8,K网格,3.1451849551023825,2.735855939159033,-0.0975156512931223,0.6056338028169014,71,1.8420195555445544,0.4585349868601203
V8_allz,5,K2h7_slx,K网格,2.866882371158773,2.665606456496046,-0.1263691453845822,0.5714285714285714,70,1.8420195555445544,0.3606107542837962
V9_allz,1,N2_re500,N排名细化,2.723087994011887,2.5761045956480397,-0.1048036192713828,0.68,50,1.333490278143978,0.5955018235487028
V9_allz,2,X_re300_close_overlap,X口径,2.5243136880248342,2.4640976555907,-0.2344548734597324,0.6774193548387096,62,0.7219928433894724,1.046648278216869
V9_allz,3,F02_h5_sl8_tp25_t2,F组合,2.162500227398777,2.3914841753662865,-0.1492732637564572,0.5102040816326531,98,1.662617336756285,0.1877411687146426
V9_allz,4,L2_h5_sl8_tp25,L止盈细化,2.162500227398777,2.3914841753662865,-0.1492732637564572,0.5102040816326531,98,1.662617336756285,0.1877411687146426
V9_allz,5,K2h5_sl8,K网格,2.088306268514004,2.3590643577803028,-0.1492732637564572,0.4897959183673469,98,1.662617336756285,0.159876121093808
