unit,strategy,cum,sharpe,maxdd,h1,h2,t1,t2,t3,win,n,roll_pos,roll_n,min_h,min_t,roll_pct
V13_allz,B0_daily_top1,-0.17349954573562565,-0.1876468044298369,-0.530878349905242,0.1705808823497712,-0.2939399005002592,-0.03462243366514306,0.17681950966916693,-0.283420461207872,0.4897119341563786,243,61,185,-0.2939399005002592,-0.283420461207872,0.32972972972972975
V13_allz,S1_h5_sl8_t1,1.5953918298421104,2.1138803793807934,-0.42270822510510564,1.458773168992968,0.05556375129353608,0.1368733212564035,1.77914989434831,-0.1817578983436018,0.48,50,145,185,0.05556375129353608,-0.1817578983436018,0.7837837837837838
V13_allz,S2_h5_sl8_t2,0.2786178311448706,0.8453605303055272,-0.41758977373612904,0.6608812316756443,-0.23015697524928513,0.09506236061020545,0.5999347404107758,-0.25434769071196905,0.43564356435643564,101,119,185,-0.23015697524928513,-0.25434769071196905,0.6432432432432432
V13_allz,S3_nr3_t1,0.5503769925314708,1.154311052367098,-0.2345540314356097,0.26900060133830506,0.22173069965169745,0.08701014730806578,0.28154660742815096,0.11296940612708517,0.5125,80,177,185,0.22173069965169745,0.08701014730806578,0.9567567567567568
V13_allz,S4_re300_t2,0.12223503189813711,0.5141910475417614,-0.26944165304189116,0.15259271071662805,-0.026338600388697064,-0.0018739814211128358,0.26756101648502884,-0.11819846338180529,0.5245901639344263,61,126,185,-0.026338600388697064,-0.11819846338180529,0.6810810810810811
V13_allz,S5_re300_sl8_tr15_t2,0.36863078701612184,1.1071330794377714,-0.33377430524253215,0.2808184778995677,0.06855952707721547,0.14966915638624378,0.4419578896058496,-0.16710660445739856,0.5616438356164384,73,130,185,0.06855952707721547,-0.16710660445739856,0.7027027027027027
V13_allz,S6_h20_tr20_t2,2.6463559476770464,3.1909900408801786,-0.2449271866770285,0.9606871862669915,0.8597336552290369,0.1622823358407306,2.0185815322295175,0.08398887564625701,0.6153846153846154,26,170,185,0.8597336552290369,0.08398887564625701,0.918918918918919
V13_allz,S7_h10_tr12_t1,5.387289918873038,3.5787437070950956,-0.29316776918355736,2.3630084065521135,0.8992786061517855,0.19655374347443888,2.8754501228397578,0.37650701368511785,0.6153846153846154,26,172,185,0.8992786061517855,0.19655374347443888,0.9297297297297298
V13_allz,S8_re300_sl8_tp40_t2,0.36863078701612184,1.1071330794377714,-0.33377430524253215,0.2808184778995677,0.06855952707721547,0.14966915638624378,0.4419578896058496,-0.16710660445739856,0.5616438356164384,73,130,185,0.06855952707721547,-0.16710660445739856,0.7027027027027027
V13_allz,S9_rat20_10_sl8_t2,2.4896769945386086,3.0624018429830633,-0.299214744769041,1.353364497598105,0.4828459416721256,0.23800844644101993,2.228292814502341,-0.0587287206423075,0.509090909090909,55,153,185,0.4828459416721256,-0.0587287206423075,0.827027027027027
V13_allz,S10_re300_sl8_q0.3_t2,0.3243161936748922,0.9944470917721577,-0.337198365908132,0.487833175300888,-0.10990276621095374,0.006936714612984174,0.5516205922761044,-0.13731920400500652,0.5072463768115942,69,110,185,-0.10990276621095374,-0.13731920400500652,0.5945945945945946
V13b_allz,B0_daily_top1,0.23723705428709607,0.7186230815932632,-0.4025273985438723,-0.17030319686143325,0.49119178187368107,-0.05931412709061323,-0.20056665472045632,0.7421259775069393,0.5102880658436214,243,56,185,-0.17030319686143325,-0.20056665472045632,0.3027027027027027
V13b_allz,S1_h5_sl8_t1,-0.17614809463730252,-0.2621591170136266,-0.5797421776115519,-0.2188082632591576,0.05460908841641521,-0.008003128337192189,-0.2971777959222952,0.29593472547327027,0.42,50,22,185,-0.2188082632591576,-0.2971777959222952,0.11891891891891893
V13b_allz,S2_h5_sl8_t2,-0.10477346224721373,-0.16155181706715893,-0.420881960243221,-0.07405673867320295,-0.0331734403790539,-0.09472259778493364,0.0581987284595582,-0.0017327915603918553,0.4,100,49,185,-0.07405673867320295,-0.09472259778493364,0.2648648648648649
V13b_allz,S3_nr3_t1,0.21540107730277835,0.6700409914706207,-0.2907591999073037,-0.1757506609581041,0.47455511303843667,-0.10905581275387866,-0.023580602315519505,0.4764317802284119,0.4691358024691358,81,98,185,-0.1757506609581041,-0.10905581275387866,0.5297297297297298
V13b_allz,S4_re300_t2,-0.004457870717992529,0.1537945134257038,-0.3306118525980025,-0.08497030279100604,0.08798887327765437,-0.08452743807622143,-0.015058041603091876,0.16233663677426624,0.5396825396825397,63,61,185,-0.08497030279100604,-0.08452743807622143,0.32972972972972975
V13b_allz,S5_re300_sl8_tr15_t2,-0.33111182105125947,-1.0798691721831006,-0.3890008813707788,-0.09198550846823073,-0.2633507667698515,-0.014693458852024666,-0.19473151502291774,-0.1411253890178854,0.49382716049382713,81,41,185,-0.2633507667698515,-0.19473151502291774,0.22162162162162163
V13b_allz,S6_h20_tr20_t2,0.33747955045064426,0.9854054754928125,-0.39394196707343554,0.3826031757717814,-0.03263671464948692,0.018182662465169974,0.6663948630838745,-0.19562364203452887,0.46153846153846156,26,107,185,-0.03263671464948692,-0.19562364203452887,0.5783783783783784
V13b_allz,S7_h10_tr12_t1,-0.013171270294940252,0.1925984777333059,-0.53554441359086,-0.013291492835434848,0.00012184200259901523,0.15656714443827635,-0.2842080953498488,0.26662693622559286,0.4074074074074074,27,53,185,-0.013291492835434848,-0.2842080953498488,0.2864864864864865
V13b_allz,S8_re300_sl8_tp40_t2,-0.33927216265195803,-1.160373308382993,-0.38724995888656055,-0.09198550846823073,-0.27233778369172124,-0.027804960938422885,-0.09816810926968489,-0.2566141437434374,0.4936708860759494,79,41,185,-0.27233778369172124,-0.2566141437434374,0.22162162162162163
V13b_allz,S9_rat20_10_sl8_t2,0.09005402284177255,0.42471211730585573,-0.3842620504184726,0.3569220391426733,-0.19667159099981346,0.3654912368606511,-0.15597515376350768,-0.011700904656616884,0.45614035087719296,57,82,185,-0.19667159099981346,-0.15597515376350768,0.44324324324324327
V13b_allz,S10_re300_sl8_q0.3_t2,-0.1722739317275228,-0.39555265520938665,-0.42002319083531625,0.043011444249382746,-0.20640749165685146,0.10515278651591964,-0.09242821357162767,-0.15367436497598919,0.4594594594594595,74,72,185,-0.20640749165685146,-0.15367436497598919,0.3891891891891892
V13c_allz,B0_daily_top1,-0.04922701887351855,0.071151611627589,-0.4621522478662543,0.19580860444725512,-0.20491207573643277,0.2579754153493956,-0.23539416800598634,-0.03056307156762239,0.48148148148148145,243,83,185,-0.20491207573643277,-0.23539416800598634,0.4486486486486487
V13c_allz,S1_h5_sl8_t1,-0.30993132062994233,-0.86696369110329,-0.4754824967547362,0.0992364672939392,-0.3722290881880558,0.11861955949494218,-0.19675867466445085,-0.24776774893548914,0.4117647058823529,51,51,185,-0.3722290881880558,-0.24776774893548914,0.2756756756756757
V13c_allz,S2_h5_sl8_t2,-0.08601604770526361,-0.11104255800163912,-0.3452005830303376,0.04630878293101692,-0.12646824034641024,0.01499301807743314,-0.08599733393041076,-0.04878709687757765,0.43564356435643564,101,54,185,-0.12646824034641024,-0.08599733393041076,0.2918918918918919
V13c_allz,S3_nr3_t1,-0.4097595073788759,-1.1492407537695366,-0.5511444076532785,0.16343327023316734,-0.4926735312435824,0.1404130801836414,-0.1622170668475198,-0.392652393328743,0.44871794871794873,78,59,185,-0.4926735312435824,-0.392652393328743,0.31891891891891894
V13c_allz,S4_re300_t2,0.3383198107873646,1.1174795633976105,-0.29938507969045647,0.3298310825482149,0.006383313151985037,0.2417931153465842,0.14917201855292306,-0.07626933773468947,0.625,56,134,185,0.006383313151985037,-0.07626933773468947,0.7243243243243244
V13c_allz,S5_re300_sl8_tr15_t2,0.14086683851634385,0.581538670302137,-0.3101130819184048,0.24868007364236178,-0.08634175991255377,0.1642281462537294,0.07367006425204203,-0.11460375463802863,0.6119402985074627,67,131,185,-0.08634175991255377,-0.11460375463802863,0.7081081081081081
V13c_allz,S6_h20_tr20_t2,0.43696469858419595,1.2376812286007914,-0.19826528805816723,0.34133438492232715,0.07129490955933826,-0.006865800777864806,0.4647222556286241,-0.026730910058630708,0.5384615384615384,26,132,185,0.07129490955933826,-0.026730910058630708,0.7135135135135136
V13c_allz,S7_h10_tr12_t1,-0.15850675572401074,-0.3000619337839223,-0.46902046693175425,0.11727462169249225,-0.2468340120343374,0.1865682633464938,-0.21409719784746783,-0.1056255062489565,0.48,25,63,185,-0.2468340120343374,-0.21409719784746783,0.34054054054054056
V13c_allz,S8_re300_sl8_tp40_t2,0.14017168610416952,0.5763487247953903,-0.3105958074756491,0.24868007364236178,-0.08689846969502524,0.1642281462537294,0.07367006425204203,-0.11564533755034523,0.6119402985074627,67,130,185,-0.08689846969502524,-0.11564533755034523,0.7027027027027027
V13c_allz,S9_rat20_10_sl8_t2,0.011681565698440144,0.20737925664188483,-0.34335679155534315,0.10744740957302557,-0.0864743942211279,0.17599279266216317,-0.05587179566483291,-0.1127799960131386,0.42592592592592593,54,83,185,-0.0864743942211279,-0.1127799960131386,0.4486486486486487
V13c_allz,S10_re300_sl8_q0.3_t2,-0.052514211670664945,-0.030830989993951174,-0.4017970786110582,0.21272322594772097,-0.21871226009636924,0.11465392464235502,-0.010255829161085805,-0.1702701205823467,0.5,62,80,185,-0.21871226009636924,-0.1702701205823467,0.43243243243243246
