unit,proto,cum,sharpe,maxdd,h1,h2,t1,t2,t3,win,n,roll_pos,roll_n,min_h,min_t,roll_pct
V20_ensw2,h20tr20_t2,3.521133971049574,3.474254902350948,-0.20555479975493562,1.3333808426306524,0.9375893932310044,0.3764984944580392,1.8332852689701395,0.3147778799975527,0.5769230769230769,26,152,185,0.9375893932310044,0.3147778799975527,0.8216216216216217
V20_ensw2,D01,1.9659580888427173,2.606739818732596,-0.1895624336886097,0.9770573898599888,0.5001881604725487,0.08721222784702687,1.2505311111916853,0.24714954455667004,0.56,50,174,185,0.5001881604725487,0.08721222784702687,0.9405405405405406
V20_ensw2,hold20_t1,3.132567172251176,2.6658188198495463,-0.3017438229838967,2.0236745447375393,0.36673676717078596,0.2778193427955158,1.671662879253578,0.248324644824931,0.6153846153846154,13,147,185,0.36673676717078596,0.248324644824931,0.7945945945945946
V20_ensw2,S2,0.5270817918826092,1.4472952953626785,-0.20301926839433737,0.360727607410414,0.12225384681419316,0.05032347307502105,0.4737950779657796,0.010481793473357204,0.5517241379310345,87,126,185,0.12225384681419316,0.010481793473357204,0.6810810810810811
V20b_ensw2,h20tr20_t2,0.36984842480536617,1.0542964659616971,-0.3568183299702756,0.31673650329072256,0.040336028796885026,0.18901814296132713,-0.022262460193757994,0.27471571534955785,0.5769230769230769,26,82,185,0.040336028796885026,-0.022262460193757994,0.44324324324324327
V20b_ensw2,D01,-0.35466411182195656,-0.8692242887383895,-0.5006506068228126,0.06569378872548937,-0.39444529469405165,-0.020243987071888014,-0.13110218757920888,-0.26596867436076,0.46,50,40,185,-0.39444529469405165,-0.26596867436076,0.21621621621621623
V20b_ensw2,hold20_t1,0.04793126857264607,0.32255054127231864,-0.3812140599317534,0.2762128227394005,-0.17887420506929763,0.10234411711519487,0.03538821216113308,-0.09321060032904838,0.5384615384615384,13,64,185,-0.17887420506929763,-0.09321060032904838,0.34594594594594597
V20b_ensw2,S2,0.4808055146596095,1.3400770345258821,-0.21123868744451335,0.3359207783710745,0.1084530899094156,0.32842931541891107,-0.021408639466511503,0.14555717065642804,0.5844155844155844,77,118,185,0.1084530899094156,-0.021408639466511503,0.6378378378378379
V20c_ensw2,h20tr20_t2,0.3878435710246464,1.0898567059821087,-0.31023842417248926,0.4003258156548153,-0.00891381454988971,0.1408874898787933,0.39467821070629516,-0.12181583118589745,0.6153846153846154,26,123,185,-0.00891381454988971,-0.12181583118589745,0.6648648648648648
V20c_ensw2,D01,0.39203020620099416,0.9770967628382985,-0.3337599025111676,0.5376200903209272,-0.09468521193004575,0.35055241667133696,0.12794554079087317,-0.09771665319210066,0.52,50,93,185,-0.09468521193004575,-0.09771665319210066,0.5027027027027027
V20c_ensw2,hold20_t1,0.04901269366288319,0.327472658794398,-0.38995465625429326,0.07248990470643202,-0.021890379518281988,0.1906030379309802,-0.12751834432986997,0.0001400842119541057,0.6153846153846154,13,52,185,-0.021890379518281988,-0.12751834432986997,0.2810810810810811
V20c_ensw2,S2,0.2964949721244614,0.97649269781446,-0.26009244104214835,0.3363272942121258,-0.029807310125434583,0.1436282841434915,0.16670414904944653,-0.011441520568125196,0.5670103092783505,97,133,185,-0.029807310125434583,-0.011441520568125196,0.7189189189189189
V20_ens3,h20tr20_t2,0.3726119814118729,1.0820882004922114,-0.31858573212832564,0.5240488338032387,-0.09936482941524738,0.28217070562419666,0.11200095024716661,-0.016588467163580534,0.5769230769230769,26,121,185,-0.09936482941524738,-0.016588467163580534,0.654054054054054
V20_ens3,D01,-0.5069059494611079,-1.5322073704094041,-0.605755398119776,-0.1873536144155008,-0.39322433559557124,-0.04645159084474093,-0.24990771657065547,-0.32928852003540865,0.37254901960784315,51,24,185,-0.39322433559557124,-0.32928852003540865,0.12972972972972974
