set,strategy,cum_net,ann_net,sharpe,maxdd,cum_trade,win_rate,avg_hold,n_trades,turnover,cost_drag,h1_cum,h2_cum,h1_cum_t,h2_cum_t,avg_cash_ratio,empty_days
V3_allz,S2_h5_sl8_t2,-0.0869987077042278,-0.0897192213646868,-0.1096086979290965,-0.3568174977288402,-0.2742452733317463,0.5,4.88,100,47.19178,0.048182375599999994,0.13233462869512014,-0.19370010493461887,0.08505821942609093,-0.33113752453566947,0.02720154558443093,1
V3_allz,S3_nr3_t1,-0.08409049973882976,-0.0867244559535375,-0.027168969695036044,-0.2964551681578246,-0.13734908791202227,0.475,3.05,80,80.44514,0.08205404279999999,0.18706711877639215,-0.22842652637428495,0.11855072712842052,-0.2287780150100095,0.017518768134226797,1
V3_allz,S4_re300_t2,-0.1136982303272136,-0.11719866563384473,-0.2180098113993861,-0.33870059185606916,-0.3083348350542434,0.4823529411764706,5.741176470588235,85,44.36606,0.045253381199999984,0.27163868881405584,-0.3030239033546853,0.5440075161891438,-0.5520325142892465,0.03007010060826679,1
V3_allz,S5_re300_sl8_tr15_t2,-0.09033244661824136,-0.09315179807165441,-0.1473523329306275,-0.2673101837995949,-0.263266041994741,0.4945054945054945,5.362637362637362,91,45.13496,0.0460376592,0.18271434695478783,-0.23086453147039432,0.33006875636259747,-0.44609332827271186,0.02399225513479967,1
V3_allz,S6_h20_tr20_t2,-0.011398900950901236,-0.011770427358094748,0.11324935171365422,-0.250343181327239,-0.13789760228969528,0.4230769230769231,18.76923076923077,26,12.8279,0.013095258000000002,0.12848848163079452,-0.12395995604628829,-0.05885209982792394,-0.08398839592302021,0.03305919851218712,1
V3_allz,S7_h10_tr12_t1,0.5119973031458807,0.5326321627496093,1.1801423874777233,-0.33282522776839396,0.44570544021282776,0.5769230769230769,9.384615384615385,26,32.3728,0.033020256000000005,0.6317334389740799,-0.0733797156865762,0.5624791202212487,-0.0747361539089787,0.01368785538028825,1
V3_allz,S8_re300_sl8_tp40_t2,-0.09033244661824136,-0.09315179807165441,-0.1473523329306275,-0.2673101837995949,-0.263266041994741,0.4945054945054945,5.362637362637362,91,45.13496,0.0460376592,0.18271434695478783,-0.23086453147039432,0.33006875636259747,-0.44609332827271186,0.02399225513479967,1
V3_allz,S9_rat20_10_sl8_t2,0.16366939188136853,0.1694669668250528,0.6883822652455457,-0.2059830674068811,0.20489944818110506,0.46153846153846156,9.384615384615385,52,28.36986,0.0289372572,0.27533481779418434,-0.08755773335346562,0.32769035704091287,-0.09248459794004837,0.023724562118452537,1
V1_allz,S8_re300_sl8_tp40_t2,0.8248904707999984,0.8612381446601731,2.4144858736921453,-0.08811016768813051,2.212399166707611,0.5714285714285714,7.714285714285714,63,43.30346,0.04416952919999999,0.4914848799999989,0.22353937024155401,1.0398430342580123,0.5748266473239261,0.035194492305203454,2
V1_allz,S9_rat20_10_sl8_t2,0.2667416971999981,0.27660014157883794,1.0855042634520344,-0.14711677438946114,0.6086175257872002,0.52,9.7,50,27.28164,0.027838302800000003,0.23241731639999919,0.027851264618922844,0.35859119131979855,0.18403353125270505,0.04625555049741028,2
V1_allz,S10_re300_sl8_q0.3_t2,0.8180263999999988,0.8540082695168345,2.2860951622211547,-0.16699646356824838,2.1949238252432726,0.6212121212121212,6.757575757575758,66,44.68,0.045573600000000006,0.5933927743999985,0.1409781876816829,1.3066370950608417,0.3851003402678743,0.12029700082989134,9
V2_allz,B0_daily_top1,-0.49768638131606213,-0.508898960978778,-2.035929022696755,-0.5462441524872963,-0.5133237020743112,0.42386831275720166,1.0,243,190.34744,0.19415438880000002,-0.10581476962670078,-0.43824433504204197,-0.1194317972354697,-0.4473156123537321,0.019716751725680957,2
V2_allz,S1_h5_sl8_t1,-0.4213296951574975,-0.4316157232574531,-1.7913244095273486,-0.4988735538268637,-0.43017656113014235,0.44,4.88,50,35.7651,0.036480402,-0.22042090678469306,-0.2577144386263276,-0.23737573133082812,-0.2528123451090324,0.01530393246383286,1
V2_allz,S2_h5_sl8_t2,-0.22108835783858016,-0.22744317945082448,-0.9485358410498665,-0.24573690755149336,-0.43895883987766826,0.4444444444444444,4.91919191919192,99,43.2304,0.04434180799999999,0.003073426776678101,-0.22347495071780588,-0.014724325279677819,-0.43057443260071604,0.03205002503906739,1
V2_allz,S3_nr3_t1,-0.33712968198841164,-0.3460059882896699,-1.112607774722012,-0.3518297231789753,-0.3504377739508626,0.3950617283950617,3.0,81,70.4403,0.071849106,-0.02054902855423546,-0.32322256311295794,-0.02990042632917078,-0.3304169554562194,0.018953654574717076,2
V2_allz,S4_re300_t2,0.03875180617729934,0.0400474706847318,0.28840212559033507,-0.18890457208512723,0.008128932463004501,0.4782608695652174,7.072463768115942,69,35.09944,0.03580142879999999,0.17744181887594745,-0.11778927032764075,0.2620941760182103,-0.20122527175938842,0.03814720295111413,1
V6_allz,S1_h5_sl8_t1,1.3569844908770454,1.4241815526928479,2.7407189425515663,-0.19421637923406498,1.3332723586549413,0.5918367346938775,4.979591836734694,49,70.51494,0.0719252388,0.48035151166157375,0.5921789333882748,0.44724194295196784,0.6122199677931666,0.0178528335208908,1
V6_allz,S2_h5_sl8_t2,0.9560592837728581,0.9995649789627608,2.634880090106906,-0.17536733406033445,2.6719455287045046,0.5306122448979592,4.979591836734694,98,67.74656,0.0691014912,0.391442369001624,0.40577815319534527,0.8367178250451393,0.9991887042389118,0.030784506192021836,1
V6_allz,S3_nr3_t1,1.289235988303401,1.3522511956404646,2.809326675248775,-0.15995898306365464,1.2575576420445436,0.5925925925925926,3.0123456790123457,81,109.84284,0.1120396968,0.3984134623922939,0.6370237056979979,0.37030029634851114,0.6474911725994212,0.016413650867948423,1
V6_allz,S4_re300_t2,0.3076234432915457,0.31917314906604677,1.3133911366504025,-0.22824586774761235,0.7021301159868516,0.7,9.76,50,25.76124,0.026276464800000003,0.12322238101316452,0.1641714636348759,0.24484027117161133,0.3673482095697711,0.04317277529867806,1
V6_allz,S5_re300_sl8_tr15_t2,0.11569247747297551,0.1197042872687284,0.6119575792245493,-0.2911676833272926,0.2150934596503571,0.5892857142857143,8.714285714285714,56,27.62246,0.0281749092,0.09642397116499812,0.017573955709398348,0.16614943493049528,0.0419706285093544,0.03884147837974339,1
V6_allz,S6_h20_tr20_t2,0.4700084126519124,0.4886949526090447,1.6010414388208873,-0.14392489541558628,1.1101672685134738,0.6538461538461539,18.76923076923077,26,15.68062,0.015994232400000002,0.37611895855926103,0.06822771644026338,0.5358537506520378,0.37393763411237213,0.03348857772144344,1
V6_allz,S7_h10_tr12_t1,0.7121234104685803,0.7425769013571581,1.7962346613026778,-0.21934383743467456,0.6974303685235463,0.56,9.76,25,32.86724,0.0335245848,0.43449251488853724,0.19353945224427815,0.3651774803131469,0.24337706488843214,0.017794970929925602,1
V6_allz,S8_re300_sl8_tp40_t2,0.11569247747297551,0.1197042872687284,0.6119575792245493,-0.2911676833272926,0.2150934596503571,0.5892857142857143,8.714285714285714,56,27.62246,0.0281749092,0.09642397116499812,0.017573955709398348,0.16614943493049528,0.0419706285093544,0.03884147837974339,1
V9_allz,B0_daily_top1,0.2276766356425599,0.2359610290761316,0.7778037969494286,-0.30429672030711485,0.20242259786032757,0.5267489711934157,1.0,243,225.59012,0.2301019224,0.023834003089845845,0.1990973457977887,-0.004569241426220061,0.20794197637927092,0.0228672895828042,2
V9_allz,S1_h5_sl8_t1,1.278985937294192,1.3413744756267483,2.32105643422526,-0.35489462500846225,1.253273710901834,0.54,4.88,50,74.44868,0.07593765359999999,0.8346439514199622,0.24219521478830885,0.8156840265091945,0.24100541614277615,0.016350764341487044,1
V9_allz,S2_h5_sl8_t2,0.8076636525131071,0.8430949604845404,2.124567273364813,-0.22326408208968163,2.088395257832905,0.4897959183673469,4.979591836734694,98,68.46252,0.06983177039999999,0.6738141485611475,0.07996676576489814,1.6626173367562878,0.1599095428392725,0.02789023774043306,1
V9_allz,S3_nr3_t1,-0.11857080826629096,-0.12221067254508378,-0.25747909531570773,-0.37421072822240986,-0.1431433401123201,0.5063291139240507,3.088607594936709,79,69.89138,0.07128920759999999,-0.026926906394661998,-0.09417987453756371,-0.053550958637843316,-0.0946616009516299,0.0223276406249695,1
V9_allz,S4_re300_t2,0.7008179290781067,0.730694354204408,2.0839066113924836,-0.14093872512700378,1.7811776134286612,0.6129032258064516,7.870967741935484,62,37.29004,0.038035840800000005,0.27117681240245184,0.3379869051132698,0.6273776521916692,0.7089933671407573,0.03948289666450243,1
V9_allz,S5_re300_sl8_tr15_t2,0.6145150462727151,0.6400728869308345,1.8349713671445187,-0.19585315599893605,1.4596749714642119,0.6557377049180327,8.0,61,34.8458,0.035542716,0.27117681240245184,0.27009478974162104,0.6273776521916692,0.5114346495735929,0.04202308991860657,1
V9_allz,S6_h20_tr20_t2,0.4930695509535512,0.5128211271831749,1.4167615781112253,-0.22167788101616825,1.097022583114228,0.6153846153846154,18.76923076923077,26,15.52722,0.015837764400000003,0.34247779650516885,0.1121744842562109,0.4171717043901715,0.47972371775275136,0.032578440092450534,1
V9_allz,S7_h10_tr12_t1,0.21135075956037785,0.21898981544862894,0.7465749352619566,-0.33565242373244697,0.1998403716946484,0.48,9.76,25,30.5864,0.031198128000000002,0.5598188484323303,-0.22340292221893232,0.4162525968267601,-0.1528062335892637,0.020353066128226165,1
V1_allz,B0_daily_top1,0.6755113500000023,0.7041054615927957,1.6528304618996246,-0.17121166481405836,0.6652571000233851,0.49137931034482757,1.043103448275862,232,313.5575,0.31982865,0.5179929044000027,0.10376757700475636,0.5214659553030347,0.09450828933711541,0.02699931516927713,3
V1_allz,S1_h5_sl8_t1,0.7476560740000016,0.7799399339294222,1.812705586019722,-0.13782634473416433,0.7702722037811445,0.5510204081632653,4.959183673469388,49,63.6313,0.064903926,0.44877666280000117,0.20629778134496335,0.46041794839521577,0.2121682054965246,0.019543322626993178,2
V1_allz,S2_h5_sl8_t2,0.397291528,0.4127019183709464,1.536844877165127,-0.1549219458256491,0.8522294307115281,0.5612244897959183,4.948979591836735,98,61.2436,0.06246847199999999,0.4638642800000006,-0.045477407236140244,1.123519174573329,-0.12775478889485925,0.03100583755851769,2
V1_allz,S3_nr3_t1,0.44990042239999983,0.46766843044722495,1.2755251843664583,-0.31323957905733935,0.4711067662645261,0.5125,3.025,80,79.23488,0.0808195776,-0.07144440800000074,0.5614578544264495,-0.06345932875783766,0.5707879128338891,0.028669505217161172,3
V1_allz,S4_re300_t2,0.9724247264000005,1.0168452830710417,2.6006648102989276,-0.11332428250822268,2.87295292050265,0.5625,7.59375,64,44.77968,0.0456752736,0.49623502239999984,0.3182586270679453,1.0563710911855182,0.8833920283667551,0.0390239187965409,2
V1_allz,S5_re300_sl8_tr15_t2,0.8248904707999984,0.8612381446601731,2.4144858736921453,-0.08811016768813051,2.212399166707611,0.5714285714285714,7.714285714285714,63,43.30346,0.04416952919999999,0.4914848799999989,0.22353937024155401,1.0398430342580123,0.5748266473239261,0.035194492305203454,2
V1_allz,S6_h20_tr20_t2,0.5168533832,0.537716171768952,1.5156351203389598,-0.20539136953439097,1.2667219766755662,0.5384615384615384,18.653846153846153,26,16.88884,0.0172266168,0.6050898812000001,-0.05497293268962089,1.0259681878792275,0.11883394331495323,0.040982142189364495,2
V1_allz,S7_h10_tr12_t1,0.6294051884000003,0.655697025146921,1.5818267097716703,-0.18631264840003792,0.6569110325658205,0.64,9.72,25,30.66158,0.0312748116,0.3655527700000001,0.1932202286111595,0.40120174019046106,0.18249284527765575,0.02508723485996169,2
V5_allz,S4_re300_t2,-0.22154586728708736,-0.22791182968165724,-0.9851077406635492,-0.303912148459041,-0.44115608732670275,0.4117647058823529,7.176470588235294,68,29.42122,0.030186694400000002,-0.06294050755256275,-0.1692585807121757,-0.16985834367879493,-0.32680897480819204,0.04538327275005686,1
V5_allz,S5_re300_sl8_tr15_t2,-0.17296567860039003,-0.1780992317200507,-0.6810271770434174,-0.32009176232886793,-0.3607976460428285,0.42857142857142855,6.9714285714285715,70,30.12922,0.030971594399999993,-0.06294050755256275,-0.11741535295743133,-0.16985834367879493,-0.23000809670265987,0.04413209347801458,1
V5_allz,S6_h20_tr20_t2,-0.23300177234312047,-0.23964373915067327,-1.1135963029718923,-0.28540881074753166,-0.45513313196870886,0.23076923076923078,18.76923076923077,26,11.2474,0.011552748,-0.070015078331637,-0.17525735118273789,-0.30687564895494557,-0.21389738044873008,0.037402784374732934,1
V5_allz,S7_h10_tr12_t1,0.16628631959104023,0.17218326090555158,0.646309246991183,-0.19984987873893845,0.15022151598036215,0.5833333333333334,10.166666666666666,24,23.40514,0.0238732428,0.016298003241953518,0.14758300800614577,-0.08837171824845214,0.26172206260472275,0.022342668103544787,1
V5_allz,S8_re300_sl8_tp40_t2,-0.17296567860039003,-0.1780992317200507,-0.6810271770434174,-0.32009176232886793,-0.3607976460428285,0.42857142857142855,6.9714285714285715,70,30.12922,0.030971594399999993,-0.06294050755256275,-0.11741535295743133,-0.16985834367879493,-0.23000809670265987,0.04413209347801458,1
V5_allz,S9_rat20_10_sl8_t2,-0.050240308805575284,-0.05184408702856269,-0.0946923320457464,-0.22942259478562987,-0.14575317766992613,0.5576923076923077,9.384615384615385,52,22.25972,0.022820074399999994,-0.08810250987439772,0.041520238271088195,-0.3031932938316021,0.22594517929858648,0.04950419346970271,1
V5_allz,S10_re300_sl8_q0.3_t2,0.035944062981637215,0.03714418209895909,0.2736380757420286,-0.2881708862521508,-0.0037257099817319395,0.4492753623188406,6.6231884057971016,69,32.00158,0.032683981599999995,-0.006983447449874558,0.043229400679445584,-0.05345028501489091,0.05253244942759383,0.09714269139517992,3
V6_allz,B0_daily_top1,0.09266986662211019,0.0958494643899277,0.45818216816125684,-0.3868389001740342,0.07475572058310198,0.49794238683127573,1.0,243,254.67814,0.2597717028,0.16264766852152746,-0.060188313101254165,0.1314306880904006,-0.05009141797537242,0.025934913860521602,2
V12_allz,S2_h5_sl8_t2,0.07032851264167683,0.07271627186429419,0.38465626230256184,-0.4317592389945364,0.04385524193337642,0.47,4.88,100,53.27634,0.05437490680000001,0.3682988867504722,-0.21776702224499622,0.6831995982637025,-0.37983870539764775,0.03879018704658205,1
V12_allz,S3_nr3_t1,-0.1528633317580742,-0.15745850384096138,-0.2686963504972349,-0.5127087355378623,-0.15961877888787068,0.45,3.0375,80,75.87706,0.0773946012,0.04259665099577847,-0.1874742092900159,0.06378558309498317,-0.21000882652769204,0.026122637202704118,2
V12_allz,S4_re300_t2,-0.005529493322598222,-0.005710269591971073,0.13473753849791878,-0.3459668051594431,-0.11433093928780724,0.4827586206896552,8.413793103448276,58,28.69204,0.0292678008,0.14776929943157202,-0.13356237427686102,0.2527620142578306,-0.2930268872840257,0.05224278770239388,1
V12_allz,S5_re300_sl8_tr15_t2,0.3855771985452372,0.40047176780591065,1.1957149310917374,-0.32015157602504996,0.9511953837245715,0.5974025974025974,6.337662337662338,77,40.61612,0.0414824324,0.3011563354433848,0.06488141417156013,0.7074800068770037,0.14273395639538156,0.04049482778545301,1
V12_allz,S6_h20_tr20_t2,0.17531659091971719,0.18155794911302459,0.6884865436558969,-0.18259887430439958,0.21778223443392974,0.5384615384615384,18.76923076923077,26,13.90572,0.014183834399999998,0.2974307640214364,-0.09411999197800813,0.20817321749191886,0.007953343777937993,0.03635456525019437,1
V12_allz,S7_h10_tr12_t1,-0.12580777465009252,-0.12965304707583625,-0.13814907233266935,-0.4976617732616917,-0.1395744642615211,0.52,9.76,25,27.92612,0.0284846424,0.505565416981691,-0.4193595206892706,0.34055295209606173,-0.358156248588961,0.016406461798417548,1
V12_allz,S8_re300_sl8_tp40_t2,0.3855771985452372,0.40047176780591065,1.1957149310917374,-0.32015157602504996,0.9511953837245715,0.5974025974025974,6.337662337662338,77,40.61612,0.0414824324,0.3011563354433848,0.06488141417156013,0.7074800068770037,0.14273395639538156,0.04049482778545301,1
V12_allz,S9_rat20_10_sl8_t2,0.1348552160708545,0.13957203884192548,0.5478785984171856,-0.36997050488468186,0.18687980665033055,0.5272727272727272,8.872727272727273,55,31.5357,0.032166414000000004,0.4959367056023749,-0.2413748443896384,1.116915141133401,-0.4393351988521974,0.033001106619208846,1
V2_allz,S5_re300_sl8_tr15_t2,-0.019217743343760696,-0.019841541216339742,0.017212839614447115,-0.18018252110947164,-0.11354481017310414,0.4657534246575342,6.684931506849315,73,36.6361,0.037368822,0.1456441157064463,-0.1439032041364322,0.22588370578898243,-0.27688476024210573,0.032475010774568984,1
V2_allz,S6_h20_tr20_t2,0.3542771160430429,0.3678101433044241,1.384151530709074,-0.16127772112069005,0.7333356979392964,0.5769230769230769,18.76923076923077,26,15.42736,0.0157359072,0.25995312343323085,0.07486309677362413,0.5294459445956148,0.1333095517786278,0.01643260915484372,1
V2_allz,S7_h10_tr12_t1,-0.48483173368310295,-0.4959137961989728,-2.0247445530564523,-0.48680360384678,-0.5022298235364936,0.32,9.76,25,19.49798,0.0198879396,-0.14447826042695255,-0.39783147232004346,-0.2260370594125798,-0.3568552829083649,0.01632404601206362,1
V2_allz,S8_re300_sl8_tp40_t2,-0.019217743343760696,-0.019841541216339742,0.017212839614447115,-0.18018252110947164,-0.11354481017310414,0.4657534246575342,6.684931506849315,73,36.6361,0.037368822,0.1456441157064463,-0.1439032041364322,0.22588370578898243,-0.27688476024210573,0.032475010774568984,1
V2_allz,S9_rat20_10_sl8_t2,-0.12090282528749985,-0.12460909921088448,-0.512744223709325,-0.23692440728696496,-0.2660793911396614,0.4117647058823529,9.568627450980392,51,23.69094,0.024167818800000004,0.027166107339423595,-0.14415286054409726,-0.001825909698216277,-0.2647368670544755,0.017880114585566053,1
V2_allz,S10_re300_sl8_q0.3_t2,-0.006115562914210559,-0.006315438702681253,0.07695459830629627,-0.16955438509038023,-0.06168868430645369,0.4852941176470588,6.852941176470588,68,34.83696,0.0355336992,0.15093337882666158,-0.1364535468603565,0.2171172734310669,-0.22907074266686256,0.06705781561024232,5
V3_allz,B0_daily_top1,-0.37671556150576757,-0.38630202991879303,-1.0638107617317918,-0.5207943181892052,-0.4122283364311199,0.448559670781893,1.0,243,228.56278,0.23313403559999998,0.2970506888320765,-0.5194602309216878,0.24599335449210136,-0.5282706272470683,0.019354441780245774,2
V3_allz,S1_h5_sl8_t1,-0.07929410909687518,-0.08178462889275517,0.050663869224430745,-0.3156570185704689,-0.12338536912242193,0.5098039215686274,4.784313725490196,51,42.35358,0.043200651599999994,0.045278641521758534,-0.11917659623971255,-0.06753843946850446,-0.05989193766023482,0.017248569008692448,1
V3_allz,S10_re300_sl8_q0.3_t2,0.41792273733608254,0.4342497474206801,1.322127381262519,-0.20733244296455766,0.7458108748567056,0.5730337078651685,4.977528089887641,89,54.6988,0.055792776,0.5425713344545025,-0.08080572634425276,1.2980306094716534,-0.24030129639653097,0.11243363095749788,4
V4_allz,B0_daily_top1,-0.07392243022696166,-0.07625130807643676,0.07294634861152753,-0.39343589053252304,-0.09112110753339708,0.4793388429752066,1.0041322314049588,242,245.85832,0.2507754864,0.18945865360727443,-0.22142937296347265,0.16333752867917295,-0.21873156323038723,0.023069152067862527,2
V4_allz,S1_h5_sl8_t1,0.36610129146263626,0.3801457876886578,0.9803920444724982,-0.29029664914618536,0.3756352544332411,0.5714285714285714,4.959183673469388,49,66.722,0.06805644,0.6936846110304207,-0.19341459291437013,0.7002431752019265,-0.19091852595152148,0.02195746038354472,2
V4_allz,S2_h5_sl8_t2,0.3613589826969801,0.37519792247617945,1.0878660924056198,-0.3659564033715289,0.6337528948323765,0.5050505050505051,4.909090909090909,99,61.75968,0.0630258736,0.6782100736351087,-0.18880299666644784,1.7068702102891096,-0.3964421017962729,0.03726098950597729,2
V4_allz,S3_nr3_t1,0.1672513961116493,0.17318503244177408,0.5797348582258528,-0.42381899753777097,0.1479421585835219,0.5,3.0375,80,96.97954,0.0989191308,0.6101935545634809,-0.27508628214072783,0.5893236274837277,-0.27771654637703724,0.02221583560331363,2
V4_allz,S4_re300_t2,0.6081283543721305,0.6333728139668029,1.6607079807975327,-0.2184518675589635,1.3444694548738743,0.4777777777777778,5.4222222222222225,90,53.86044,0.05497662879999999,0.26642700401287733,0.2698152750032319,0.4850095978777609,0.578757105829063,0.03949473390279048,1
V4_allz,S5_re300_sl8_tr15_t2,0.23609155424349848,0.2447114734870628,0.7989846136846217,-0.2939001842225081,0.3203107651563477,0.44329896907216493,5.030927835051546,97,54.36578,0.05545309560000001,0.3321229258714937,-0.0720889714927545,0.6853397156566394,-0.21659072477151575,0.03213207789967773,1
V4_allz,S6_h20_tr20_t2,0.41079681390666356,0.42680605805287986,1.2485391170953224,-0.19582263841075453,1.026233428593085,0.5769230769230769,18.76923076923077,26,15.6333,0.015976966,0.5272879864837647,-0.07627321998734216,0.7349705823961452,0.16787768573844053,0.03473211137576091,1
V10_allz,S5_re300_sl8_tr15_t2,0.5220450444594731,0.5431521033296423,1.710099880649783,-0.14046055030343219,1.2334376293089129,0.7027027027027027,6.594594594594595,74,45.83964,0.04675643279999999,0.45077532182943214,0.04912526533755157,1.019878989868979,0.10572843250069508,0.03990039369703375,1
V10_allz,S6_h20_tr20_t2,0.17858749893294745,0.18495419402169988,0.6898206129991203,-0.27385722749840424,0.31247103620780003,0.46153846153846156,18.76923076923077,26,14.1761,0.014459622000000002,0.20461021871557894,-0.02160260587061802,0.11304895206745824,0.17916739759731204,0.038363442648551245,1
V10_allz,S7_h10_tr12_t1,0.23693981550658205,0.24559366583759235,0.7837740935566041,-0.2404015920021979,0.22165225080807716,0.52,9.76,25,30.04754,0.030648490800000004,0.45975214640328943,-0.15263709763722455,0.322181775123773,-0.07603305854543707,0.022338631384847814,1
V10_allz,S8_re300_sl8_tp40_t2,0.5220450444594731,0.5431521033296423,1.710099880649783,-0.14046055030343219,1.2334376293089129,0.7027027027027027,6.594594594594595,74,45.83964,0.04675643279999999,0.45077532182943214,0.04912526533755157,1.019878989868979,0.10572843250069508,0.03990039369703375,1
V10_allz,S9_rat20_10_sl8_t2,0.07828762442615189,0.08095567789262303,0.4092096516278847,-0.2299773093385873,0.091580679955654,0.49019607843137253,9.568627450980392,51,27.1542,0.027697284000000003,0.24346556942186526,-0.13283676609760164,0.31895964181390823,-0.17239266058630143,0.030875841451920846,1
V10_allz,S10_re300_sl8_q0.3_t2,0.4041496033216041,0.41986353982139923,1.4053512182513228,-0.23465650917398362,0.8174783218247053,0.625,7.015625,64,34.88286,0.0355805172,0.19858629984158616,0.17150479986896716,0.3711719154014037,0.32549266901564855,0.11896637833918618,9
V12_allz,B0_daily_top1,0.06749004670139924,0.06977832945731732,0.36453584916394954,-0.4117616146533192,0.054909095637919236,0.5020576131687243,1.0,243,191.5812,0.195412824,-0.18513350821245678,0.3100183373103067,-0.19639034951843315,0.3127133241938551,0.031094277669567627,2
V12_allz,S1_h5_sl8_t1,0.18661945162975635,0.19329523008548444,0.6283767878326366,-0.5175276972967692,0.17767492579754451,0.5098039215686274,4.784313725490196,51,64.74572,0.0660406344,0.68604715735052,-0.296212180984055,0.6038795742084189,-0.26573357206149606,0.02114121249440345,1
V8_allz,S3_nr3_t1,0.17049959464996967,0.17655693632566494,0.6207441416720298,-0.4105136078013796,0.1385478100601636,0.5063291139240507,3.088607594936709,79,84.33754,0.08602429080000001,0.22086318105875802,-0.04125244105167769,0.18263683540163722,-0.03728027406359313,0.021728881051131216,1
V8_allz,S4_re300_t2,0.5399666967422765,0.561921637644895,1.7300749434662792,-0.18523061605874747,1.370015643617462,0.6206896551724138,8.413793103448276,58,35.09978,0.0358017756,0.3251989972994651,0.162064489846786,0.749727398645063,0.35450564782418725,0.043529483835574534,1
V8_allz,S5_re300_sl8_tr15_t2,0.36035505318269356,0.37415054982071627,1.309072297166272,-0.21083830774043844,0.8402561011243761,0.603448275862069,8.413793103448276,58,33.50302,0.0341730804,0.30095482483774383,0.0456589477289171,0.4721865858400016,0.2500155339170955,0.04156511806860476,1
V8_allz,S6_h20_tr20_t2,0.4312027950299824,0.44812527059104723,1.4101530202872659,-0.16817492351871266,1.0274878021271872,0.6538461538461539,18.76923076923077,26,15.72726,0.0160418052,0.3079056947811776,0.09427063490952436,0.5775557638542002,0.28520832580506505,0.038496920479333716,1
V8_allz,S7_h10_tr12_t1,0.1972505493304073,0.20433827560957996,0.7342470266090755,-0.3529256188938861,0.18833060294517767,0.44,9.76,25,28.2932,0.028859063999999997,0.31190241530542107,-0.08739359317996276,0.2231974210122334,-0.028504653025022253,0.022563506775195984,1
V8_allz,S8_re300_sl8_tp40_t2,0.36035505318269356,0.37415054982071627,1.309072297166272,-0.21083830774043844,0.8402561011243761,0.603448275862069,8.413793103448276,58,33.50302,0.0341730804,0.30095482483774383,0.0456589477289171,0.4721865858400016,0.2500155339170955,0.04156511806860476,1
V8_allz,S9_rat20_10_sl8_t2,0.31831569211318134,0.3303149895160924,1.0554227264498326,-0.23193778168845847,0.7223551041902054,0.56,9.76,50,28.00628,0.028566405600000004,0.30412731663748627,0.010879593805516397,0.5214943715607745,0.13201542929362553,0.03828543442415204,1
V8_allz,S10_re300_sl8_q0.3_t2,0.2921086064684082,0.3030112561459888,1.0990764005726406,-0.2045904722500892,0.7147528497648865,0.625,8.125,56,31.66882,0.032302196400000004,0.32641205276126106,-0.025861832468607848,0.8283639089213253,-0.06213809986189578,0.10407011795383228,7
V12_allz,S10_re300_sl8_q0.3_t2,0.2830639537244519,0.29359232097290966,0.9729668648765784,-0.2842269772973156,0.5006245949318917,0.5915492957746479,6.352112676056338,71,37.043,0.03778386,0.20967114364231643,0.060671704427990525,0.3564480581077101,0.1062897587286249,0.11381370429516957,8
V13_allz,B0_daily_top1,-0.17349954573562565,-0.1786471744356528,-0.1876468044298369,-0.530878349905242,-0.18591178992731805,0.4897119341563786,1.0,243,234.62378,0.2393162556,0.1705808823497712,-0.2939399005002592,0.15006330365889609,-0.2921361741717323,0.02116999434898859,2
V13_allz,S1_h5_sl8_t1,1.5953918298421104,1.6778321858602347,2.1138803793807934,-0.42270822510510564,1.5852697713968396,0.48,4.88,50,95.99388,0.09791375760000003,1.458773168992968,0.05556375129353608,1.6837198652205103,-0.036684191632489926,0.011675840027814967,1
V13_allz,S2_h5_sl8_t2,0.2786178311448706,0.28896300769291283,0.8453605303055272,-0.41758977373612904,0.4496643616182585,0.43564356435643564,4.8316831683168315,101,62.59986,0.0638518572,0.6608812316756443,-0.23015697524928513,1.668205059894742,-0.45668929895686283,0.0260422189732131,1
V13_allz,S3_nr3_t1,0.5503769925314708,0.572827743733495,1.154311052367098,-0.2345540314356097,0.5504266684175487,0.5125,3.05,80,98.89474,0.10087263480000001,0.26900060133830506,0.22173069965169745,0.24093235965377668,0.24940465639087894,0.015984394475909765,1
V13_allz,S4_re300_t2,0.12223503189813711,0.1264862994285132,0.5141910475417614,-0.26944165304189116,0.1466153562573207,0.5245901639344263,7.983606557377049,61,32.01908,0.0326594616,0.15259271071662805,-0.026338600388697064,0.3230517897702383,-0.1333556515905986,0.046761041068898085,1
V13_allz,S5_re300_sl8_tr15_t2,0.36863078701612184,0.38278515523181844,1.1071330794377714,-0.33377430524253215,0.7395778810799871,0.5616438356164384,6.671232876712328,73,43.88246,0.04476010920000001,0.2808184778995677,0.06855952707721547,0.6853621854484191,0.03216857248825944,0.041646030255486424,1
V13_allz,S6_h20_tr20_t2,2.6463559476770464,2.8043517910392444,3.1909900408801786,-0.2449271866770285,8.475936368109114,0.6153846153846154,18.76923076923077,26,25.77614,0.0262916628,0.9606871862669915,0.8597336552290369,2.0223860659734525,2.135250150465836,0.01857620524335281,1
V15_allz,S1_h5_sl8_t1,-0.23675006326996584,-0.2434810936576377,-0.1834765376366243,-0.5247546317705372,-0.25741905130173937,0.4423076923076923,4.6923076923076925,52,54.85838,0.05595554760000001,0.33436308665574965,-0.428004308300426,0.18955343241550282,-0.3757481350035884,0.03063144132182686,1
V15_allz,S2_h5_sl8_t2,0.14028691681600503,0.14520558553270968,0.5226561617303433,-0.4170267419168624,-0.01604602374136621,0.47058823529411764,4.7745098039215685,102,66.32722,0.0676724744,0.6302265692172373,-0.3005346996868534,1.089349621160057,-0.5290620744878882,0.04519051220014353,1
V15_allz,S3_nr3_t1,1.0462252532642315,1.0948292770852253,1.593728715835025,-0.3774038484460134,1.0497398319241142,0.47435897435897434,3.1153846153846154,78,110.48868,0.1126984536,0.4884701663969284,0.37471700774321604,0.465043501154504,0.39909827271944476,0.026240147577889804,2
V15_allz,S4_re300_t2,0.6987115146412222,0.7284807077110442,1.5927695370826447,-0.22653729198024863,1.3561837804824735,0.6136363636363636,11.090909090909092,44,26.62892,0.027161498399999994,0.30743542591556694,0.29926991495710187,0.6960015297635338,0.3892580514423156,0.07347885367398195,1
V15_allz,S5_re300_sl8_tr15_t2,0.004309010643483546,0.004450603611487747,0.20535638799138886,-0.2865831031182219,-0.19083078009604038,0.44642857142857145,8.714285714285714,56,27.98512,0.028594602400000002,0.22353696111512678,-0.179175584750492,0.2723140746398591,-0.36401770912343057,0.06385159157027014,1
V15_allz,S6_h20_tr20_t2,0.6191914426615084,0.6449792952178213,1.3095127361770527,-0.25760869977342116,0.9568318586582778,0.5,18.76923076923077,26,15.33064,0.015653952800000002,0.03717819043257786,0.5611506851934369,0.2632190538124286,0.5490835518610235,0.056224862597380715,1
V15_allz,S7_h10_tr12_t1,-0.27883952204076135,-0.2865275192260892,-0.3652424061343112,-0.5338268617762325,-0.2996734113211873,0.4642857142857143,8.714285714285714,28,24.4172,0.02490554399999999,0.14046622939577458,-0.36766169889895595,0.022650595520854466,-0.31518488157519353,0.020988597231323815,1
V15_allz,S8_re300_sl8_tp40_t2,-0.044805952149160166,-0.04624050754704245,0.0752213431563105,-0.3267478428490659,-0.27972504077947613,0.46296296296296297,9.037037037037036,54,26.03544,0.026609578799999995,0.22419410898380954,-0.21973644470178322,0.2150755359519061,-0.40721795649004555,0.06145480033194504,1
V4_allz,S7_h10_tr12_t1,-0.042411469601567164,-0.0437711300347412,0.10838719862413516,-0.37747901654708116,-0.059742577820861786,0.34615384615384615,9.384615384615385,26,27.29302,0.027838880400000002,0.21595548663164732,-0.21248060399721103,0.14180278516725386,-0.17651503885462394,0.014768876551810134,1
V4_allz,S8_re300_sl8_tp40_t2,0.23609155424349848,0.2447114734870628,0.7989846136846217,-0.2939001842225081,0.3203107651563477,0.44329896907216493,5.030927835051546,97,54.36578,0.05545309560000001,0.3321229258714937,-0.0720889714927545,0.6853397156566394,-0.21659072477151575,0.03213207789967773,1
V4_allz,S9_rat20_10_sl8_t2,-0.15164837028199352,-0.15621048469742926,-0.4140585922742257,-0.23382645214043596,-0.351150625464721,0.45454545454545453,8.872727272727273,55,25.29014,0.025884682799999996,0.005048444912610028,-0.1559097135941825,-0.06318956761899308,-0.3073845549668388,0.04079824190000523,1
V4_allz,S10_re300_sl8_q0.3_t2,0.2673438794452774,0.27722691253982035,0.8682515524250662,-0.2704603879447186,0.4897008533485243,0.46153846153846156,5.054945054945055,91,49.87858,0.0509151316,0.22986274893547032,0.03047586451597839,0.4307899266444428,0.041173708038497514,0.09018239940380188,9
V5_allz,B0_daily_top1,-0.3131534886121423,-0.3215609547165087,-1.149655861147538,-0.3760656562178528,-0.3357581406928447,0.43209876543209874,1.0,243,192.52452,0.1963750104,-0.1857493516054557,-0.15646795892381382,-0.21434128435792088,-0.1545414744564957,0.028571984849821427,2
V5_allz,S1_h5_sl8_t1,-0.2354985478773225,-0.24219990942043834,-0.956512988524157,-0.31010955304315,-0.25544032150515017,0.3829787234042553,5.191489361702128,47,38.30532,0.0390714264,-0.15336669901308264,-0.09700994370112614,-0.20307091323640147,-0.06571401287588363,0.024636870520302508,1
V5_allz,S2_h5_sl8_t2,-0.08074237298918052,-0.08327629234635714,-0.2587904861107519,-0.22047963774093726,-0.21536067513578405,0.40625,5.083333333333333,96,41.15286,0.04217664720000001,0.01652150198436453,-0.0956830473174205,-0.08973656709969491,-0.138008518738166,0.05103352665995402,1
V5_allz,S3_nr3_t1,-0.10881395848079711,-0.11217372343799903,-0.17266430927758797,-0.31326766735791056,-0.13010816241826229,0.4074074074074074,3.0,81,81.01734,0.0826376868,0.04861237535654794,-0.1501282433213862,0.02594853163848576,-0.1521096714349972,0.025010148400241045,2
V11_allz,B0_daily_top1,-0.030539017639861887,-0.03152434873569343,0.10309196821295434,-0.2609810672349948,0.003102470351850739,0.4609053497942387,1.0,243,228.30678,0.23287291559999998,-0.05429616368325385,0.025121126859249276,-0.030304549075673703,0.03445104274303934,0.026376024429589355,2
V11_allz,S1_h5_sl8_t1,0.07002045204209106,0.0723974026475005,0.3732378171415889,-0.3134152095915054,0.09754512131920334,0.5306122448979592,4.979591836734694,49,49.91892,0.0509172984,0.03845490191502998,0.030396649935254594,0.07949236067988741,0.016723379707796804,0.02029139128791727,1
V11_allz,S2_h5_sl8_t2,0.3160441145924109,0.327947647178626,1.0781469076540642,-0.20047701483787117,0.6135183411687668,0.5050505050505051,4.91919191919192,99,57.97282,0.0591322764,0.3091784148001233,0.00524428123368903,0.6681755346750393,-0.03276465358120628,0.036096375103451955,1
V11_allz,S3_nr3_t1,0.2922256232521896,0.30313312947232807,0.8750367513505803,-0.25443584833093424,0.3287994845042048,0.5,3.0375,80,83.75392,0.0854289984,0.033242669145039816,0.25065065723761193,0.027827740440097948,0.2928231377908086,0.022626030781879875,2
V11_allz,S4_re300_t2,0.7694704705353461,0.8028904151760285,2.1654070832205,-0.1350920161334176,2.1092238686637383,0.5952380952380952,5.809523809523809,84,57.19078,0.05833459560000001,0.3668477287309315,0.2945629811875503,0.7477455580473651,0.7789911433890062,0.032838802653416196,1
V11_allz,S5_re300_sl8_tr15_t2,0.4960444593089197,0.5159343200337534,1.62329438701991,-0.1388697986766564,1.1940138996347347,0.5568181818181818,5.545454545454546,88,52.91892,0.0539772984,0.21422502008381983,0.23209819807999477,0.3701662402973107,0.6012756956839473,0.03105536116502199,1
V11_allz,S6_h20_tr20_t2,-0.13930215299158122,-0.14352503187679477,-0.3405242121434538,-0.42356163161225135,-0.2851428934827147,0.5,18.76923076923077,26,12.96356,0.0132781312,0.09804015680478728,-0.21615084687523267,-0.06349328451975866,-0.23667700967770822,0.044348335162555146,1
V11_allz,S7_h10_tr12_t1,0.0816721573471153,0.0844600083017879,0.4057948343432477,-0.2577160490066105,0.12279966904903628,0.6,9.76,25,27.31698,0.0278633196,0.20631514363921077,-0.10332539299479637,0.14664022842182312,-0.020791664884808214,0.02008060083500047,1
V14_allz,S4_re300_t2,0.12944245886640715,0.13395901900893858,0.5562527691472968,-0.2863704152171561,0.21666637536513633,0.49206349206349204,7.746031746031746,63,32.70532,0.03336222640000001,0.2875789270289597,-0.12281691230179326,0.5597568521498939,-0.21996407729310996,0.051053426170108475,1
V14_allz,S5_re300_sl8_tr15_t2,0.12799500496906235,0.1324581611079001,0.5308880192805369,-0.25008808108025915,0.20471088760258138,0.5555555555555556,6.0246913580246915,81,45.26526,0.04617336520000001,0.3303768891302843,-0.1521237220931625,0.6577652365315649,-0.27329222434225964,0.03885409476676371,1
V14_allz,S6_h20_tr20_t2,0.0006460141884476744,0.0006672020458997618,0.1497159341236018,-0.2736049755433638,-0.14644725811785664,0.46153846153846156,18.76923076923077,26,11.69494,0.012066558800000002,0.016703560768977166,-0.01579373496870984,-0.1988162399344786,0.06536450740381872,0.06976540986997865,1
V14_allz,S7_h10_tr12_t1,0.05263769515129613,0.05440965609119086,0.33561074744384095,-0.3295645257384737,0.04556849005826891,0.48,9.76,25,23.52296,0.023993419200000005,0.1542232861319479,-0.0880120789462554,0.009718096923491126,0.035505348714666374,0.028644894929330648,1
V14_allz,S8_re300_sl8_tp40_t2,0.12799500496906235,0.1324581611079001,0.5308880192805369,-0.25008808108025915,0.20471088760258138,0.5555555555555556,6.0246913580246915,81,45.26526,0.04617336520000001,0.3303768891302843,-0.1521237220931625,0.6577652365315649,-0.27329222434225964,0.03885409476676371,1
V14_allz,S9_rat20_10_sl8_t2,-0.03794235382342004,-0.03916168742171511,0.09491823100608447,-0.44382568942072476,-0.19668972749948643,0.38596491228070173,8.56140350877193,57,27.45322,0.028093164400000002,0.29015855944615376,-0.25431053483102317,0.4709661151253761,-0.45388934235779876,0.0455444538237192,1
V14_allz,S10_re300_sl8_q0.3_t2,-0.039496721940425306,-0.040764941307324776,0.038366524768024185,-0.3529711663521423,-0.15201850047051046,0.5138888888888888,6.416666666666667,72,37.35548,0.038111489600000006,0.23325483594393837,-0.2211639881189672,0.3039031631460112,-0.3496591437944593,0.09953369059644249,5
V15_allz,B0_daily_top1,1.2624868783574175,1.3238700664965228,1.748763692713744,-0.388385425926672,1.2165526584818478,0.5102880658436214,1.0,243,415.52242,0.4238328684,1.583895630448613,-0.1243892161524307,1.534549888139364,-0.12546497156974923,0.022642506426821994,2
V9_allz,S8_re300_sl8_tp40_t2,0.6145150462727151,0.6400728869308345,1.8349713671445187,-0.19585315599893605,1.4596749714642119,0.6557377049180327,8.0,61,34.8458,0.035542716,0.27117681240245184,0.27009478974162104,0.6273776521916692,0.5114346495735929,0.04202308991860657,1
V9_allz,S9_rat20_10_sl8_t2,0.21050365217229983,0.218109426940158,0.7859794075731624,-0.2942557052329341,0.4043208130941629,0.5,9.384615384615385,52,28.38208,0.028949721600000002,0.28526134315411666,-0.05816536176086706,0.4275703238855926,-0.016286070396973384,0.03503725785675789,1
V9_allz,S10_re300_sl8_q0.3_t2,0.020345401892032378,0.02101942704496551,0.20628409917629797,-0.2975912509304668,0.007742166539545847,0.49056603773584906,8.81132075471698,53,27.04802,0.027588980400000004,0.207649148558261,-0.15509781701898995,0.39286695195057053,-0.2764978987201152,0.07757583788939203,4
V10_allz,B0_daily_top1,0.0618528970524892,0.06394438113441181,0.35030278941020776,-0.27143326917932753,0.02536724653010025,0.49794238683127573,1.0,243,245.95184,0.25087087680000003,0.13942822749871664,-0.06808268267718931,0.0960329174167851,-0.06447404066406615,0.0256254519834962,2
V10_allz,S1_h5_sl8_t1,0.3130932627313938,0.32487259384197875,0.97507815443827,-0.2702484035724204,0.28919763241487306,0.5,4.88,50,57.86216,0.059019403200000015,0.2677651709596498,0.0357543280175725,0.24961770102526915,0.031673632149360476,0.017042663554314618,1
V10_allz,S2_h5_sl8_t2,0.4588820163018337,0.47705912940979944,1.4133834764251092,-0.26087139147960736,1.012658370541816,0.5050505050505051,4.929292929292929,99,58.9311,0.06010972199999999,0.32533216923708164,0.10076707572987509,0.6630538010749756,0.2102184362531514,0.030813406202239428,1
V10_allz,S3_nr3_t1,0.06525363635704817,0.06746372256172517,0.3584616761325392,-0.25481905381865644,0.041847059311505896,0.4810126582278481,3.0759493670886076,79,79.65406,0.0812471412,0.07028877779656195,-0.004704469993490612,0.04755456632710686,-0.005448410229942913,0.02595233083982661,2
V10_allz,S4_re300_t2,0.43574043938241425,0.4528673483841408,1.4868516976450565,-0.1945104947313917,0.9654930939875266,0.6666666666666666,8.133333333333333,60,35.74972,0.0364647144,0.4407017032034899,-0.003443644031268067,0.9841911916723247,-0.009423536281823464,0.037222847355380353,1
V7_allz,S6_h20_tr20_t2,0.09518052371288088,0.09845008137333866,0.4759411462170596,-0.20823451554161176,0.14349059591267221,0.5,18.76923076923077,26,12.83616,0.0130928832,0.151807286020891,-0.049163399984763934,0.11680382202733042,0.023895668477295517,0.05829518868652818,1
V7_allz,S7_h10_tr12_t1,-0.041027702202994565,-0.0423439886238991,0.03369306827749424,-0.3440807554525993,-0.03881461950037057,0.52,9.76,25,24.35246,0.0248395092,0.006078199294434539,-0.04682131223046637,-0.07061982442590131,0.03422195325597954,0.03185844265653611,1
V7_allz,S8_re300_sl8_tp40_t2,0.3096178046121296,0.3212511441470791,1.2784311676723301,-0.23570307112333266,0.7366190608012155,0.5903614457831325,5.879518072289157,83,43.5802,0.044499204,0.14239777037312984,0.14637636607464954,0.2833945032356264,0.3531451602940039,0.05863429132480197,1
V7_allz,S9_rat20_10_sl8_t2,0.3657102074769374,0.37973773074625816,1.261151002231375,-0.24094721100714467,0.6759152920212854,0.5283018867924528,9.20754716981132,53,29.35722,0.029944364399999996,0.3400780344411365,0.019127373464106423,0.5745821010459979,0.06435560959823672,0.05009012157527816,1
V7_allz,S10_re300_sl8_q0.3_t2,0.13409824364898726,0.13878700686293421,0.6775434652223963,-0.20107042049777735,0.24226016816666474,0.6081081081081081,5.986486486486487,74,34.82576,0.035581225200000004,-0.01948662516150479,0.15663719919760277,-0.07058423337415398,0.3366032864673363,0.13793469683350432,12
V8_allz,B0_daily_top1,0.08929850573976972,0.09235761179795654,0.43425687049747047,-0.3756895786551374,0.07050145232715455,0.5432098765432098,1.0,243,239.67326,0.2444667252,0.17035406417060917,-0.06925729649879908,0.14370015522468615,-0.06400165512188061,0.027986796143499294,2
V8_allz,S1_h5_sl8_t1,0.12476299821531223,0.12910713705890897,0.5105433786367758,-0.5125782936868964,0.11462007810591546,0.46938775510204084,4.979591836734694,49,66.00516,0.06732526320000001,0.7500470155844488,-0.35729555366277743,0.726241273499139,-0.35430805923985953,0.019236693594678556,1
V8_allz,S2_h5_sl8_t2,0.11187198730571901,0.11574456952610146,0.5174521768077307,-0.34463894453853416,0.21242202209703764,0.46938775510204084,4.969387755102041,98,56.27322,0.05739868440000001,0.38871903277632014,-0.19935425304651344,1.0003480230591428,-0.3938944583038734,0.03935468249457782,1
V13_allz,S7_h10_tr12_t1,5.387289918873038,5.787665831823188,3.5787437070950956,-0.29316776918355736,5.383116784461111,0.6153846153846154,9.384615384615385,26,75.99248,0.0775123296,2.3630084065521135,0.8992786061517855,2.2300657967697486,0.9761568915545293,0.010030373442105925,1
V13_allz,S8_re300_sl8_tp40_t2,0.36863078701612184,0.38278515523181844,1.1071330794377714,-0.33377430524253215,0.7395778810799871,0.5616438356164384,6.671232876712328,73,43.88246,0.04476010920000001,0.2808184778995677,0.06855952707721547,0.6853621854484191,0.03216857248825944,0.041646030255486424,1
V13_allz,S9_rat20_10_sl8_t2,2.4896769945386086,2.6356449767649623,3.0624018429830633,-0.299214744769041,8.717890423663727,0.509090909090909,8.872727272727273,55,59.85522,0.061052324399999996,1.353364497598105,0.4828459416721256,3.8087609228516683,1.0208720249500098,0.02469152805781994,1
V13_allz,S10_re300_sl8_q0.3_t2,0.3243161936748922,0.33656910199531875,0.9944470917721577,-0.337198365908132,0.6098806236430949,0.5072463768115942,6.6231884057971016,69,40.38366,0.04119133319999999,0.487833175300888,-0.10990276621095374,0.5611812408638155,0.031193932840451577,0.09410911415642333,9
V14_allz,B0_daily_top1,0.15240186680723888,0.15777389986553336,0.5502357325740357,-0.2954244900269364,0.14584762972904253,0.48148148148148145,1.0,243,261.2554,0.266480508,0.0715696304633866,0.0754334893840718,0.06682034959616967,0.07407740221939707,0.02381824169426882,2
V14_allz,S1_h5_sl8_t1,-0.3636481895659417,-0.3730092562444567,-0.8021183196424715,-0.4522090837898316,-0.3902790639819942,0.3333333333333333,4.784313725490196,51,44.06948,0.044950869600000005,0.09239443625305888,-0.41747065957534446,0.025999044032847696,-0.4057295281471184,0.028474270240089885,1
V14_allz,S2_h5_sl8_t2,-0.18843469546872427,-0.19397136434621154,-0.4181748011581036,-0.328024853247059,-0.39401683407162036,0.37,4.88,100,46.86034,0.0478486268,0.053742519639372155,-0.22982579766352929,0.047695419931089944,-0.4216036890108412,0.04317351069332808,1
V14_allz,S3_nr3_t1,0.35629645349517247,0.3699165804526068,0.8991907296896854,-0.35226327506874544,0.32629051454217417,0.41975308641975306,3.0123456790123457,81,86.72494,0.08845943879999998,0.1890065224430597,0.1406972357968066,0.17469327640877097,0.12905261414014402,0.019606628169613696,1
V15_allz,S9_rat20_10_sl8_t2,-0.2871603149783858,-0.29502789797089524,-0.6581408088595294,-0.46416544749021427,-0.5961630601752981,0.3870967741935484,7.870967741935484,62,27.21422,0.028232854400000007,0.16439945420490876,-0.38780486159849226,0.20568109468204354,-0.6650549290306322,0.06108788015621692,1
V15_allz,S10_re300_sl8_q0.3_t2,0.15905837782727428,0.16468135730028144,0.600985294763173,-0.2987135877116849,0.1474769879031972,0.4666666666666667,10.088888888888889,45,22.12504,0.022615450800000002,0.13178466924650212,0.02409796609007797,0.12936703610799571,0.01603548821259304,0.11827426939398514,4
V16_allz,B0_daily_top1,0.0699901983369251,0.07236608762283803,0.3793104565665002,-0.4410709917544714,0.09520086694231455,0.49794238683127573,1.0,243,257.17082,0.2623142364,0.32299614767474916,-0.19123710207508782,0.3593026880768042,-0.19429213482109087,0.02064377368252557,2
V16_allz,S1_h5_sl8_t1,1.21344943576916,1.2718694046329344,1.8837874421827696,-0.4437844140660966,1.2673980367829456,0.5490196078431373,4.784313725490196,51,82.98542,0.08464512839999999,1.3857127839696095,-0.07220623930841252,1.4105040901260395,-0.059367687418282244,0.010393629181131214,1
V16_allz,S2_h5_sl8_t2,0.8619495249575937,0.9002874944274968,1.7974256143773282,-0.27907560748938276,1.9961795124338186,0.4803921568627451,4.784313725490196,102,71.16782,0.07259117640000001,0.8494044479608789,0.0067833063830617935,1.9927213920730122,0.0011555102890521418,0.02453174234517684,1
V16_allz,S3_nr3_t1,1.1645172073289976,1.2200179538234988,1.7629637859239213,-0.3599904810945649,1.215921587177999,0.4810126582278481,3.0759493670886076,79,138.12334,0.14088580679999999,1.019416907242169,0.0718525726740531,0.994691869663183,0.11090921905255069,0.016145609881033255,2
V16_allz,S4_re300_t2,1.1510388657083088,1.205742228164525,2.409109052943424,-0.20852031792120274,3.3756010855419776,0.64,6.506666666666667,75,50.21474,0.05121903479999999,0.5561395196057741,0.3822917795013949,1.2225268755582999,0.968750584598814,0.03585951801442296,1
V16_allz,S5_re300_sl8_tr15_t2,1.0182377479162614,1.0652442292064008,2.1057777917170593,-0.26839486461753725,2.7641509792434644,0.5822784810126582,6.177215189873418,79,58.9549,0.060133998,0.9556294209752763,0.032014412479927756,2.4613101592374518,0.08749311852270703,0.028599923644156717,1
V16_allz,S6_h20_tr20_t2,0.832802939358017,0.8695733955804981,1.7902717217160473,-0.3580533345338297,1.7375362607156926,0.5384615384615384,18.76923076923077,26,17.49292,0.017842778400000002,0.9584696366940322,-0.06416576237972327,1.8576119784887464,-0.0420196019182969,0.038979307400214415,1
V16_allz,S7_h10_tr12_t1,1.4821958626848017,1.5572988985333183,2.078911595677312,-0.5571403296176678,1.5498122943035466,0.5384615384615384,9.384615384615385,26,48.17746,0.04914100920000001,1.8441437622323211,-0.12726076099030736,1.7744916390453396,-0.08098036468370895,0.010117215361245635,1
V16_allz,S8_re300_sl8_tp40_t2,1.0182377479162614,1.0652442292064008,2.1057777917170593,-0.26839486461753725,2.7641509792434644,0.5822784810126582,6.177215189873418,79,58.9549,0.060133998,0.9556294209752763,0.032014412479927756,2.4613101592374518,0.08749311852270703,0.028599923644156717,1
V16_allz,S9_rat20_10_sl8_t2,0.8336643003454955,0.8704808524747703,1.7977632812008366,-0.3806152145237519,1.8158383828090874,0.5178571428571429,8.696428571428571,56,45.00588,0.0459059976,1.4315759411770301,-0.24589470174725792,4.054453694552931,-0.44289955888929133,0.03284438401694158,1
V16_allz,S10_re300_sl8_q0.3_t2,1.133547825524094,1.1872207858420696,2.289086438780495,-0.18310933572891597,3.06208492209476,0.6296296296296297,5.54320987654321,81,61.23242,0.06245706840000001,0.8454656904732563,0.1561026772472589,2.004996482405866,0.35177693081443007,0.11096766738503276,9
V17_allz,B0_daily_top1,-0.047451697980975815,-0.04896877135949762,0.10064537511435111,-0.4824639307104318,-0.083549335107586,0.4773662551440329,1.0,243,218.01962,0.22238001239999997,-0.08311924306004248,0.038900963739390226,-0.12100182851312358,0.04260815849273536,0.030635123060684926,2
V17_allz,S1_h5_sl8_t1,0.5083833092172447,0.528848886788865,1.1318176035630672,-0.36995014165203643,0.4554254274298455,0.44,4.88,50,68.99926,0.07037924520000001,0.6365866691912474,-0.07833582075879753,0.5564635293087437,-0.06491517467407082,0.022172077239897007,1
V17_allz,S2_h5_sl8_t2,0.06374215976162789,0.06589948707681814,0.3576510742400044,-0.38363802600200936,-0.024270461638239427,0.42574257425742573,4.8316831683168315,101,52.10038,0.053205817600000004,0.2603521159150286,-0.15599605353989587,0.3693851683374565,-0.28746888682431526,0.04341429392485495,1
V17_allz,S3_nr3_t1,-0.2575145865402788,-0.26472773227667534,-0.4851210563307827,-0.5508508461482557,-0.2957763989460389,0.45,3.0375,80,66.6921,0.06802594199999999,-0.09058539417054046,-0.1835567532121236,-0.12115419114866144,-0.19869493150978446,0.038111925802991366,2
V17_allz,S4_re300_t2,0.11817932820045507,0.12228200361754782,0.4944432523642794,-0.3361578254681654,0.23564420421330734,0.5263157894736842,8.543859649122806,57,29.23858,0.029860331600000005,0.12302884624345012,-0.004318248867084318,0.08421864008706392,0.13966331008115085,0.05141911115133318,1
V17_allz,S5_re300_sl8_tr15_t2,0.09041695043753073,0.09351599024513502,0.4286631038835778,-0.38413386930883764,0.08176120908627604,0.5652173913043478,7.057971014492754,69,37.58022,0.0383545644,0.3090218738951531,-0.16699867879758,0.2677760024211544,-0.14672528347250147,0.046489901663319684,1
V17_allz,S6_h20_tr20_t2,-0.3419708299460903,-0.3509383185329247,-1.0146707686372054,-0.45224704229277524,-0.6251269739790328,0.37037037037037035,18.074074074074073,27,11.35508,0.0118992416,-0.025303347119857267,-0.32488824280919504,-0.35976746649800784,-0.41447363824131445,0.04284343059616961,1
V17_allz,S7_h10_tr12_t1,-0.16451109423594223,-0.1694201981693393,-0.2518551536379827,-0.3483165173323679,-0.20291028918512732,0.46153846153846156,9.384615384615385,26,21.23558,0.0216602916,-0.04470239415753985,-0.12541505322076674,-0.174193076896478,-0.03477472940130477,0.025929882460709177,1
V17_allz,S8_re300_sl8_tp40_t2,0.09041695043753073,0.09351599024513502,0.4286631038835778,-0.38413386930883764,0.08176120908627604,0.5652173913043478,7.057971014492754,69,37.58022,0.0383545644,0.3090218738951531,-0.16699867879758,0.2677760024211544,-0.14672528347250147,0.046489901663319684,1
V17_allz,S9_rat20_10_sl8_t2,0.07545512861183212,0.07802320140167596,0.3877556209093165,-0.45830282467085437,-0.010844196419886654,0.48214285714285715,8.714285714285714,56,29.74018,0.0303378636,0.42413934525011965,-0.24483855305398405,0.5194271617883373,-0.34899426016848645,0.04344207372942775,1
V17_allz,S10_re300_sl8_q0.3_t2,0.2633296271773966,0.2730489322145644,0.8448475909487758,-0.44055628130212265,0.4736666149473303,0.5571428571428572,6.328571428571428,70,38.42994,0.0393141688,0.38408336700361656,-0.08724455672611586,0.7784867882994249,-0.1713929928282243,0.1298057611215567,6
V6_allz,S9_rat20_10_sl8_t2,0.45358754169894855,0.4715232652422203,1.5741532088944452,-0.17659834761662052,1.0926517375876363,0.52,9.76,50,28.39722,0.028965164400000003,0.24974543849924435,0.16310689914938914,0.34967273856177084,0.5504882611895932,0.03224997068545221,1
V6_allz,S10_re300_sl8_q0.3_t2,0.37039235010433225,0.3846233286399805,1.574875278442871,-0.1510325939708076,0.8422373010990611,0.7307692307692307,8.826923076923077,52,27.88304,0.0284407008,0.18467386887509085,0.15676760170762516,0.2856127138731528,0.432964438838638,0.0924816350094119,5
V7_allz,B0_daily_top1,-0.2842238224794422,-0.292028397321495,-1.1035262568606274,-0.4576017442300241,-0.29877844677687104,0.43209876543209874,1.0,243,193.0559,0.196917018,-0.19997271119218307,-0.10531029686850735,-0.20590014744644047,-0.1169604792542972,0.04024323219662262,2
V7_allz,S1_h5_sl8_t1,-0.2871825435819153,-0.2950506019894765,-0.866862995249322,-0.4309687570479398,-0.30334702052527684,0.46,4.88,50,45.52048,0.04643088960000001,0.0039428265039738175,-0.2899820212866848,-0.02050338293074283,-0.28876428225023154,0.029784660189560934,1
V7_allz,S2_h5_sl8_t2,-0.025987506991435705,-0.026828025041022552,0.03292855228015176,-0.3046561899707828,-0.13955963565076712,0.46464646464646464,4.929292929292929,99,47.76858,0.048739771600000016,0.12003907948226322,-0.1303763316376425,0.18904079832982323,-0.27635757700001284,0.05733476207956692,1
V7_allz,S3_nr3_t1,0.2746627381497526,0.28484539906220196,0.9689009463494846,-0.3105007689413848,0.2703386797417324,0.4691358024691358,3.0,81,74.86912,0.0763665024,-0.1504460399233405,0.5003905555742867,-0.154528877810042,0.5025216667971739,0.03861553812547976,2
V7_allz,S4_re300_t2,0.4359822031556275,0.4531200180865933,1.6094768995239102,-0.2590595792396242,1.0125267686132733,0.5609756097560976,5.939024390243903,82,44.42238,0.0453194276,0.15417485230332106,0.24416348206679417,0.36875605811844725,0.470332683955226,0.056100752990940396,1
V7_allz,S5_re300_sl8_tr15_t2,0.3096178046121296,0.3212511441470791,1.2784311676723301,-0.23570307112333266,0.7366190608012155,0.5903614457831325,5.879518072289157,83,43.5802,0.044499204,0.14239777037312984,0.14637636607464954,0.2833945032356264,0.3531451602940039,0.05863429132480197,1
V11_mixB,S2_h5_sl8_t2,0.30605476426145284,0.317538760309628,1.0505391812922802,-0.2010718429731322,0.5846514204043887,0.5050505050505051,4.91919191919192,99,57.6908,0.058844615999999995,0.3111450660966031,-0.0038823330589222715,0.674719576585213,-0.05378103739879514,0.03735852649025979,1
V11_mixB,S3_nr3_t1,0.3621070204288819,0.37597834658441065,1.020016909570288,-0.22878317159818062,0.41244379023260125,0.5,3.0375,80,86.93594,0.0886746588,0.0987779373738995,0.2396563255395765,0.09252669521849732,0.2928231377908097,0.024356842967363942,2
V11_mixB,S4_re300_t2,0.5641068437568253,0.5872151748733265,1.7972370871428618,-0.1348560891491838,1.4176847983647654,0.5714285714285714,5.809523809523809,84,51.43334,0.0524620068,0.2111179454107468,0.29145707871281146,0.3590201431576754,0.7789911433890069,0.03549212678745429,1
V11_mixB,S5_re300_sl8_tr15_t2,0.49335843304978644,0.5131234286545154,1.6439092430141389,-0.13865241561681207,1.1761659251833039,0.5632183908045977,5.609195402298851,87,52.0342,0.05307488400000002,0.2111179454107468,0.23304128942067548,0.3590201431576754,0.6012756956839473,0.032151617797278875,1
V11_mixB,S6_h20_tr20_t2,-0.13930215299158122,-0.14352503187679477,-0.3405242121434538,-0.42356163161225135,-0.2851428934827148,0.5,18.76923076923077,26,12.96356,0.0132781312,0.09804015680478728,-0.21615084687523267,-0.06349328451975877,-0.23667700967770822,0.044348335162555146,1
V11_mixB,S7_h10_tr12_t1,0.0044214775570663445,0.004566774554194852,0.1874077796112326,-0.2746329700397976,0.03195783488889714,0.6,9.76,25,26.29948,0.026825469600000006,0.18798568009396233,-0.1545171845189054,0.05386953713736542,-0.020791664884808436,0.01775718245259751,1
V11_mixB,S8_re300_sl8_tp40_t2,0.49335843304978644,0.5131234286545154,1.6439092430141389,-0.13865241561681207,1.1761659251833039,0.5632183908045977,5.609195402298851,87,52.0342,0.05307488400000002,0.2111179454107468,0.23304128942067548,0.3590201431576754,0.6012756956839473,0.032151617797278875,1
V11_mixB,S9_rat20_10_sl8_t2,0.27164263599955096,0.2817014822337227,0.9953517484416554,-0.2210554797371247,0.4180727315017947,0.5185185185185185,9.018518518518519,54,31.29886,0.03192483720000001,0.2710933681791088,0.000432122324128148,0.38719204762838033,0.02226128957862028,0.041180461239331945,1
V11_mixA,S5_re300_sl8_tr15_t2,0.8907065971443384,0.9306065864131745,2.285488127256175,-0.19139194068064647,2.4522231588899945,0.6375,6.0875,80,54.65432,0.0557474064,0.376926310069545,0.37313564518121733,0.7747809914114001,0.9451544588296512,0.03404465471115082,1
V11_mixA,S6_h20_tr20_t2,0.4985393110875844,0.5185452980482557,1.3022668322454807,-0.3259093351563713,1.036786851642224,0.5769230769230769,18.76923076923077,26,16.31222,0.0166384644,0.5383115755658199,-0.025854492100279125,0.618190461871045,0.2586817804420709,0.031244622321456954,1
V11_mixA,S7_h10_tr12_t1,0.05075405108487163,0.05246103560090565,0.3210357731924994,-0.34897572974817237,0.07873883220151501,0.48,9.72,25,29.6573,0.030250446,0.3765788019414247,-0.2366916811424341,0.28956048167967796,-0.16348333596851838,0.018690980924523152,2
V11_mixA,S8_re300_sl8_tp40_t2,0.8664162973245759,0.9049958907093201,2.2212590211293404,-0.19139194068064647,2.3429026400481434,0.6329113924050633,6.1645569620253164,79,53.83244,0.054909088800000005,0.376926310069545,0.3554946867347666,0.7747809914114001,0.8835578340230517,0.03355367902162964,1
V11_mixA,S9_rat20_10_sl8_t2,0.32865075388482357,0.3410874404510309,1.0421920779230651,-0.2795138120065671,0.7130499858579666,0.5576923076923077,9.384615384615385,52,33.30062,0.0339666324,0.5895997456216024,-0.16416018715122338,1.2726361250591225,-0.24622777620706815,0.0303218994169092,1
V11_mixA,S10_re300_sl8_q0.3_t2,0.4874050310780067,0.5068938625580286,1.5912421370293433,-0.2518898810253525,1.111895331761414,0.6142857142857143,6.071428571428571,70,43.7431,0.044617962,0.3157666110714519,0.130447465806101,0.753328190542579,0.2045065739277676,0.1578048138216594,20
V11_mixB,B0_daily_top1,0.13214227498614983,0.13675861366077924,0.5208205944629131,-0.2500699803735146,0.168540405901769,0.4691358024691358,1.0,243,245.7358,0.250650516,0.013613521662790173,0.11693683123812115,0.038422442463691864,0.1253034970328326,0.024831668235045568,2
V11_mixB,S1_h5_sl8_t1,-0.0005274484659546497,-0.0005447371472625528,0.16918004568178754,-0.30694305487347273,0.008602724582252863,0.5102040816326531,4.979591836734694,49,46.9944,0.047934288,-0.0045688926872042845,0.0040599938976779715,-0.007987084085622653,0.016723379707797692,0.02303404276714796,1
V18_f1,S1_h5_sl8_t1,-0.0834677025652456,-0.08608308180391089,0.040244454835296886,-0.636898529045113,-0.062381832603823906,0.5192307692307693,4.6923076923076925,52,56.5685,0.05769987,0.5010887017387449,-0.38942162686780923,0.49636704595926395,-0.37340362451305886,0.018634671932767813,1
V18_f1,S2_h5_sl8_t2,-0.18532804307093598,-0.19078454389461696,-0.40864656428165863,-0.5578951345863373,-0.408262543430286,0.46601941747572817,4.737864077669903,103,51.10838,0.05275706759999999,0.2927004855532265,-0.36979063129196965,0.6647890401241818,-0.6445570926358488,0.036579834083169005,1
V18_f1,S3_nr3_t1,-0.0011131778699161599,-0.0011496545172430261,0.20998135631850498,-0.4169819429039242,-0.011453957331108766,0.5308641975308642,3.0,81,99.39478,0.1013826756,0.4960454653983295,-0.332315196808457,0.5211750640906234,-0.3501431452533992,0.026771841539023816,2
V18_f1,S4_re300_t2,-0.03107963320122531,-0.03208211681678108,0.05845992910788532,-0.3926299408727678,-0.17998207360230545,0.5555555555555556,5.4222222222222225,90,48.7265,0.04973853,0.38160146778158066,-0.29869764226976603,0.8417432703176246,-0.5547599170777613,0.04070471886916248,1
V18_f1,S5_re300_sl8_tr15_t2,-0.052778133871202115,-0.05446057884149369,0.02830444465664049,-0.5103855416889751,-0.2043671171339514,0.54,4.88,100,48.53834,0.0502369868,0.19986823018673006,-0.21056175811790145,0.40646208893279545,-0.4343019345300917,0.04423688491148243,1
V18_f1,S6_h20_tr20_t2,0.16817334857925959,0.1741420655867052,0.730278241058323,-0.21754552979237451,0.3541501406164236,0.46153846153846156,18.76923076923077,26,12.72036,0.0129747672,0.12223340966301466,0.04093617113933545,0.12772709324294018,0.20077822793311784,0.033924473813690424,1
V18_f1,S7_h10_tr12_t1,-0.1350219559580178,-0.13912583112169097,-0.136690904104705,-0.4549521678454873,-0.12631830297884594,0.5,9.384615384615385,26,25.38388,0.0258915576,0.146473227494321,-0.24553140596886192,0.06635655704037591,-0.18068521147746486,0.023118544410366686,1
V18_f1,S8_re300_sl8_tp40_t2,-0.052778133871202115,-0.05446057884149369,0.02830444465664049,-0.5103855416889751,-0.2043671171339514,0.54,4.88,100,48.53834,0.0502369868,0.19986823018673006,-0.21056175811790145,0.40646208893279545,-0.4343019345300917,0.04423688491148243,1
V11_mixC,S7_h10_tr12_t1,0.0816721573471153,0.0844600083017879,0.4057948343432477,-0.2577160490066105,0.12279966904903628,0.6,9.76,25,27.31698,0.0278633196,0.20631514363921077,-0.10332539299479637,0.14664022842182312,-0.020791664884808214,0.02008060083500047,1
V11_mixC,S8_re300_sl8_tp40_t2,0.4960444593089197,0.5159343200337534,1.62329438701991,-0.1388697986766564,1.1940138996347347,0.5568181818181818,5.545454545454546,88,52.91892,0.0539772984,0.21422502008381983,0.23209819807999477,0.3701662402973107,0.6012756956839473,0.03105536116502199,1
V11_mixC,S9_rat20_10_sl8_t2,0.2840693662416842,0.2946392318318136,1.0043132893516595,-0.2935192325061069,0.48809788247912,0.5660377358490566,9.20754716981132,53,29.71042,0.030304628400000002,0.25564235218096565,0.02263941958579485,0.38059590553761735,0.07786635938170505,0.037498077567653804,1
V11_mixC,S10_re300_sl8_q0.3_t2,0.25953387815999873,0.26909876749338646,1.027101339355452,-0.19017906103080695,0.6023884551193781,0.5365853658536586,5.670731707317073,82,47.67226,0.0486257052,0.26474608617070294,-0.004121149745151875,0.6131169856414656,-0.006650807484877341,0.0757240454899849,4
V11_ensw2,B0_daily_top1,0.03121547853977047,0.032255270927149304,0.2794766791610573,-0.383961318985496,0.05602369313706679,0.5020576131687243,1.0,243,250.57094,0.2555823588,0.06921707070878047,-0.035541512766738004,0.09427938448464612,-0.03495971128579278,0.021389469168158412,2
V11_ensw2,S1_h5_sl8_t1,2.6111209186693696,2.7663907653413515,2.9617112108758166,-0.1557566866625203,2.729193500803848,0.62,4.88,50,96.64342,0.09857628839999999,1.1335236303560494,0.6925619511731067,1.2444413316659881,0.6615241611308982,0.012977041800732517,1
V11_ensw2,S2_h5_sl8_t2,0.7315392777193106,0.7629898072078443,1.7596672144789935,-0.21141060195254935,1.670847792008082,0.5247524752475248,4.8316831683168315,101,65.38562,0.06670403240000002,0.6192324337715853,0.06935807460707522,1.437519646280478,0.09572359594461011,0.030452708565400593,1
V11_ensw2,S3_nr3_t1,1.310037181147801,1.3743290359009936,2.1997265894617866,-0.2548322533573498,1.3827197266027453,0.5679012345679012,3.0123456790123457,81,128.54902,0.1311200004,0.6833623873003798,0.3722756303545687,0.7500294462781631,0.36153121975755487,0.014254762335127975,1
V11_allz,S8_re300_sl8_tp40_t2,0.4960444593089197,0.5159343200337534,1.62329438701991,-0.1388697986766564,1.1940138996347347,0.5568181818181818,5.545454545454546,88,52.91892,0.0539772984,0.21422502008381983,0.23209819807999477,0.3701662402973107,0.6012756956839473,0.03105536116502199,1
V11_allz,S9_rat20_10_sl8_t2,0.2840693662416842,0.2946392318318136,1.0043132893516595,-0.2935192325061069,0.48809788247912,0.5660377358490566,9.20754716981132,53,29.71042,0.030304628400000002,0.25564235218096565,0.02263941958579485,0.38059590553761735,0.07786635938170505,0.037498077567653804,1
V11_allz,S10_re300_sl8_q0.3_t2,0.25953387815999873,0.26909876749338646,1.027101339355452,-0.19017906103080695,0.6023884551193781,0.5365853658536586,5.670731707317073,82,47.67226,0.0486257052,0.26474608617070294,-0.004121149745151875,0.6131169856414656,-0.006650807484877341,0.0757240454899849,4
V11_mixA,B0_daily_top1,0.20334373714978393,0.21066902171913005,0.6906043865890342,-0.1977122305767679,0.23490554274188402,0.48148148148148145,1.0,243,252.82758,0.25788413159999996,0.06387292954345258,0.13109724266241307,0.08768505328641107,0.13535213066562735,0.021284885497727193,2
V11_mixA,S1_h5_sl8_t1,0.655106306962085,0.6826760489587402,1.4272985201692612,-0.28395697407183695,0.7031297459198074,0.5102040816326531,4.979591836734694,49,66.58548,0.0679171896,0.47771231722986607,0.12004636333055818,0.5503393500676284,0.09855287221182563,0.014989313522727782,1
V11_mixA,S2_h5_sl8_t2,0.6116558124163651,0.6370732490554833,1.5897899199881114,-0.23250118728378077,1.4310566225066323,0.5353535353535354,4.929292929292929,99,64.5578,0.06584895600000001,0.5050021985397499,0.0708660850994749,1.1564960099543105,0.12731793209213427,0.02500878334120081,1
V11_mixA,S3_nr3_t1,1.07354848063863,1.12372493293525,2.072878080322929,-0.2637554928257684,1.1431601604819477,0.5802469135802469,3.0,81,139.93908,0.1427378616,0.768235469245363,0.17266535860383514,0.8414485090520092,0.16384473958778267,0.0159052829488685,2
V11_mixA,S4_re300_t2,0.6786712185949422,0.707424729063566,1.8106104387474835,-0.19115754111470307,1.7304721936507028,0.6025641025641025,6.243589743589744,78,50.4923,0.051502146000000006,0.3619315614986942,0.23256650043978966,0.6542901819453115,0.6505400463901008,0.03516842263312681,1
V11_mixB,S10_re300_sl8_q0.3_t2,0.28615846179806725,0.29681464060074036,1.1038740688984483,-0.1945113547194085,0.6479254679412616,0.5617977528089888,5.044943820224719,89,49.77112,0.050766542399999996,0.18759949131313758,0.0829900746891965,0.4239467546730198,0.15729430369022035,0.11232587281673194,10
V11_mixC,B0_daily_top1,-0.030539017639861887,-0.03152434873569343,0.10309196821295434,-0.2609810672349948,0.003102470351850739,0.4609053497942387,1.0,243,228.30678,0.23287291559999998,-0.05429616368325385,0.025121126859249276,-0.030304549075673703,0.03445104274303934,0.026376024429589355,2
V11_mixC,S1_h5_sl8_t1,0.07002045204209106,0.0723974026475005,0.3732378171415889,-0.3134152095915054,0.09754512131920334,0.5306122448979592,4.979591836734694,49,49.91892,0.0509172984,0.03845490191502998,0.030396649935254594,0.07949236067988741,0.016723379707796804,0.02029139128791727,1
V11_mixC,S2_h5_sl8_t2,0.3160441145924109,0.327947647178626,1.0781469076540642,-0.20047701483787117,0.6135183411687668,0.5050505050505051,4.91919191919192,99,57.97282,0.0591322764,0.3091784148001233,0.00524428123368903,0.6681755346750393,-0.03276465358120628,0.036096375103451955,1
V11_mixC,S3_nr3_t1,0.2922256232521896,0.30313312947232807,0.8750367513505803,-0.25443584833093424,0.3287994845042048,0.5,3.0375,80,83.75392,0.0854289984,0.033242669145039816,0.25065065723761193,0.027827740440097948,0.2928231377908086,0.022626030781879875,2
V11_mixC,S4_re300_t2,0.7694704705353461,0.8028904151760285,2.1654070832205,-0.1350920161334176,2.1092238686637383,0.5952380952380952,5.809523809523809,84,57.19078,0.05833459560000001,0.3668477287309315,0.2945629811875503,0.7477455580473651,0.7789911433890062,0.032838802653416196,1
V11_mixC,S5_re300_sl8_tr15_t2,0.4960444593089197,0.5159343200337534,1.62329438701991,-0.1388697986766564,1.1940138996347347,0.5568181818181818,5.545454545454546,88,52.91892,0.0539772984,0.21422502008381983,0.23209819807999477,0.3701662402973107,0.6012756956839473,0.03105536116502199,1
V11_mixC,S6_h20_tr20_t2,-0.13930215299158122,-0.14352503187679477,-0.3405242121434538,-0.42356163161225135,-0.2851428934827147,0.5,18.76923076923077,26,12.96356,0.0132781312,0.09804015680478728,-0.21615084687523267,-0.06349328451975866,-0.23667700967770822,0.044348335162555146,1
V11_ensw2,S4_re300_t2,1.1392620662701294,1.193271108579872,2.335226255427495,-0.19656090926680703,3.278599763261905,0.6,6.0875,80,60.28752,0.0614932704,0.753959676018485,0.21967574028058023,1.7252620363525062,0.5699773842622433,0.032931137164491614,1
V11_ensw2,S5_re300_sl8_tr15_t2,1.257504419767078,1.3185848291525777,2.547115364485857,-0.15592855302522624,3.772763265873614,0.5955056179775281,5.47191011235955,89,70.04646,0.0714473892,0.7926175943993494,0.2593340748301065,1.822919719730208,0.6907187379490027,0.03125970708636926,1
V11_ensw2,S6_h20_tr20_t2,0.7440739049206282,0.7761721015979333,1.585257637974681,-0.24608836102598108,1.5155011580097861,0.5,18.76923076923077,26,18.0383,0.018399066,0.8790619261824055,-0.07183798435851674,1.2740527432658335,0.10617538025841933,0.033179921734485925,1
V11_ensw2,S7_h10_tr12_t1,2.1446860053471184,2.2650609844627647,2.5145304718427672,-0.39373487627045844,2.242358327810269,0.5384615384615384,9.384615384615385,26,54.63826,0.05573102519999999,1.7069751683219048,0.161697396469491,1.5429959898756382,0.27501511631122666,0.014567931293338778,1
V11_ensw2,S8_re300_sl8_tp40_t2,1.257504419767078,1.3185848291525777,2.547115364485857,-0.15592855302522624,3.772763265873614,0.5955056179775281,5.47191011235955,89,70.04646,0.0714473892,0.7926175943993494,0.2593340748301065,1.822919719730208,0.6907187379490027,0.03125970708636926,1
V11_ensw2,S9_rat20_10_sl8_t2,1.0884453628157194,1.1394843880269168,2.2724750224910326,-0.178584945111267,2.617473350205358,0.5185185185185185,9.037037037037036,54,42.46582,0.0433151364,0.8986660721373203,0.09995401164185003,1.6029448568034401,0.3897618079577041,0.03460938112020986,1
V11_ensw2,S10_re300_sl8_q0.3_t2,0.2242935002574531,0.23244355228060565,0.845436987038805,-0.17796858161231688,0.41787031033143807,0.525,5.5875,80,46.34928,0.047276265600000006,0.20719431110996167,0.014164405009305048,0.2675172615709198,0.11862011928277494,0.11727504259209032,13
V18_f1,B0_daily_top1,0.5107460453033041,0.5313222615130402,1.1864004650919528,-0.3578130484821841,0.5559792105638481,0.49382716049382713,1.0,243,300.70904,0.30672322080000003,0.5112081149634182,-0.00030576176473606775,0.514067670418042,0.02768141805328561,0.024725399700366024,2
V20b_ensw2,S3_nr3_t1,-0.1264638343086164,-0.1303276281879856,-0.09798023339952933,-0.5211909230460128,-0.15251716004181215,0.3875,3.05,80,78.61522,0.0801875244,0.1009143355727018,-0.2065357517240748,0.04445011040346025,-0.188584661424552,0.023385672299238384,1
V20b_ensw2,S4_re300_t2,0.2623230334025273,0.2720013510138284,0.8725942514917263,-0.2638957032544681,0.5154724907399781,0.52,6.506666666666667,75,44.71034,0.045604546800000006,0.3090002192663872,-0.03565865396876766,0.3863735771978891,0.0931198600906844,0.046060920486700324,1
V20b_ensw2,S5_re300_sl8_tr15_t2,0.4808055146596095,0.4999891657911797,1.3400770345258821,-0.21123868744451335,1.0745022635708978,0.5844155844155844,6.337662337662338,77,47.5312,0.048481824,0.3359207783710745,0.1084530899094156,0.646917085817446,0.25962762875899137,0.03951016970345057,1
V20b_ensw2,S6_h20_tr20_t2,0.36984842480536617,0.38405573977580554,1.0542964659616971,-0.3568183299702756,0.9340180226632273,0.5769230769230769,18.76923076923077,26,14.62394,0.014916418800000001,0.31673650329072256,0.040336028796885026,0.21695722930846695,0.5892243179016474,0.039075704539027846,1
V20b_ensw2,S7_h10_tr12_t1,0.22038214189101435,0.22837727446827683,0.6735228999255416,-0.41163976841067684,0.183309238520718,0.46153846153846156,9.384615384615385,26,30.07736,0.030678907200000004,0.47285669574574696,-0.17141827482876626,0.20491920013838594,-0.017934780701631903,0.016591364108824613,1
V20b_ensw2,S8_re300_sl8_tp40_t2,0.4808055146596095,0.4999891657911797,1.3400770345258821,-0.21123868744451335,1.0745022635708978,0.5844155844155844,6.337662337662338,77,47.5312,0.048481824,0.3359207783710745,0.1084530899094156,0.646917085817446,0.25962762875899137,0.03951016970345057,1
V20b_ensw2,S9_rat20_10_sl8_t2,0.32173799452318974,0.3338818212912633,0.9527310669359795,-0.20717498554666225,0.5972188599413646,0.4423076923076923,9.384615384615385,52,32.56264,0.0332138928,0.5794922847576238,-0.16318806538139363,0.8588063116501115,-0.14072873008297926,0.031951513630137776,1
V20b_ensw2,S10_re300_sl8_q0.3_t2,0.3587816081614623,0.3725090679490184,1.1607134723029227,-0.2925558652731749,0.7914759508500764,0.5866666666666667,5.96,75,46.08908,0.04701086160000001,0.4342085885968887,-0.05259136016555188,0.7218398287859118,0.040442857053240466,0.11942732381806324,7
V18_f2,S6_h20_tr20_t2,0.2689736419836428,0.2789232716139569,1.0059910967769583,-0.3230611130126513,0.466944171616122,0.34615384615384615,18.76923076923077,26,13.60112,0.0138731424,0.05163821835122251,0.20666367942880925,0.03601212853678448,0.4159527009475905,0.024001603147635196,1
V18_f2,S7_h10_tr12_t1,0.31575104035699963,0.32764222731706605,0.910696739549441,-0.23352508665766802,0.3144399985833477,0.4,9.76,25,28.08096,0.0286425792,0.21200635254246558,0.08559747859151567,0.10620833712540367,0.1882390996971286,0.011457962429286973,1
V18_f2,S8_re300_sl8_tp40_t2,0.2129148076381071,0.22061536481469113,0.8690802037090267,-0.13563457273621615,0.3819968160393197,0.4942528735632184,5.609195402298851,87,48.09862,0.049060592400000005,0.18101877577696945,0.027007218272337763,0.43161976346524766,-0.034662100015869446,0.025008248964636874,1
V18_f2,S9_rat20_10_sl8_t2,0.08886460069748048,0.09190822479629168,0.45705276452592936,-0.30848328042680706,0.15833058832930536,0.38,9.76,50,24.0418,0.024522636000000007,-0.06442470217685314,0.16384496601289134,-0.1360029616579348,0.34066499875050593,0.022449681499593328,1
V18_f2,S10_re300_sl8_q0.3_t2,0.26218769713670653,0.27186050608774015,1.0317033554764174,-0.13857661826743317,0.5134453129103711,0.5060240963855421,5.518072289156627,83,46.53666,0.0474673932,0.19596758932485758,0.055369483590463675,0.4023097063820895,0.07925182719800739,0.08375677567305476,10
V20b_ensw2,B0_daily_top1,-0.06266000510670455,-0.06464657006654739,0.05372575957988795,-0.4046522406643017,-0.09058447390124913,0.4691358024691358,1.0,243,181.1571,0.184780242,-0.29038142498166486,0.3209067911857806,-0.3177449449740761,0.33295535064111137,0.03047934884405983,2
V20b_ensw2,S1_h5_sl8_t1,-0.35466411182195656,-0.36386500583692205,-0.8692242887383895,-0.5006506068228126,-0.37511336568412523,0.46,4.88,50,42.82702,0.04368356040000001,0.06569378872548937,-0.39444529469405165,-0.005314984376876053,-0.3717743562021868,0.02799762518332008,1
V20b_ensw2,S2_h5_sl8_t2,0.09029597994733596,0.09339069865845695,0.4262685813045857,-0.31207004314283227,0.1400852504582697,0.48,4.88,100,51.21302,0.052271920400000005,0.13607252811453407,-0.04029368463223992,0.19229468037616848,-0.043789032004593165,0.04112877254679098,1
V18_f1,S9_rat20_10_sl8_t2,-0.21668495163887347,-0.22293208548136,-0.6341641384194977,-0.5372598782778814,-0.5128949580593991,0.40350877192982454,8.56140350877193,57,26.5168,0.027638546,0.22805285111308637,-0.3621487481983019,0.5135097419317012,-0.678161938145898,0.049934307579483084,1
V18_f1,S10_re300_sl8_q0.3_t2,-0.10499812732345082,-0.10824736517710654,-0.17855259696402756,-0.5304672343795953,-0.24355940089240535,0.4895833333333333,4.854166666666667,96,49.95388,0.05139072760000001,0.3895348667101737,-0.3558982260045538,0.9647840852030423,-0.6150006482623644,0.08541552104651623,2
V18_f2,B0_daily_top1,1.1950329449853245,1.2523497579878264,2.384290411525498,-0.15120406668862196,1.1911361092167394,0.5432098765432098,1.0,243,386.11114,0.39383336280000003,0.6451128220915758,0.334275020843001,0.64462425029129,0.33230195823067366,0.014322495684759939,2
V18_f2,S1_h5_sl8_t1,0.11894392536010456,0.12307457575646374,0.5091223404397028,-0.2951342539229209,0.11051500699649774,0.5102040816326531,4.959183673469388,49,62.64054,0.0638933508,0.42814023476015883,-0.21650276483666275,0.4133454661777225,-0.2142649949556953,0.015686628585904545,2
V18_f2,S2_h5_sl8_t2,0.3856408716412134,0.40053823550408696,1.3677602557799713,-0.1440453408472172,0.8496756999106811,0.4897959183673469,4.969387755102041,98,58.47364,0.0596431128,0.2408646771766696,0.11667363664017971,0.5476166342319151,0.19517693141665982,0.019979073019609755,1
V18_f2,S3_nr3_t1,0.26965255753131046,0.27962995058147855,0.9689256694777776,-0.19528805905916258,0.26768153659391225,0.5185185185185185,3.0123456790123457,81,91.2128,0.09303705599999999,0.15421099437464547,0.1000177296172895,0.14660649550977878,0.10559423966136139,0.01195995572800161,1
V18_f2,S4_re300_t2,0.30246336397825724,0.31379716386338763,1.1635360632307628,-0.13563457273621615,0.5563039390345275,0.5227272727272727,5.545454545454546,88,49.19846,0.0501824292,0.18101877577696945,0.10283036196557727,0.43161976346524766,0.08709308068469324,0.026742525179664207,1
V18_f2,S5_re300_sl8_tr15_t2,0.2129148076381071,0.22061536481469113,0.8690802037090267,-0.13563457273621615,0.3819968160393197,0.4942528735632184,5.609195402298851,87,48.09862,0.049060592400000005,0.18101877577696945,0.027007218272337763,0.43161976346524766,-0.034662100015869446,0.025008248964636874,1
