set,strategy,variant,cum_net,sharpe,maxdd,n
V1_allz,S4_re300_t2,base,0.9724247264000005,2.6006648102989276,-0.11332428250822268,64
V1_allz,S4_re300_t2,nocost,1.0418199999999946,2.7193597480498326,-0.11039155126033684,64
V1_allz,S4_re300_t2,cap1w,0.8990773119999993,2.505856570350134,-0.11527574109899641,66
V1_allz,S4_re300_t2,cap3w,0.9504935853333303,2.571000001893037,-0.11452704657580581,64
V1_allz,S4_re300_t2,close_seq,0.6369819451999994,1.8080313288053969,-0.15887462475848968,50
V1_allz,S5_re300_sl8_tr15_t2,base,0.8248904707999984,2.4144858736921453,-0.08811016768813051,63
V1_allz,S5_re300_sl8_tr15_t2,nocost,0.8768799999999994,2.5242353345092705,-0.08476799475323826,63
V1_allz,S5_re300_sl8_tr15_t2,cap1w,0.6748445120000002,2.170202275578509,-0.08585579565300028,66
V1_allz,S5_re300_sl8_tr15_t2,cap3w,0.787836994666667,2.3520173734145384,-0.08968173311209793,63
V1_allz,S5_re300_sl8_tr15_t2,close_seq,0.3163889887999989,1.16389576121186,-0.19893261711886523,54
V2_allz,S4_re300_t2,base,0.03875180617729934,0.28840212559033507,-0.18890457208512723,69
V2_allz,S4_re300_t2,nocost,0.07799628492973754,0.46394124163371553,-0.17857734212007803,69
V2_allz,S4_re300_t2,cap1w,-0.018671330290285892,0.01629458916595645,-0.194374979038761,69
V2_allz,S4_re300_t2,cap3w,0.03198285505788134,0.2576213344762624,-0.18822667018604045,69
V2_allz,S4_re300_t2,close_seq,-0.15546667419374016,-0.7230647644275586,-0.18634830539956582,62
V2_allz,S5_re300_sl8_tr15_t2,base,-0.019217743343760696,0.017212839614447115,-0.18018252110947164,73
V2_allz,S5_re300_sl8_tr15_t2,nocost,0.01809077693426131,0.19360074190580223,-0.1705948372615037,73
V2_allz,S5_re300_sl8_tr15_t2,cap1w,-0.011613789660349982,0.04906590973263897,-0.19194708624078238,72
V2_allz,S5_re300_sl8_tr15_t2,cap3w,-0.02721857374384029,-0.022410523742837314,-0.1825797213396515,73
V2_allz,S5_re300_sl8_tr15_t2,close_seq,-0.1879130045878722,-0.858591947595288,-0.2136878936516441,67
V3_allz,S4_re300_t2,base,-0.1136982303272136,-0.2180098113993861,-0.33870059185606916,85
V3_allz,S4_re300_t2,nocost,-0.08004367891874153,-0.09751821001998154,-0.32581628474802504,85
V3_allz,S4_re300_t2,cap1w,-0.14669235207660847,-0.36467282222685454,-0.346726427328775,85
V3_allz,S4_re300_t2,cap3w,-0.12250270289413301,-0.2520297593824088,-0.3405725684475728,85
V3_allz,S4_re300_t2,close_seq,0.3241595131615269,1.0524679525619884,-0.21981299090184347,77
V3_allz,S5_re300_sl8_tr15_t2,base,-0.09033244661824136,-0.1473523329306275,-0.2673101837995949,91
V3_allz,S5_re300_sl8_tr15_t2,nocost,-0.044976924344816704,0.007227363821750864,-0.25275348234531925,91
V3_allz,S5_re300_sl8_tr15_t2,cap1w,-0.18700073370852732,-0.6590425344992786,-0.29774720060007887,91
V3_allz,S5_re300_sl8_tr15_t2,cap3w,-0.07593062794220817,-0.10865677440947805,-0.2508979835923343,91
V3_allz,S5_re300_sl8_tr15_t2,close_seq,0.1424169548412617,0.5913883201766346,-0.2789879360497758,78
V4_allz,S4_re300_t2,base,0.6081283543721305,1.6607079807975327,-0.2184518675589635,90
V4_allz,S4_re300_t2,nocost,0.6715509923602456,1.7882127692295353,-0.2124776762652576,90
V4_allz,S4_re300_t2,cap1w,0.8435163076764778,2.1145939129545694,-0.2069552286864892,89
V4_allz,S4_re300_t2,cap3w,0.5438662896366164,1.5618108449745571,-0.21729143687625485,90
V4_allz,S4_re300_t2,close_seq,-0.2940828622693308,-1.0663505706320178,-0.4338962193201069,76
V4_allz,S5_re300_sl8_tr15_t2,base,0.23609155424349848,0.7989846136846217,-0.2939001842225081,97
V4_allz,S5_re300_sl8_tr15_t2,nocost,0.2941105137636957,0.9373258775466471,-0.2743184720448614,97
V4_allz,S5_re300_sl8_tr15_t2,cap1w,0.4178305121656676,1.2168349194619275,-0.26274328510376044,95
V4_allz,S5_re300_sl8_tr15_t2,cap3w,0.24921324407135081,0.8427954348295544,-0.2818620430186366,97
V4_allz,S5_re300_sl8_tr15_t2,close_seq,-0.18169088035921144,-0.5361800812193132,-0.4295918731347651,78
V5_allz,S4_re300_t2,base,-0.22154586728708736,-0.9851077406635492,-0.303912148459041,68
V5_allz,S4_re300_t2,nocost,-0.18853692257644772,-0.802527657832613,-0.2780891480157983,68
V5_allz,S4_re300_t2,cap1w,-0.12251068981038493,-0.5427228612952587,-0.2911755577542833,67
V5_allz,S4_re300_t2,cap3w,-0.2354615354015802,-1.0981151295644096,-0.3067899272620497,68
V5_allz,S4_re300_t2,close_seq,0.15554559214492802,0.7308232269769421,-0.11179828193556629,66
V5_allz,S5_re300_sl8_tr15_t2,base,-0.17296567860039003,-0.6810271770434174,-0.32009176232886793,70
V5_allz,S5_re300_sl8_tr15_t2,nocost,-0.1399032205595312,-0.5129894856017654,-0.2994733872484483,70
V5_allz,S5_re300_sl8_tr15_t2,cap1w,-0.22262957248897497,-1.1370151801872728,-0.3301089857126739,69
V5_allz,S5_re300_sl8_tr15_t2,cap3w,-0.1802967632034842,-0.751430073023172,-0.3144274551331796,70
V5_allz,S5_re300_sl8_tr15_t2,close_seq,0.170781867279024,0.8006796745318489,-0.10345150564053407,66
V6_allz,S4_re300_t2,base,0.3076234432915457,1.3133911366504025,-0.22824586774761235,50
V6_allz,S4_re300_t2,nocost,0.3469408346113467,1.4422322360080553,-0.21947360362046375,50
V6_allz,S4_re300_t2,cap1w,0.18913081392907793,0.9873801317428863,-0.21818556819286317,50
V6_allz,S4_re300_t2,cap3w,0.2810348621038383,1.2393009344518127,-0.23564647063422717,50
V6_allz,S4_re300_t2,close_seq,0.6399432005967147,2.0951072911280635,-0.14470955360396742,55
V6_allz,S5_re300_sl8_tr15_t2,base,0.11569247747297551,0.6119575792245493,-0.2911676833272926,56
V6_allz,S5_re300_sl8_tr15_t2,nocost,0.14103236742271297,0.7177682396601913,-0.28203070302761213,56
V6_allz,S5_re300_sl8_tr15_t2,cap1w,0.031699399413167795,0.2630492529129114,-0.2726516992057222,56
V6_allz,S5_re300_sl8_tr15_t2,cap3w,0.11133806237771382,0.5996611937202775,-0.28104511771524876,56
V6_allz,S5_re300_sl8_tr15_t2,close_seq,0.6393920351052742,2.09600617485872,-0.14616399437989402,55
V7_allz,S4_re300_t2,base,0.4359822031556275,1.6094768995239102,-0.2590595792396242,82
V7_allz,S4_re300_t2,nocost,0.47932131495227837,1.7350152455959893,-0.25450033837130615,82
V7_allz,S4_re300_t2,cap1w,0.05751202759916185,0.3827830443615537,-0.28421393260026906,72
V7_allz,S4_re300_t2,cap3w,0.40580786768003607,1.5793021018698032,-0.24697696088602883,82
V7_allz,S4_re300_t2,close_seq,0.06739491379017015,0.4062222499600157,-0.2314845538354271,64
V7_allz,S5_re300_sl8_tr15_t2,base,0.3096178046121296,1.2784311676723301,-0.23570307112333266,83
V7_allz,S5_re300_sl8_tr15_t2,nocost,0.37407711238720265,1.4793790762854715,-0.22950037380501687,83
V7_allz,S5_re300_sl8_tr15_t2,cap1w,-0.011479889017904643,0.040359967679167504,-0.29421878661076994,75
V7_allz,S5_re300_sl8_tr15_t2,cap3w,0.29181340702221514,1.2624140531608492,-0.22838649709454872,83
V7_allz,S5_re300_sl8_tr15_t2,close_seq,0.06886053446885332,0.4037284806979397,-0.26833818000284027,69
V8_allz,S4_re300_t2,base,0.5399666967422765,1.7300749434662792,-0.18523061605874747,58
V8_allz,S4_re300_t2,nocost,0.5806432269283803,1.820244088182684,-0.18188861030509618,58
V8_allz,S4_re300_t2,cap1w,0.5474679410362919,1.8715831281649973,-0.13786917625552864,61
V8_allz,S4_re300_t2,cap3w,0.5129285527006278,1.6903728317694138,-0.176444014088732,58
V8_allz,S4_re300_t2,close_seq,0.6221173881114226,1.9316985386987657,-0.25575804129512447,53
V8_allz,S5_re300_sl8_tr15_t2,base,0.36035505318269356,1.309072297166272,-0.21083830774043844,58
V8_allz,S5_re300_sl8_tr15_t2,nocost,0.4125807031921467,1.4484578778227473,-0.198918218440995,58
V8_allz,S5_re300_sl8_tr15_t2,cap1w,0.38950364547067484,1.4895003521100652,-0.14405555380399793,61
V8_allz,S5_re300_sl8_tr15_t2,cap3w,0.35497202016743423,1.3165901125807529,-0.20054044307410557,58
V8_allz,S5_re300_sl8_tr15_t2,close_seq,0.5034322815059158,1.616424300147507,-0.2096364333787758,56
V9_allz,S4_re300_t2,base,0.7008179290781067,2.0839066113924836,-0.14093872512700378,62
V9_allz,S4_re300_t2,nocost,0.7583154397763632,2.1945889768066422,-0.1360969886585841,62
V9_allz,S4_re300_t2,cap1w,0.5838212085843988,1.9873809665037223,-0.12692494475567584,62
V9_allz,S4_re300_t2,cap3w,0.6871936243038712,2.086878795451995,-0.13745503204089804,62
V9_allz,S4_re300_t2,close_seq,0.6002493009833123,1.952318361603503,-0.15066509973368225,59
V9_allz,S5_re300_sl8_tr15_t2,base,0.6145150462727151,1.8349713671445187,-0.19585315599893605,61
V9_allz,S5_re300_sl8_tr15_t2,nocost,0.6422233926184,1.8881563434193616,-0.1963441682600381,61
V9_allz,S5_re300_sl8_tr15_t2,cap1w,0.5000044912451445,1.7223869745468117,-0.16234740325688124,61
V9_allz,S5_re300_sl8_tr15_t2,cap3w,0.5999738839072863,1.8343752365114703,-0.18981031090153277,61
V9_allz,S5_re300_sl8_tr15_t2,close_seq,0.4621746362520205,1.485272149806765,-0.2205897794505295,63
V10_allz,S4_re300_t2,base,0.43574043938241425,1.4868516976450565,-0.1945104947313917,60
V10_allz,S4_re300_t2,nocost,0.4762893312166725,1.587402218155956,-0.1902530329289429,60
V10_allz,S4_re300_t2,cap1w,0.3125731932320934,1.2152520138608933,-0.20291847248867378,60
V10_allz,S4_re300_t2,cap3w,0.4094195414341557,1.4402065450903974,-0.19587644830966688,60
V10_allz,S4_re300_t2,close_seq,0.25311088500368695,0.9195098948011243,-0.21825298868104015,48
V10_allz,S5_re300_sl8_tr15_t2,base,0.5220450444594731,1.710099880649783,-0.14046055030343219,74
V10_allz,S5_re300_sl8_tr15_t2,nocost,0.5865592054381865,1.861976607007837,-0.1366729934924078,74
V10_allz,S5_re300_sl8_tr15_t2,cap1w,0.4161441178679799,1.5303689461255854,-0.13360053926829363,74
V10_allz,S5_re300_sl8_tr15_t2,cap3w,0.4998902553226403,1.6729939119861401,-0.13897058380454286,74
V10_allz,S5_re300_sl8_tr15_t2,close_seq,-0.16060821011845394,-0.4832446972325319,-0.3162066477090526,60
V12_allz,S4_re300_t2,base,-0.005529493322598222,0.13473753849791878,-0.3459668051594431,58
V12_allz,S4_re300_t2,nocost,0.017963340122199467,0.21287287621783413,-0.34443017550791954,58
V12_allz,S4_re300_t2,cap1w,0.1837929096669475,0.7578570109589896,-0.18426490402393558,56
V12_allz,S4_re300_t2,cap3w,-0.045023444115912636,-0.005943210899622273,-0.350551324072625,58
V12_allz,S4_re300_t2,close_seq,0.21175990042046888,0.7530738651300072,-0.2597728568320363,58
V12_allz,S5_re300_sl8_tr15_t2,base,0.3855771985452372,1.1957149310917374,-0.32015157602504996,77
V12_allz,S5_re300_sl8_tr15_t2,nocost,0.4448472505091672,1.326957925288966,-0.3125729223589184,77
V12_allz,S5_re300_sl8_tr15_t2,cap1w,0.14394871157519362,0.6336772988892053,-0.31225185510340703,81
V12_allz,S5_re300_sl8_tr15_t2,cap3w,0.44377408419201925,1.3383490923712529,-0.31710780515117354,77
V12_allz,S5_re300_sl8_tr15_t2,close_seq,-0.01953137346054834,0.057927827387494454,-0.33291270910867743,65
V13_allz,S4_re300_t2,base,0.12223503189813711,0.5141910475417614,-0.26944165304189116,61
V13_allz,S4_re300_t2,nocost,0.14992927864214933,0.5860032925420008,-0.2687749312365896,61
V13_allz,S4_re300_t2,cap1w,0.027077474317199313,0.24733243589057569,-0.26516241768394233,61
V13_allz,S4_re300_t2,cap3w,0.0978271151856982,0.4521275421099648,-0.2686239649505724,61
V13_allz,S4_re300_t2,close_seq,0.2584709214037322,0.8301067780320922,-0.23984386375591382,58
V13_allz,S5_re300_sl8_tr15_t2,base,0.36863078701612184,1.1071330794377714,-0.33377430524253215,73
V13_allz,S5_re300_sl8_tr15_t2,nocost,0.4037785411194179,1.1830392870044997,-0.3291622407171789,73
V13_allz,S5_re300_sl8_tr15_t2,cap1w,0.21823186526992733,0.7998008437176338,-0.3018623678205091,69
V13_allz,S5_re300_sl8_tr15_t2,cap3w,0.3363072694209559,1.0461836425944997,-0.33485094874415156,73
V13_allz,S5_re300_sl8_tr15_t2,close_seq,0.23279202966733226,0.7866847442761405,-0.25303740351752146,66
V14_allz,S4_re300_t2,base,0.12944245886640715,0.5562527691472968,-0.2863704152171561,63
V14_allz,S4_re300_t2,nocost,0.17175907459114392,0.6804781447149463,-0.2785664486078352,63
V14_allz,S4_re300_t2,cap1w,0.09283341450210747,0.4728937972861241,-0.25892839563196457,62
V14_allz,S4_re300_t2,cap3w,0.11215973503749121,0.5067530711800964,-0.28465922056920334,63
V14_allz,S4_re300_t2,close_seq,-0.1834318883270979,-0.4831397538889203,-0.3780417772020426,52
V14_allz,S5_re300_sl8_tr15_t2,base,0.12799500496906235,0.5308880192805369,-0.25008808108025915,81
V14_allz,S5_re300_sl8_tr15_t2,nocost,0.16603510171519842,0.6279861888281189,-0.24574393573378683,81
V14_allz,S5_re300_sl8_tr15_t2,cap1w,0.18470234443828404,0.7508760720116859,-0.17255928431490863,78
V14_allz,S5_re300_sl8_tr15_t2,cap3w,0.12560295998239646,0.5291396059549551,-0.2331414263826923,81
V14_allz,S5_re300_sl8_tr15_t2,close_seq,-0.04762433241273367,-0.01700221138967304,-0.29282321485631035,61
V15_allz,S4_re300_t2,base,0.6987115146412222,1.5927695370826447,-0.22653729198024863,44
V15_allz,S4_re300_t2,nocost,0.7502431554332301,1.6648075264615658,-0.2288915363362145,44
V15_allz,S4_re300_t2,cap1w,0.2122824229359872,0.7336847979551486,-0.29173310268912245,44
V15_allz,S4_re300_t2,cap3w,0.649560405868215,1.5481558598657348,-0.2250842189861647,44
V15_allz,S4_re300_t2,close_seq,0.31899719388581627,0.9628079730555124,-0.27276610149563874,35
V15_allz,S5_re300_sl8_tr15_t2,base,0.004309010643483546,0.20535638799138886,-0.2865831031182219,56
V15_allz,S5_re300_sl8_tr15_t2,nocost,0.032179293504127626,0.27770373800585185,-0.2750165373744662,56
V15_allz,S5_re300_sl8_tr15_t2,cap1w,0.09499877987089089,0.43807118835232683,-0.28251242435949286,59
V15_allz,S5_re300_sl8_tr15_t2,cap3w,0.02332981483968144,0.25198984932497065,-0.2700308796606937,56
V15_allz,S5_re300_sl8_tr15_t2,close_seq,0.26367755064484766,0.8014604890409339,-0.2593874046860071,43
V16_allz,S4_re300_t2,base,1.1510388657083088,2.409109052943424,-0.20852031792120274,75
V16_allz,S4_re300_t2,nocost,1.225581442097012,2.5104502589398865,-0.20866153830395284,75
V16_allz,S4_re300_t2,cap1w,1.043258898958685,2.38555247699388,-0.20702208424837898,75
V16_allz,S4_re300_t2,cap3w,1.0870179884493893,2.35321736215808,-0.20816558322753742,75
V16_allz,S4_re300_t2,close_seq,0.9533739686683629,2.01101004443322,-0.33256787601348314,62
V16_allz,S5_re300_sl8_tr15_t2,base,1.0182377479162614,2.1057777917170593,-0.26839486461753725,79
V16_allz,S5_re300_sl8_tr15_t2,nocost,1.1060968500613133,2.2169633167628553,-0.2619794678319889,79
V16_allz,S5_re300_sl8_tr15_t2,cap1w,0.5816214590558693,1.5533373077855945,-0.2529406526004473,77
V16_allz,S5_re300_sl8_tr15_t2,cap3w,0.9721276331206159,2.0771859349619115,-0.2583627685620856,79
V16_allz,S5_re300_sl8_tr15_t2,close_seq,0.8058932892040789,1.8566652329644706,-0.2679305145144698,68
V17_allz,S4_re300_t2,base,0.11817932820045507,0.4944432523642794,-0.3361578254681654,57
V17_allz,S4_re300_t2,nocost,0.1433481311757152,0.5565666826258019,-0.3323353293413174,57
V17_allz,S4_re300_t2,cap1w,0.2555908527501911,0.8996375393379333,-0.2498824213181997,59
V17_allz,S4_re300_t2,cap3w,0.14286363719216122,0.5592396804759132,-0.3117031934829656,57
V17_allz,S4_re300_t2,close_seq,0.7560515814438935,1.7883073868759756,-0.18668167049971274,59
V17_allz,S5_re300_sl8_tr15_t2,base,0.09041695043753073,0.4286631038835778,-0.38413386930883764,69
V17_allz,S5_re300_sl8_tr15_t2,nocost,0.1441050715001757,0.5682088750701526,-0.3757258076193509,69
V17_allz,S5_re300_sl8_tr15_t2,cap1w,0.17853185990953047,0.7117644280473617,-0.3024008228112097,67
V17_allz,S5_re300_sl8_tr15_t2,cap3w,0.12947775404206174,0.5354558841329723,-0.37652847678053936,69
V17_allz,S5_re300_sl8_tr15_t2,close_seq,-0.012890948334118413,0.12638395947475087,-0.3904508167449956,64
V11_allz,S4_re300_t2,base,0.7694704705353461,2.1654070832205,-0.1350920161334176,84
V11_allz,S4_re300_t2,nocost,0.835788803058054,2.309001373211709,-0.13092460345518397,84
V11_allz,S4_re300_t2,cap1w,0.558048842729461,1.8303562788871042,-0.1343267479352629,84
V11_allz,S4_re300_t2,cap3w,0.7540612961223871,2.176634581799252,-0.13540707203516056,84
V11_allz,S4_re300_t2,close_seq,0.45896839372790765,1.4852723226823015,-0.24752645246780347,71
V11_allz,S5_re300_sl8_tr15_t2,base,0.4960444593089197,1.62329438701991,-0.1388697986766564,88
V11_allz,S5_re300_sl8_tr15_t2,nocost,0.568666879031617,1.7959513662803464,-0.1324219181105839,88
V11_allz,S5_re300_sl8_tr15_t2,cap1w,0.3264840479755291,1.3010453126970665,-0.14500675274375818,88
V11_allz,S5_re300_sl8_tr15_t2,cap3w,0.48419166139715974,1.6164957856997753,-0.13747024434771238,88
V11_allz,S5_re300_sl8_tr15_t2,close_seq,0.8038796470999068,2.264256916411493,-0.12543950133250625,70
V11_mixA,S4_re300_t2,base,0.6786712185949422,1.8106104387474835,-0.19115754111470307,78
V11_mixA,S4_re300_t2,nocost,0.7374290510832204,1.9226279722569102,-0.19167485116341088,78
V11_mixA,S4_re300_t2,cap1w,0.5380278114544599,1.614006591410021,-0.18739243464984778,78
V11_mixA,S4_re300_t2,cap3w,0.6682914238959872,1.8110059620703467,-0.18884952832746082,78
V11_mixA,S4_re300_t2,close_seq,0.03351656273760306,0.26387828950051656,-0.2800922697652809,69
V11_mixA,S5_re300_sl8_tr15_t2,base,0.8907065971443384,2.285488127256175,-0.19139194068064647,80
V11_mixA,S5_re300_sl8_tr15_t2,nocost,0.9620273403149742,2.411265948201947,-0.18981241111537506,80
V11_mixA,S5_re300_sl8_tr15_t2,cap1w,0.74981355549197,2.161541071054645,-0.17605252220006018,80
V11_mixA,S5_re300_sl8_tr15_t2,cap3w,0.8605891509779904,2.2609268339679445,-0.19087314402701339,80
V11_mixA,S5_re300_sl8_tr15_t2,close_seq,0.1502099575126501,0.5967490571816588,-0.22528061508474895,73
V11_mixB,S4_re300_t2,base,0.5641068437568253,1.7972370871428618,-0.1348560891491838,84
V11_mixB,S4_re300_t2,nocost,0.6299673488890658,1.9510554079084232,-0.12993728537144844,84
V11_mixB,S4_re300_t2,cap1w,0.38389558547622005,1.4778338150121624,-0.13709250222038694,84
V11_mixB,S4_re300_t2,cap3w,0.5488054714961312,1.787817388099175,-0.1341000133741439,84
V11_mixB,S4_re300_t2,close_seq,0.3040171009658226,1.1478473010938497,-0.2255918440312411,66
V11_mixB,S5_re300_sl8_tr15_t2,base,0.49335843304978644,1.6439092430141389,-0.13865241561681207,87
V11_mixB,S5_re300_sl8_tr15_t2,nocost,0.552500597276419,1.7899485830728055,-0.1344089744477529,87
V11_mixB,S5_re300_sl8_tr15_t2,cap1w,0.3160851716823809,1.293111059084331,-0.146276716302274,87
V11_mixB,S5_re300_sl8_tr15_t2,cap3w,0.4754999773798192,1.61664016594005,-0.13749887993447585,87
V11_mixB,S5_re300_sl8_tr15_t2,close_seq,0.5866769697937231,1.8406071813838245,-0.11665984026470155,70
V11_mixC,S4_re300_t2,base,0.7694704705353461,2.1654070832205,-0.1350920161334176,84
V11_mixC,S4_re300_t2,nocost,0.835788803058054,2.309001373211709,-0.13092460345518397,84
V11_mixC,S4_re300_t2,cap1w,0.558048842729461,1.8303562788871042,-0.1343267479352629,84
V11_mixC,S4_re300_t2,cap3w,0.7540612961223871,2.176634581799252,-0.13540707203516056,84
V11_mixC,S4_re300_t2,close_seq,0.45896839372790765,1.4852723226823015,-0.24752645246780347,71
V11_mixC,S5_re300_sl8_tr15_t2,base,0.4960444593089197,1.62329438701991,-0.1388697986766564,88
V11_mixC,S5_re300_sl8_tr15_t2,nocost,0.568666879031617,1.7959513662803464,-0.1324219181105839,88
V11_mixC,S5_re300_sl8_tr15_t2,cap1w,0.3264840479755291,1.3010453126970665,-0.14500675274375818,88
V11_mixC,S5_re300_sl8_tr15_t2,cap3w,0.48419166139715974,1.6164957856997753,-0.13747024434771238,88
V11_mixC,S5_re300_sl8_tr15_t2,close_seq,0.8038796470999068,2.264256916411493,-0.12543950133250625,70
V11_ensw2,S4_re300_t2,base,1.1392620662701294,2.335226255427495,-0.19656090926680703,80
V11_ensw2,S4_re300_t2,nocost,1.2038653490545443,2.4156799969523863,-0.1951846997718556,80
V11_ensw2,S4_re300_t2,cap1w,0.9951400641665815,2.2463563225920886,-0.1888140052820102,80
V11_ensw2,S4_re300_t2,cap3w,1.102604035061638,2.3071899885839624,-0.19763054262663027,80
V11_ensw2,S4_re300_t2,close_seq,0.32703284032195357,1.059349063392278,-0.3125147900627586,68
V11_ensw2,S5_re300_sl8_tr15_t2,base,1.257504419767078,2.547115364485857,-0.15592855302522624,89
V11_ensw2,S5_re300_sl8_tr15_t2,nocost,1.3440041357644228,2.6602453097451235,-0.15477976154762618,89
V11_ensw2,S5_re300_sl8_tr15_t2,cap1w,1.0517007931277744,2.414640328745131,-0.15353337014145974,89
V11_ensw2,S5_re300_sl8_tr15_t2,cap3w,1.223447499263516,2.532875430587704,-0.1548603525749015,89
V11_ensw2,S5_re300_sl8_tr15_t2,close_seq,0.3567107412859418,1.1429091901448443,-0.2283223074896067,73
V18_f1,S4_re300_t2,base,-0.03107963320122531,0.05845992910788532,-0.3926299408727678,90
V18_f1,S4_re300_t2,nocost,0.0020135023096061744,0.16870393098252284,-0.38326225267426417,90
V18_f1,S4_re300_t2,cap1w,-0.042822050868129846,0.012643984125874865,-0.472329719128735,87
V18_f1,S4_re300_t2,cap3w,-0.03882576953502015,0.0273342024552252,-0.3894711815727271,90
V18_f1,S4_re300_t2,close_seq,0.017508571931125427,0.2069073161845727,-0.31387948845937863,78
V18_f1,S5_re300_sl8_tr15_t2,base,-0.052778133871202115,0.02830444465664049,-0.5103855416889751,100
V18_f1,S5_re300_sl8_tr15_t2,nocost,-0.010205693079078593,0.15217117086311172,-0.5018612899618156,100
V18_f1,S5_re300_sl8_tr15_t2,cap1w,-0.09399984608596701,-0.19676333751685493,-0.42479565293378263,94
V18_f1,S5_re300_sl8_tr15_t2,cap3w,-0.03565871558292688,0.060221248624828035,-0.4836125192533888,100
V18_f1,S5_re300_sl8_tr15_t2,close_seq,0.013395382691909097,0.20419513262782168,-0.380252526058076,82
V18_f2,S4_re300_t2,base,0.30246336397825724,1.1635360632307628,-0.13563457273621615,88
V18_f2,S4_re300_t2,nocost,0.35795023365419265,1.318699312274191,-0.12934342111345676,88
V18_f2,S4_re300_t2,cap1w,0.2490941899013095,1.1023453877143103,-0.13767851988026314,86
V18_f2,S4_re300_t2,cap3w,0.2959636663437659,1.1630891308283637,-0.13483799583801237,88
V18_f2,S4_re300_t2,close_seq,0.026166312600840236,0.2306199764301237,-0.28046519468759334,74
V18_f2,S5_re300_sl8_tr15_t2,base,0.2129148076381071,0.8690802037090267,-0.13563457273621615,87
V18_f2,S5_re300_sl8_tr15_t2,nocost,0.2694012860965769,1.0360836022430449,-0.12934342111345676,87
V18_f2,S5_re300_sl8_tr15_t2,cap1w,0.1636347445043489,0.7613249414363282,-0.13767851988026314,85
V18_f2,S5_re300_sl8_tr15_t2,cap3w,0.2099369649179328,0.8690743886905672,-0.13483799583801237,87
V18_f2,S5_re300_sl8_tr15_t2,close_seq,0.16316834099489963,0.7466286988275264,-0.2730510480262007,78
V20b_ensw2,S4_re300_t2,base,0.2623230334025273,0.8725942514917263,-0.2638957032544681,75
V20b_ensw2,S4_re300_t2,nocost,0.3114398343553393,0.9928518859518631,-0.25015729722336166,75
V20b_ensw2,S4_re300_t2,cap1w,0.6093593999980582,1.8213489295807266,-0.176295380671458,76
V20b_ensw2,S4_re300_t2,cap3w,0.2757275023203509,0.9263134511572486,-0.24826139507833977,75
V20b_ensw2,S4_re300_t2,close_seq,0.1357935435274933,0.5506557944572625,-0.20496495823747163,61
V20b_ensw2,S5_re300_sl8_tr15_t2,base,0.4808055146596095,1.3400770345258821,-0.21123868744451335,77
V20b_ensw2,S5_re300_sl8_tr15_t2,nocost,0.5192920283507201,1.4097077921018957,-0.20221583914649144,77
V20b_ensw2,S5_re300_sl8_tr15_t2,cap1w,0.4474259210426319,1.363936784554632,-0.18225050440741075,74
V20b_ensw2,S5_re300_sl8_tr15_t2,cap3w,0.4870360785696193,1.3833814587993218,-0.19112356858112656,77
V20b_ensw2,S5_re300_sl8_tr15_t2,close_seq,0.07732020293347541,0.4010671178193765,-0.25812967992624025,70
