date,equity,npos,cash,ret
20250902,48979.0052,1,7.005199999999604,
20250903,48789.2528,1,3669.252800000002,-0.0038741579014348604
20250904,48907.44384000001,1,1036.4438400000072,0.0024224810427924126
20250905,49182.54252,1,339.5425200000027,0.005624883625077182
20250908,49650.274939999996,1,1465.2749399999957,0.009510130953677143
20250909,49071.865419999995,1,2511.8654199999946,-0.011649674059186599
20250910,49233.399419999994,1,593.3994199999943,0.0032917843782267475
20250911,50799.772379999995,1,839.7723799999949,0.031815250997348166
20250912,50032.072539999994,1,822.0725399999938,-0.015112269288479085
20250915,50288.84361999999,1,2409.8436199999924,0.005132129591367995
20250916,49603.23272,1,2361.2327199999927,-0.01363345924556758
20250917,49658.43461999999,1,2312.4346199999927,0.0011128690001234176
20250918,49103.162499999984,1,1340.162499999984,-0.011181828912834368
20250919,48590.28589999998,1,1291.285899999988,-0.010444879186753075
20250922,48329.34297999999,1,2349.3429799999867,-0.005370269286684604
20250923,46401.93185999998,1,1041.9318599999824,-0.03988076396564344
20250924,47054.323219999984,1,1050.3232199999838,0.014059573251569368
20250925,47491.99937999998,1,251.99937999997928,0.009301507917852003
20250926,46283.684979999976,1,1364.6849799999763,-0.025442483276643335
20250929,46664.001779999984,1,704.0017799999841,0.0082170812493505
20250930,51609.36177999998,1,217.36177999998472,0.1059780518463711
20251009,53865.33393999998,1,4985.333939999982,0.04371245995284245
20251010,53710.107699999986,1,6520.107699999986,-0.0028817465454293867
20251013,53195.378179999985,1,1559.3781799999852,-0.00958347584918362
20251014,52693.94753999999,1,4161.9475399999865,-0.009426206884050714
20251015,57615.45577999999,1,3143.4557799999893,0.09339797964963781
20251016,59764.73081999999,1,10572.73081999999,0.03730379306911735
20251017,59016.21121999999,1,10222.21121999999,-0.012524436899990388
20251020,58842.11149999999,1,10172.111499999992,-0.0029500321420328213
20251021,58880.55196,1,10745.55195999999,0.0006532814513293683
20251022,58165.75623999999,1,11269.756239999988,-0.012139759159961683
20251023,58093.06839999999,1,9565.06839999999,-0.0012496672389176178
20251024,58643.354319999984,1,9515.354319999984,0.009472488459569828
20251027,59400.59716,1,10719.597159999998,0.012912679514680558
20251028,61595.31382,1,10775.313820000003,0.036947720476418366
20251029,61109.648819999995,1,11429.648820000002,-0.007884771906825017
20251030,60179.07729999999,1,12403.07729999999,-0.015227898342879187
20251031,61719.381359999985,1,11248.381359999985,0.025595341921269332
20251103,60363.326299999986,1,11634.326299999986,-0.021971300264504112
20251104,58489.049839999985,1,11316.049839999985,-0.031049920123437658
20251105,58644.300359999994,1,8076.300359999994,0.002654351890220674
20251106,59695.10515999999,1,9826.105159999992,0.017918276687579393
20251107,61253.23051999999,1,9422.23051999999,0.02610139233064035
20251110,61655.51881999999,1,12830.51881999999,0.00656762584740167
20251111,61860.20125999999,1,13530.201259999994,0.0033197748379598657
20251112,62706.34425999999,1,15799.34425999999,0.013678309846481884
20251113,63867.624619999995,1,13137.624619999995,0.0185193439946838
20251114,62569.61069999999,1,15733.61069999999,-0.020323503930558484
20251117,62180.77221999999,1,13900.772219999992,-0.006214494155387107
20251118,60466.84181999998,1,12210.84181999998,-0.02756367183630337
20251119,62384.02741999998,1,11664.027419999977,0.03170639547716325
20251120,60293.73281999998,1,12683.732819999983,-0.03350688768339849
20251121,57472.74527999999,1,12634.745279999988,-0.0467874090400362
20251124,59257.99479999999,1,8904.994799999986,0.0310625412324137
20251125,59795.88347999998,1,9767.883479999982,0.009077065159146969
20251126,59097.268999999986,1,10477.268999999986,-0.011683320645871298
20251127,58980.889319999995,1,9678.889319999995,-0.001969290323720174
20251128,60376.817879999995,1,10588.817879999995,0.023667472228612985
20251201,61547.48276,1,12267.482759999992,0.019389310684222005
20251202,60720.58465999999,1,11412.584659999993,-0.01343512460492391
20251203,59695.13941999999,1,12007.139419999992,-0.01688793422760826
20251204,59717.26841999999,1,9967.268419999993,0.00037070019795582
20251205,60253.950339999996,1,11708.950339999996,0.00898704736836664
20251208,61978.490179999986,1,10615.490179999993,0.028621191312250716
20251209,61147.80889999998,1,12007.808899999989,-0.013402735006733946
20251210,61513.05273999999,1,11957.052739999992,0.005973130461588871
20251211,61254.62209999999,1,11906.622099999993,-0.004201232559410073
20251212,60301.92781999999,1,12877.92781999999,-0.015553018651306094
20251215,59828.63741999999,1,10348.637419999992,-0.007848677763881096
20251216,58410.013819999986,1,9998.013819999986,-0.023711447580549105
20251217,56409.262659999986,1,8673.262659999986,-0.0342535642289975
20251218,57434.63129999998,1,6702.631299999979,0.0181773097475193
20251219,58575.350079999975,1,8643.350079999975,0.019861166585045886
20251222,59931.70357999998,1,10359.70357999998,0.02315570454376359
20251223,60037.06793999998,1,11114.067939999979,0.0017580738358180525
20251224,60596.16473999997,1,11064.164739999978,0.009312526730298476
20251225,61357.944279999974,1,11013.944279999974,0.012571415093159288
20251226,63221.46735999998,1,11237.46735999998,0.030371341508705463
20251229,62362.727119999974,1,13222.727119999974,-0.013583048224902972
20251230,63050.21503999998,1,12560.215039999981,0.011024019502500648
20251231,62040.93043999998,1,17154.930439999982,-0.01600763136746952
20260105,64567.63867999999,1,15283.63867999999,0.04072647238009419
20260106,65676.36974,1,15843.369739999987,0.01717162161520136
20260107,65282.76351999998,1,15792.763519999979,-0.0059931177919581025
20260108,64938.086739999984,1,15742.086739999992,-0.00527975167433592
20260109,68059.69902,1,14643.699019999993,0.048070592108732324
20260112,69732.91342,1,20336.913419999997,0.024584510717690744
20260113,68251.27192,1,20286.271919999992,-0.021247376989343647
20260114,67942.4724,1,18078.47239999999,-0.004524450773048638
20260115,68248.9344,1,22976.93439999999,0.004510610067230969
20260116,67240.0769,1,18779.0769,-0.014782025666323029
20260119,68195.4993,1,17745.499300000003,0.014209121167736205
20260120,68085.66764,1,20604.667640000007,-0.00161054118127113
20260121,70133.67834000001,1,20237.678340000006,0.03007990919364678
20260122,70193.19436000001,1,20223.19436000001,0.0008486082779155524
20260123,74474.54378,1,20172.543780000007,0.0609937966071501
20260126,77494.07250000001,1,27048.072500000002,0.0405444406469917
20260127,80074.17510000002,1,26974.175100000015,0.03329419292036828
20260128,79117.19562000001,1,29881.195620000013,-0.011951162516565361
20260129,81325.77206,1,31205.77206000001,0.02791525183232957
20260130,80442.38562000002,1,30402.38562000001,-0.010862318519991976
20260202,78879.90462000002,1,32133.904620000016,-0.01942360346423544
20260203,82202.53422000002,1,30752.534220000016,0.04212263714068376
20260204,84642.22422,1,32334.224220000004,0.02967901200552525
20260205,85473.73621999999,1,35143.73621999999,0.009823843922611708
20260206,83769.11161999998,1,34824.11161999999,-0.019943255968271845
20260209,86724.88638000001,1,35344.886379999996,0.035284781022965284
20260210,86419.52046,1,40459.52045999999,-0.0035210875764309923
20260211,86955.51898,1,36641.51897999999,0.006202285284006903
20260212,87744.06524,1,37888.06523999999,0.009068386564185404
20260213,89397.96849999999,1,38073.96849999998,0.018849175217448444
20260224,89567.07189999998,1,41492.07189999998,0.0018915798964715957
20260225,92274.44389999998,1,41903.44389999998,0.030227313928747446
20260226,94675.66829999998,1,45975.668299999976,0.026022637455309416
20260227,99116.03499999997,1,44831.03499999998,0.04690082235205084
20260302,99920.75595999998,1,51542.75595999999,0.008118978528550036
20260303,98458.13772,1,53630.13772,-0.014637781969799035
20260304,97648.45332,1,53583.45332,-0.00822364122204522
20260305,96958.6778,1,51038.6778,-0.0070638652896996
20260306,97143.42723999999,1,53183.42724,0.0019054451256139693
20260309,97778.4632,1,48087.463200000006,0.00653709651844081
20260310,99138.70980000001,1,52638.70980000001,0.013911515434822386
20260311,99702.95144,1,49554.951440000004,0.00569143618207546
20260312,98481.02448000001,1,52145.02448000001,-0.01225567490582602
20260313,99422.21956,1,49170.219560000005,0.009557121130387314
20260316,98426.91614000002,1,51041.916140000016,-0.010010875078073744
20260317,96605.55568000002,1,49356.55568000002,-0.018504699033842886
20260318,95434.46276000002,1,48170.462760000024,-0.012122417926761608
20260319,91928.76700000002,1,44828.76700000002,-0.03673406501817045
20260320,89854.28812000001,1,42070.28812000002,-0.022566155814969346
20260323,87013.46992000003,1,38863.469920000025,-0.03161583336129803
20260324,88651.01992000002,1,40387.01992000003,0.018819500032644987
20260325,89846.49056,1,40069.49056000001,0.01348513126051798
20260326,88307.81808,1,43919.818080000005,-0.017125571298441278
20260327,88841.54387999998,1,38837.54387999999,0.0060439246671961655
20260330,90327.08595999998,1,41096.08595999998,0.016721254664445517
20260331,89024.17683999997,1,40664.17683999998,-0.014424345766860913
20260401,89648.64023999998,1,40703.640239999986,0.007014537198387405
20260402,87584.21427999999,1,39672.21427999999,-0.023027967345330413
20260403,87297.10251999999,1,41264.10251999999,-0.003278122231959779
20260407,87626.74407999999,1,38054.74407999999,0.0037760882146631314
20260408,90159.36365999997,1,39115.36365999998,0.028902358595998878
20260409,87639.73257999998,1,40629.73257999998,-0.027946415965198868
20260410,86723.94909999998,1,38591.94909999998,-0.010449409794399456
20260413,86107.71541999998,1,36959.71541999998,-0.0071056920999923445
20260414,86737.34582,1,36949.34582,0.007312125248346568
20260415,85612.60592,1,36697.60592,-0.01296719295900628
20260416,87587.72604000002,1,36823.72604000002,0.023070435700154546
20260417,87150.29442000002,1,38706.29442000003,-0.004994211401266768
20260420,90466.77174000003,1,38716.77174000002,0.03805468865104511
20260421,89265.12990000003,1,40827.12990000002,-0.013282687299304707
20260422,89328.63132000003,1,39681.63132000002,0.0007113799091664763
20260423,90385.05462000004,1,39940.054620000024,0.011826256424052994
20260424,90777.61850000003,1,41439.618500000026,0.004343238842421604
20260427,90671.89778000003,1,41537.89778000002,-0.0011646121780557461
20260428,87351.83906000003,1,41251.83906000002,-0.03661618209487094
20260429,86498.93956,1,38006.939560000006,-0.009763955850021544
20260430,89052.58000000002,1,36900.58000000001,0.02952221672300026
20260506,89080.01044000001,1,39580.010440000005,0.00030802521386807946
20260507,89499.02235999999,1,41202.02235999999,0.004703770441093491
20260508,90379.02347999999,1,44899.02347999999,0.00983252215270336
20260511,89279.37665999998,1,40355.37665999998,-0.012167057992647501
20260512,88131.30725999999,1,42741.30725999999,-0.012859290050513561
20260513,88961.03201999998,1,38369.032019999984,0.009414642603135182
20260514,90406.24275999998,1,39033.24275999998,0.016245435863143864
20260515,88885.52583999999,1,39550.52583999998,-0.01682092821882908
20260518,89477.46621999997,1,40382.46621999997,0.00665958123559407
20260519,91693.01841999998,1,39313.01841999998,0.024761007364162424
20260520,90808.60961999997,1,42782.609619999974,-0.009645323223508306
20260521,89718.35085999998,1,41625.35085999998,-0.0120061166508586
20260522,90358.95861999996,1,40066.95861999997,0.0071402088185907875
20260525,89188.39989999996,1,41092.39989999997,-0.012954539736593551
20260526,88658.28405999998,1,38642.284059999976,-0.005943775654618344
20260527,89449.90385999999,1,42941.903859999984,0.008928887000162034
20260528,91218.55241999999,1,38730.552419999985,0.019772503755489224
20260529,93975.72394,1,41591.723939999996,0.030225995116706983
20260601,94924.16563999999,1,44270.16563999999,0.010092411744606844
20260602,95946.08548000001,1,47942.08548,0.010765644692370957
20260603,101312.9548,1,49346.9548,0.05593630311388487
20260604,102137.61951999998,1,53273.619519999986,0.008139775625219281
20260605,99617.00271999999,1,54593.00271999998,-0.02467863272950488
20260608,96865.9999,1,49687.99989999999,-0.027615795947328547
20260609,98109.42697999999,1,47669.42697999999,0.012836568881585464
20260610,96418.64737999998,1,47678.64737999999,-0.017233609980666587
20260611,94828.45617999998,1,47628.45617999999,-0.016492569053917827
20260612,96609.03753999999,1,45975.03753999998,0.01877686753246488
20260615,97792.23457999999,1,46568.23458,0.01224727075363008
20260616,97031.66586,1,48821.665859999994,-0.00777739381113951
20260617,98412.71146,1,50372.711460000006,0.014232937132014456
20260618,96868.72409999999,1,47948.72409999999,-0.015688901739360883
20260622,98329.69966,1,44940.69966,0.015082015104191937
20260623,97475.0838,1,51988.0838,-0.008691329913088852
20260624,95666.83352000001,1,47926.83352000001,-0.01855089741405258
20260625,94901.57362000001,1,46671.57362,-0.00799921845265239
20260626,92193.63168,1,44592.631680000006,-0.028534215363414384
20260629,91277.98200000002,1,42977.98200000001,-0.009931810509191896
20260630,99499.85736000001,1,53359.85736000001,0.09007512195000089
20260701,103310.54472,1,49850.544720000005,0.03829842033051922
20260702,103922.92808000001,1,61347.928080000005,0.005927597823240038
20260703,102722.82472,1,53906.82472,-0.011548013341927454
20260706,103368.22936,1,53448.22935999999,0.006282972082974014
20260707,102508.55135999998,1,57638.55136,-0.00831665595243991
20260708,98723.00568,1,52663.005679999995,-0.0369290720605886
20260709,99544.45049999999,1,49969.4505,0.008320703106048155
20260710,98431.97749999998,1,51919.977499999986,-0.011175640574760282
20260713,93489.70003999998,1,46401.70003999998,-0.0502100799508981
20260714,90631.87759999998,1,43855.877599999985,-0.030568313287744786
20260715,89551.42736,1,43807.427359999994,-0.011921304827960166
20260716,85979.24056,1,40275.24056,-0.03988978071382021
20260717,81029.59090000001,1,37071.59090000001,-0.0575679620773798
20260720,81096.60578000001,1,33396.60578000003,0.0008270420627287667
20260721,83206.15178000001,1,31546.151780000015,0.026012753304655023
20260722,82819.38386000003,1,32863.38386000002,-0.004648309190197986
20260723,83080.94164000003,1,34745.94164000003,0.0031581710441379585
20260724,83650.97572000002,1,33368.975720000024,0.006861189446672578
20260727,85636.62520000004,1,34676.625200000024,0.023737314035002566
20260728,84273.04580000002,1,35389.04580000002,-0.015922853064508802
20260729,84583.45116000003,1,36559.45116000003,0.003683329076970443
20260730,81019.14900000003,1,37759.14900000003,-0.0421394742247827
20260731,84676.00642000002,1,35916.00642000002,0.04513571748328271
20260803,85127.70046000001,1,35531.70046000001,0.005334380529940841
20260804,87783.71806000001,1,36933.718060000014,0.03120039171324751
20260805,92125.29868,1,40369.298680000014,0.049457698032709496
20260806,95188.11352000001,1,43305.11352000001,0.03324618626897258
20260807,95477.11084000001,1,44872.110840000016,0.003036065211432959
20260810,94554.56154000002,1,46454.561540000024,-0.00966251797821982
20260811,93579.04406000003,1,44211.04406000003,-0.010316979573611773
20260812,95150.39130000002,1,44078.391300000025,0.016791657317983377
20260813,97685.96562000002,1,50225.96562000002,0.026648070337467855
20260814,98451.9969,1,50175.99690000001,0.007841774149828895
20260817,98030.39850000001,1,49070.39850000002,-0.0042822737300921565
20260818,97498.99790000002,1,48301.99790000001,-0.0054207736389033645
20260819,94608.29498,1,50616.29498000001,-0.029648539803094787
20260820,94228.19898000002,1,45618.19898000001,-0.004017575838147658
20260821,94430.01890000001,1,45160.01890000001,0.002141820836911279
20260824,93132.82426000002,1,50264.824260000016,-0.01373710028983155
20260825,92240.68504000001,1,47678.68504000002,-0.009579213634812733
20260826,92795.19788000002,1,43265.19788000002,0.006011586316380324
20260827,95245.46468000003,1,43045.464680000034,0.02640510345339875
20260828,94775.10948000003,1,45395.10948000003,-0.004938347474919391
20260831,96362.91044000004,1,46890.91044000004,0.01675335400519984
20260901,97037.94598000005,1,46910.94598000005,0.007005138563351387
20260902,96936.45086000004,1,51746.45086000005,-0.0010459322791201986
20260903,97271.66566000006,0,97271.66566000006,0.003458088232301204
20260904,97271.66566000006,0,97271.66566000006,0.0
