打分,策略,全期净%,MaxDD%,Sharpe,胜率%,交易数,H1净%,H2净%,RankIC,RankICIR,top_ret
V9官方,hold5s8,122.98,-32.27,1.85,53.1,49.0,88.8,-20.8,0.0453,0.3321,0.2246
V9官方,hold10s8,58.89,-22.76,1.4,54.2,24.0,34.1,0.9,0.0453,0.3321,0.2246
V9官方,norep+hold3,38.24,-23.39,0.84,50.0,76.0,55.6,-8.2,0.0453,0.3321,0.2246
V9最佳mix,hold1,22.15,-38.22,0.71,51.7,242.0,,,0.0435,0.338,0.2129
V11a mixA,norep+hold3,126.45,-19.0,2.19,51.3,78.0,60.8,32.3,0.0325,0.2448,0.219
V11a mixA,norep+hold4,89.7,-21.6,1.79,,63.0,71.0,35.5,0.0325,0.2448,0.219
V11a mixA,norep+hold2,76.51,-17.03,1.75,,,63.0,12.9,0.0325,0.2448,0.219
V11a mixA,hold5s8,75.79,-23.83,1.6,52.1,48.0,,,0.0325,0.2448,0.219
V11a mixA,hold1,23.95,-18.82,0.76,48.4,242.0,3.1,19.1,0.0325,0.2448,0.219
V11a mixB,hold5s8q0.5,50.54,-16.42,1.36,52.5,40.0,,,0.0443,0.3506,0.2011
V11a mixB,hold10s8,39.4,-34.54,0.76,48.2,27.0,,,0.0443,0.3506,0.2011
V11a默认mix,hold5s8q0.5,45.33,-16.89,1.34,52.5,40.0,,,0.0446,0.3519,0.1366
