factor,n_days,n_stocks,total_cells,nan_cells,nan_rate,nan_rate_pct,non_nan_pct
capex_to_assets,299,1782,532818,299,0.0005611672278338945,0.0561,99.9439
capital_reserve_ps_rank,299,1782,532818,299,0.0005611672278338945,0.0561,99.9439
capital_reserve_ratio,299,1782,532818,299,0.0005611672278338945,0.0561,99.9439
cash_adequacy_ratio,299,1782,532818,24442,0.04587307485858211,4.5873,95.4127
cash_cycle,299,1782,532818,299,0.0005611672278338945,0.0561,99.9439
asset_growth,299,1782,532818,299,0.0005611672278338945,0.0561,99.9439
asset_turn_acceleration_4q,299,1782,532818,299,0.0005611672278338945,0.0561,99.9439
asset_turn_neutral,299,1782,532818,299,0.0005611672278338945,0.0561,99.9439
asset_turn_stability_8q,299,1782,532818,299,0.0005611672278338945,0.0561,99.9439
assets_impair_risk,299,1782,532818,299,0.0005611672278338945,0.0561,99.9439
cash_ratio,299,1782,532818,299,0.0005611672278338945,0.0561,99.9439
cash_to_assets,299,1782,532818,299,0.0005611672278338945,0.0561,99.9439
cf_short_debt_cover,299,1782,532818,299,0.0005611672278338945,0.0561,99.9439
cf_volatility_8q,299,1782,532818,299,0.0005611672278338945,0.0561,99.9439
cfps_rank,299,1782,532818,299,0.0005611672278338945,0.0561,99.9439
am_pm_rv_ratio,299,1782,532818,7310,0.013719506473129662,1.372,98.628
am_pm_vol_ratio,299,1782,532818,1160,0.0021771036263789887,0.2177,99.7823
am_vol_share,299,1782,532818,1156,0.002169596372494923,0.217,99.783
amihud_illiq_20,299,1782,532818,582,0.0010923054401315272,0.1092,99.8908
amihud_illiq_5,299,1782,532818,582,0.0010923054401315272,0.1092,99.8908
acceleration_value_composite,299,1782,532818,1534,0.002879031864539111,0.2879,99.7121
accruals_quality_8q,299,1782,532818,299,0.0005611672278338945,0.0561,99.9439
accruals_ratio,299,1782,532818,299,0.0005611672278338945,0.0561,99.9439
admin_expense_ratio,299,1782,532818,559,0.0010491387302981505,0.1049,99.8951
advance_receipts_ratio,299,1782,532818,559,0.0010491387302981505,0.1049,99.8951
bull_factor_alignment_5,299,1782,532818,0,0.0,0.0,100.0
bv_daily,299,1782,532818,1152,0.0021620891186108575,0.2162,99.7838
ca_to_assets,299,1782,532818,299,0.0005611672278338945,0.0561,99.9439
ca_turn,299,1782,532818,299,0.0005611672278338945,0.0561,99.9439
calmar_ratio_60,299,1782,532818,582,0.0010923054401315272,0.1092,99.8908
avg_holding_mv,299,1782,532818,3498,0.006565093521615261,0.6565,99.3435
benchmark_relative_return_20,299,1782,532818,582,0.0010923054401315272,0.1092,99.8908
beneish_earnings_manipulation,299,1782,532818,0,0.0,0.0,100.0
beta_120,299,1782,532818,0,0.0,0.0,100.0
beta_60,299,1782,532818,0,0.0,0.0,100.0
board_relative_strength_20,299,1782,532818,582,0.0010923054401315272,0.1092,99.8908
bollinger_position,299,1782,532818,582,0.0010923054401315272,0.1092,99.8908
bollinger_position_20,299,1782,532818,582,0.0010923054401315272,0.1092,99.8908
bollinger_squeeze,299,1782,532818,582,0.0010923054401315272,0.1092,99.8908
bollinger_width_20,299,1782,532818,582,0.0010923054401315272,0.1092,99.8908
bp_x_roe,299,1782,532818,1534,0.002879031864539111,0.2879,99.7121
bps_rank,299,1782,532818,299,0.0005611672278338945,0.0561,99.9439
bps_yoy,299,1782,532818,299,0.0005611672278338945,0.0561,99.9439
breakout_60,299,1782,532818,582,0.0010923054401315272,0.1092,99.8908
breakout_with_fund_flow,299,1782,532818,1505,0.002824604273879636,0.2825,99.7175
anchoring_to_52w_high,299,1782,532818,582,0.0010923054401315272,0.1092,99.8908
anchoring_to_52w_low,299,1782,532818,582,0.0010923054401315272,0.1092,99.8908
aqi,299,1782,532818,299,0.0005611672278338945,0.0561,99.9439
ar_turn,299,1782,532818,299,0.0005611672278338945,0.0561,99.9439
aroon_oscillator_25,299,1782,532818,582,0.0010923054401315272,0.1092,99.8908
beta_asymmetry_60,299,1782,532818,0,0.0,0.0,100.0
beta_stability_60,299,1782,532818,0,0.0,0.0,100.0
bias_20,299,1782,532818,582,0.0010923054401315272,0.1092,99.8908
big_order_divergence,299,1782,532818,1505,0.002824604273879636,0.2825,99.7175
big_vs_small_divergence_5d,299,1782,532818,1510,0.002833988341234718,0.2834,99.7166
adx_14,299,1782,532818,582,0.0010923054401315272,0.1092,99.8908
all_a_relative_strength_20,299,1782,532818,582,0.0010923054401315272,0.1092,99.8908
altman_z_score,299,1782,532818,299,0.0005611672278338945,0.0561,99.9439
am_hl_range_intraday,299,1782,532818,1156,0.002169596372494923,0.217,99.783
am_pm_return_ratio,299,1782,532818,46508,0.08728684091002932,8.7287,91.2713
amihud_illiq_60,299,1782,532818,582,0.0010923054401315272,0.1092,99.8908
amihud_intraday,299,1782,532818,1156,0.002169596372494923,0.217,99.783
amortization_burden,299,1782,532818,559,0.0010491387302981505,0.1049,99.8951
amount_ratio_20,299,1782,532818,582,0.0010923054401315272,0.1092,99.8908
amplitude_20,299,1782,532818,582,0.0010923054401315272,0.1092,99.8908
assets_to_eqt,299,1782,532818,299,0.0005611672278338945,0.0561,99.9439
assets_turn,299,1782,532818,299,0.0005611672278338945,0.0561,99.9439
assets_yoy,299,1782,532818,299,0.0005611672278338945,0.0561,99.9439
atr_20,299,1782,532818,582,0.0010923054401315272,0.1092,99.8908
attention_proxy_20d,299,1782,532818,582,0.0010923054401315272,0.1092,99.8908
bp,299,1782,532818,1235,0.0023178646367052165,0.2318,99.7682
bp_down_market_defense,299,1782,532818,1235,0.0023178646367052165,0.2318,99.7682
bp_factor_momentum_20,299,1782,532818,1979,0.0037142138591413952,0.3714,99.6286
bp_industry_neutral,299,1782,532818,1235,0.0023178646367052165,0.2318,99.7682
bp_mom_resonance,299,1782,532818,1235,0.0023178646367052165,0.2318,99.7682
bp_neutral,299,1782,532818,1235,0.0023178646367052165,0.2318,99.7682
bp_roe_divergence,299,1782,532818,1534,0.002879031864539111,0.2879,99.7121
bp_size_neutral,299,1782,532818,1235,0.0023178646367052165,0.2318,99.7682
bp_vol_interaction,299,1782,532818,1235,0.0023178646367052165,0.2318,99.7682
bp_x_mom_20,299,1782,532818,1235,0.0023178646367052165,0.2318,99.7682
chip_mean_distance,299,1782,532818,615,0.0011542402846750673,0.1154,99.8846
chip_median_distance,299,1782,532818,615,0.0011542402846750673,0.1154,99.8846
chip_mode_mean_convergence,299,1782,532818,615,0.0011542402846750673,0.1154,99.8846
chip_mode_mean_gap,299,1782,532818,615,0.0011542402846750673,0.1154,99.8846
chip_momentum_confirmation,299,1782,532818,615,0.0011542402846750673,0.1154,99.8846
chip_dispersion,299,1782,532818,615,0.0011542402846750673,0.1154,99.8846
chip_dispersion_momentum,299,1782,532818,615,0.0011542402846750673,0.1154,99.8846
chip_entropy_convergence,299,1782,532818,615,0.0011542402846750673,0.1154,99.8846
chip_entropy_signal,299,1782,532818,615,0.0011542402846750673,0.1154,99.8846
chip_flow_momentum_triple,299,1782,532818,1505,0.002824604273879636,0.2825,99.7175
cfps_yoy,299,1782,532818,299,0.0005611672278338945,0.0561,99.9439
chip_below_momentum,299,1782,532818,615,0.0011542402846750673,0.1154,99.8846
chip_concentration,299,1782,532818,582,0.0010923054401315272,0.1092,99.8908
chip_concentration_change_20d,299,1782,532818,582,0.0010923054401315272,0.1092,99.8908
chip_concentration_change_5d,299,1782,532818,582,0.0010923054401315272,0.1092,99.8908
chip_gini_factor,299,1782,532818,615,0.0011542402846750673,0.1154,99.8846
chip_gini_momentum,299,1782,532818,615,0.0011542402846750673,0.1154,99.8846
chip_historical_position,299,1782,532818,582,0.0010923054401315272,0.1092,99.8908
chip_iqr_factor,299,1782,532818,615,0.0011542402846750673,0.1154,99.8846
chip_lead_momentum_10,299,1782,532818,1605,0.0030122856209812733,0.3012,99.6988
chip_cost_skew,299,1782,532818,13048,0.02448866216982159,2.4489,97.5511
chip_cr3_factor,299,1782,532818,615,0.0011542402846750673,0.1154,99.8846
chip_cr3_momentum,299,1782,532818,615,0.0011542402846750673,0.1154,99.8846
chip_cv_factor,299,1782,532818,615,0.0011542402846750673,0.1154,99.8846
chip_cv_momentum,299,1782,532818,615,0.0011542402846750673,0.1154,99.8846
chip_momentum_quality,299,1782,532818,881,0.0016534726679654215,0.1653,99.8347
chip_momentum_resonance,299,1782,532818,615,0.0011542402846750673,0.1154,99.8846
chip_p90_p10_factor,299,1782,532818,615,0.0011542402846750673,0.1154,99.8846
chip_p90_p10_momentum,299,1782,532818,615,0.0011542402846750673,0.1154,99.8846
chip_peak_distance,299,1782,532818,615,0.0011542402846750673,0.1154,99.8846
chip_support_distance,299,1782,532818,582,0.0010923054401315272,0.1092,99.8908
chip_support_resistance_20d,299,1782,532818,582,0.0010923054401315272,0.1092,99.8908
chip_support_strength_20d,299,1782,532818,582,0.0010923054401315272,0.1092,99.8908
chip_tail_risk,299,1782,532818,615,0.0011542402846750673,0.1154,99.8846
chip_tail_risk_change,299,1782,532818,615,0.0011542402846750673,0.1154,99.8846
close_to_high_ratio_20,299,1782,532818,582,0.0010923054401315272,0.1092,99.8908
close_to_open_5d,299,1782,532818,582,0.0010923054401315272,0.1092,99.8908
concept_concentration,299,1782,532818,0,0.0,0.0,100.0
concept_momentum_5d,299,1782,532818,299,0.0005611672278338945,0.0561,99.9439
concept_overlap_premium,299,1782,532818,299,0.0005611672278338945,0.0561,99.9439
circ_mv_to_total_mv,299,1782,532818,582,0.0010923054401315272,0.1092,99.8908
close_5min_momentum,299,1782,532818,1158,0.002173349999436956,0.2173,99.7827
close_auction_impact,299,1782,532818,1158,0.002173349999436956,0.2173,99.7827
close_position,299,1782,532818,1931,0.0036241268125326094,0.3624,99.6376
close_position_intraday_20,299,1782,532818,585,0.0010979358805445762,0.1098,99.8902
chip_concentration_ma5,299,1782,532818,582,0.0010923054401315272,0.1092,99.8908
chip_concentration_neutral,299,1782,532818,582,0.0010923054401315272,0.1092,99.8908
chip_concentration_streak,299,1782,532818,582,0.0010923054401315272,0.1092,99.8908
chip_cost_asymmetry,299,1782,532818,2175,0.004082069299460604,0.4082,99.5918
chip_cost_kurtosis_20d,299,1782,532818,582,0.0010923054401315272,0.1092,99.8908
chip_peak_growing,299,1782,532818,615,0.0011542402846750673,0.1154,99.8846
chip_peak_purity,299,1782,532818,615,0.0011542402846750673,0.1154,99.8846
chip_peak_ratio,299,1782,532818,615,0.0011542402846750673,0.1154,99.8846
chip_position,299,1782,532818,582,0.0010923054401315272,0.1092,99.8908
chip_price_divergence,299,1782,532818,986,0.0018505380824221404,0.1851,99.8149
consecutive_up_days_20,299,1782,532818,582,0.0010923054401315272,0.1092,99.8908
contract_assets_ratio,299,1782,532818,299,0.0005611672278338945,0.0561,99.9439
contract_liab_ratio,299,1782,532818,559,0.0010491387302981505,0.1049,99.8951
corporate_governance_quality,299,1782,532818,4794,0.008997443780052477,0.8997,99.1003
correlation_change_20,299,1782,532818,0,0.0,0.0,100.0
concept_rotation_signal,299,1782,532818,299,0.0005611672278338945,0.0561,99.9439
concept_turnover_heat,299,1782,532818,299,0.0005611672278338945,0.0561,99.9439
consecutive_down_days,299,1782,532818,582,0.0010923054401315272,0.1092,99.8908
consecutive_limit_up_seal,299,1782,532818,524426,0.9842497813512306,98.425,1.575
consecutive_up_days,299,1782,532818,582,0.0010923054401315272,0.1092,99.8908
chip_profit_loss_ratio,299,1782,532818,582,0.0010923054401315272,0.1092,99.8908
chip_range_normalized,299,1782,532818,582,0.0010923054401315272,0.1092,99.8908
chip_resistance_distance,299,1782,532818,582,0.0010923054401315272,0.1092,99.8908
chip_skew_factor,299,1782,532818,615,0.0011542402846750673,0.1154,99.8846
chip_skew_momentum,299,1782,532818,615,0.0011542402846750673,0.1154,99.8846
chip_weighted_cost_momentum_5d,299,1782,532818,582,0.0010923054401315272,0.1092,99.8908
chip_weighted_cost_volatility_20d,299,1782,532818,582,0.0010923054401315272,0.1092,99.8908
chip_winner_rate_acceleration,299,1782,532818,582,0.0010923054401315272,0.1092,99.8908
chip_winner_rate_ma5,299,1782,532818,582,0.0010923054401315272,0.1092,99.8908
chip_winner_rate_stability_20d,299,1782,532818,582,0.0010923054401315272,0.1092,99.8908
coskewness_60,299,1782,532818,0,0.0,0.0,100.0
cost_displacement,299,1782,532818,582,0.0010923054401315272,0.1092,99.8908
cost_displacement_extreme,299,1782,532818,582,0.0010923054401315272,0.1092,99.8908
cost_distribution_skew,299,1782,532818,5175,0.009712509712509712,0.9713,99.0287
cost_skew_momentum_5d,299,1782,532818,18210,0.03417677330720809,3.4177,96.5823
credit_impair_risk,299,1782,532818,299,0.0005611672278338945,0.0561,99.9439
cs_dispersion_20,299,1782,532818,1775,0.003331343911054056,0.3331,99.6669
cs_spread_20,299,1782,532818,582,0.0010923054401315272,0.1092,99.8908
cumulative_ret_path,299,1782,532818,2110,0.00396007642384454,0.396,99.604
current_debt_ratio,299,1782,532818,299,0.0005611672278338945,0.0561,99.9439
dragon_tiger_net_amount_rate,299,1782,532818,526740,0.9885927277231625,98.8593,1.1407
dragon_tiger_net_rate,299,1782,532818,526740,0.9885927277231625,98.8593,1.1407
dragon_tiger_retail_inst_divergence,299,1782,532818,526740,0.9885927277231625,98.8593,1.1407
dragon_tiger_sell_power,299,1782,532818,526740,0.9885927277231625,98.8593,1.1407
dragon_tiger_turnover,299,1782,532818,526740,0.9885927277231625,98.8593,1.1407
current_ratio,299,1782,532818,299,0.0005611672278338945,0.0561,99.9439
day_of_week_effect,299,1782,532818,582,0.0010923054401315272,0.1092,99.8908
debt_reduction_4q,299,1782,532818,299,0.0005611672278338945,0.0561,99.9439
debt_to_assets,299,1782,532818,299,0.0005611672278338945,0.0561,99.9439
debt_to_assets_neutral,299,1782,532818,299,0.0005611672278338945,0.0561,99.9439
donchian_breakout_momentum_20,299,1782,532818,582,0.0010923054401315272,0.1092,99.8908
donchian_position_60,299,1782,532818,582,0.0010923054401315272,0.1092,99.8908
down_volatility_20,299,1782,532818,582,0.0010923054401315272,0.1092,99.8908
downside_beta_60,299,1782,532818,0,0.0,0.0,100.0
downside_vol_20,299,1782,532818,582,0.0010923054401315272,0.1092,99.8908
debt_to_equity,299,1782,532818,299,0.0005611672278338945,0.0561,99.9439
debt_to_equity_rank,299,1782,532818,299,0.0005611672278338945,0.0561,99.9439
deferred_tax_liab_ratio,299,1782,532818,299,0.0005611672278338945,0.0561,99.9439
depr_amort_to_revenue,299,1782,532818,559,0.0010491387302981505,0.1049,99.8951
depth_quality_composite,299,1782,532818,299,0.0005611672278338945,0.0561,99.9439
dsri,299,1782,532818,25748,0.048324193251729486,4.8324,95.1676
dt_appearance_frequency_20d,299,1782,532818,582,0.0010923054401315272,0.1092,99.8908
dt_buy_sell_asymmetry,299,1782,532818,526740,0.9885927277231625,98.8593,1.1407
dt_buy_sell_concentration,299,1782,532818,526740,0.9885927277231625,98.8593,1.1407
dt_crowded_trade_warning,299,1782,532818,582,0.0010923054401315272,0.1092,99.8908
dividend_payable_ratio,299,1782,532818,299,0.0005611672278338945,0.0561,99.9439
dividend_sustainability,299,1782,532818,19684,0.03694319636348622,3.6943,96.3057
dollar_volume_20,299,1782,532818,582,0.0010923054401315272,0.1092,99.8908
dollar_volume_growth_20,299,1782,532818,582,0.0010923054401315272,0.1092,99.8908
donchian_breakout_20,299,1782,532818,582,0.0010923054401315272,0.1092,99.8908
dt_sector_leader_confirmation,299,1782,532818,526740,0.9885927277231625,98.8593,1.1407
dt_sector_spillover,299,1782,532818,526919,0.9889286773344744,98.8929,1.1071
dt_sentiment_index,299,1782,532818,526740,0.9885927277231625,98.8593,1.1407
dt_smart_money_tracking,299,1782,532818,582,0.0010923054401315272,0.1092,99.8908
dt_top_net_rate,299,1782,532818,526740,0.9885927277231625,98.8593,1.1407
di_plus_minus_ratio_14,299,1782,532818,582,0.0010923054401315272,0.1092,99.8908
disposition_effect,299,1782,532818,582,0.0010923054401315272,0.1092,99.8908
disposition_effect_proxy,299,1782,532818,582,0.0010923054401315272,0.1092,99.8908
distance_from_ma_120,299,1782,532818,582,0.0010923054401315272,0.1092,99.8908
distance_from_ma_5,299,1782,532818,582,0.0010923054401315272,0.1092,99.8908
dp_ttm,299,1782,532818,582,0.0010923054401315272,0.1092,99.8908
dragon_tiger_amount_rate,299,1782,532818,526740,0.9885927277231625,98.8593,1.1407
dragon_tiger_buy_sell_ratio,299,1782,532818,526746,0.9886039886039886,98.8604,1.1396
dragon_tiger_buyer_concentration,299,1782,532818,526740,0.9885927277231625,98.8593,1.1407
dragon_tiger_institution_dominance,299,1782,532818,526740,0.9885927277231625,98.8593,1.1407
dt_institution_consistency,299,1782,532818,526740,0.9885927277231625,98.8593,1.1407
dt_institution_size_rank,299,1782,532818,526740,0.9885927277231625,98.8593,1.1407
dt_net_amount_persistence_10d,299,1782,532818,582,0.0010923054401315272,0.1092,99.8908
dt_net_amount_persistent_5d,299,1782,532818,526795,0.9886959524640684,98.8696,1.1304
dt_net_flow_trend_5d,299,1782,532818,526754,0.9886190031117568,98.8619,1.1381
dt_org_count,299,1782,532818,526740,0.9885927277231625,98.8593,1.1407
dt_org_type_diversity,299,1782,532818,526740,0.9885927277231625,98.8593,1.1407
dt_pattern_momentum,299,1782,532818,582,0.0010923054401315272,0.1092,99.8908
dt_pattern_reversal,299,1782,532818,582,0.0010923054401315272,0.1092,99.8908
dt_reversal_prob_5d,299,1782,532818,409685,0.7689023268733414,76.8902,23.1098
dual_margin_signal,299,1782,532818,18752,0.03519400620849896,3.5194,96.4806
dupont_roe_decomposition,299,1782,532818,299,0.0005611672278338945,0.0561,99.9439
dv_composite,299,1782,532818,582,0.0010923054401315272,0.1092,99.8908
earnings_announcement_drift,299,1782,532818,299,0.0005611672278338945,0.0561,99.9439
earnings_momentum_4q,299,1782,532818,299,0.0005611672278338945,0.0561,99.9439
ebitda_to_ev,299,1782,532818,881,0.0016534726679654215,0.1653,99.8347
ebitda_to_ev_neutral,299,1782,532818,881,0.0016534726679654215,0.1653,99.8347
ebt_growth_momentum,299,1782,532818,299,0.0005611672278338945,0.0561,99.9439
ebt_yoy,299,1782,532818,299,0.0005611672278338945,0.0561,99.9439
effective_tax_by_ebt,299,1782,532818,299,0.0005611672278338945,0.0561,99.9439
earnings_momentum_quality,299,1782,532818,299,0.0005611672278338945,0.0561,99.9439
earnings_quality_composite,299,1782,532818,299,0.0005611672278338945,0.0561,99.9439
earnings_season_effect,299,1782,532818,582,0.0010923054401315272,0.1092,99.8908
earnings_smoothness_8q,299,1782,532818,299,0.0005611672278338945,0.0561,99.9439
ebit_ps_rank,299,1782,532818,299,0.0005611672278338945,0.0561,99.9439
ebit_rank,299,1782,532818,299,0.0005611672278338945,0.0561,99.9439
ebit_to_interest,299,1782,532818,299,0.0005611672278338945,0.0561,99.9439
ebitda_margin_rank,299,1782,532818,299,0.0005611672278338945,0.0561,99.9439
ebitda_rank,299,1782,532818,299,0.0005611672278338945,0.0561,99.9439
ebitda_to_debt_rank,299,1782,532818,299,0.0005611672278338945,0.0561,99.9439
equity_vs_debt_financing,299,1782,532818,299,0.0005611672278338945,0.0561,99.9439
equity_yoy,299,1782,532818,299,0.0005611672278338945,0.0561,99.9439
ev_to_total_assets,299,1782,532818,881,0.0016534726679654215,0.1653,99.8347
expense_control,299,1782,532818,559,0.0010491387302981505,0.1049,99.8951
extreme_move_count,299,1782,532818,1152,0.0021620891186108575,0.2162,99.7838
eps_growth_4q,299,1782,532818,299,0.0005611672278338945,0.0561,99.9439
eps_growth_acceleration_8q,299,1782,532818,299,0.0005611672278338945,0.0561,99.9439
eps_growth_stability_8q,299,1782,532818,299,0.0005611672278338945,0.0561,99.9439
eps_rank,299,1782,532818,299,0.0005611672278338945,0.0561,99.9439
eqt_to_debt_rank,299,1782,532818,299,0.0005611672278338945,0.0561,99.9439
f_score,299,1782,532818,0,0.0,0.0,100.0
f_score_efficiency,299,1782,532818,0,0.0,0.0,100.0
f_score_leverage,299,1782,532818,0,0.0,0.0,100.0
f_score_profitability,299,1782,532818,0,0.0,0.0,100.0
fa_turn,299,1782,532818,299,0.0005611672278338945,0.0561,99.9439
factor_crowding_proxy_20,299,1782,532818,0,0.0,0.0,100.0
factor_crowding_warning,299,1782,532818,0,0.0,0.0,100.0
factor_cs_tail_ratio,299,1782,532818,0,0.0,0.0,100.0
factor_cycle_position,299,1782,532818,1235,0.0023178646367052165,0.2318,99.7682
factor_dispersion_risk,299,1782,532818,582,0.0010923054401315272,0.1092,99.8908
factor_pair_correlation_dispersion,299,1782,532818,0,0.0,0.0,100.0
factor_profile_shift_20,299,1782,532818,0,0.0,0.0,100.0
factor_profile_shift_deep,299,1782,532818,1979,0.0037142138591413952,0.3714,99.6286
factor_rank_bimodality,299,1782,532818,0,0.0,0.0,100.0
factor_rank_stability_20,299,1782,532818,0,0.0,0.0,100.0
factor_diversification_ratio,299,1782,532818,582,0.0010923054401315272,0.1092,99.8908
factor_drawdown_60_deep,299,1782,532818,1409,0.002644430180662065,0.2644,99.7356
factor_gain_to_pain_ratio,299,1782,532818,0,0.0,0.0,100.0
factor_ic_ir_proxy_60,299,1782,532818,800,0.0015014507768130957,0.1501,99.8499
factor_liquidity_fragility,299,1782,532818,582,0.0010923054401315272,0.1092,99.8908
factor_mean_reversion_20,299,1782,532818,1298,0.0024361038853792476,0.2436,99.7564
factor_mean_reversion_signal,299,1782,532818,0,0.0,0.0,100.0
factor_momentum_decay,299,1782,532818,3680,0.00690667357334024,0.6907,99.3093
factor_multi_horizon_momentum,299,1782,532818,3271,0.006139056863694545,0.6139,99.3861
factor_outlier_frequency,299,1782,532818,0,0.0,0.0,100.0
fcfe_ps_rank,299,1782,532818,299,0.0005611672278338945,0.0561,99.9439
fcff_ps_neutral,299,1782,532818,299,0.0005611672278338945,0.0561,99.9439
fcff_ps_rank,299,1782,532818,299,0.0005611672278338945,0.0561,99.9439
financial_health_composite,299,1782,532818,299,0.0005611672278338945,0.0561,99.9439
financing_dependency,299,1782,532818,299,0.0005611672278338945,0.0561,99.9439
factor_unanimity_8,299,1782,532818,0,0.0,0.0,100.0
factor_volatility_regime_shift,299,1782,532818,839,0.001574646502182734,0.1575,99.8425
factor_weight_ewma_vol,299,1782,532818,38153,0.07160606435968755,7.1606,92.8394
fair_value_dependency,299,1782,532818,299,0.0005611672278338945,0.0561,99.9439
fcf_conversion,299,1782,532818,299,0.0005611672278338945,0.0561,99.9439
factor_rank_volatility_60,299,1782,532818,0,0.0,0.0,100.0
factor_regime_change_60,299,1782,532818,0,0.0,0.0,100.0
factor_relative_value_spread,299,1782,532818,1235,0.0023178646367052165,0.2318,99.7682
factor_rolling_drawdown_60,299,1782,532818,1409,0.002644430180662065,0.2644,99.7356
factor_rolling_ir_proxy,299,1782,532818,0,0.0,0.0,100.0
fcf_improvement_4q,299,1782,532818,299,0.0005611672278338945,0.0561,99.9439
fcf_to_equity,299,1782,532818,881,0.0016534726679654215,0.1653,99.8347
fcf_yield,299,1782,532818,881,0.0016534726679654215,0.1653,99.8347
fcf_yield_neutral,299,1782,532818,881,0.0016534726679654215,0.1653,99.8347
fcf_yield_size_neutral,299,1782,532818,881,0.0016534726679654215,0.1653,99.8347
fix_asset_ratio,299,1782,532818,299,0.0005611672278338945,0.0561,99.9439
flash_crash_risk,299,1782,532818,1156,0.002169596372494923,0.217,99.783
float_mv_ratio,299,1782,532818,582,0.0010923054401315272,0.1092,99.8908
flow_momentum_resonance,299,1782,532818,1505,0.002824604273879636,0.2825,99.7175
flow_price_divergence,299,1782,532818,1505,0.002824604273879636,0.2825,99.7175
factor_anti_crowding,299,1782,532818,0,0.0,0.0,100.0
factor_autocorrelation_break,299,1782,532818,0,0.0,0.0,100.0
factor_consistency_ratio,299,1782,532818,809,0.001518342098052243,0.1518,99.8482
factor_consistency_score,299,1782,532818,0,0.0,0.0,100.0
factor_crash_resilience,299,1782,532818,881,0.0016534726679654215,0.1653,99.8347
factor_signal_to_noise_60,299,1782,532818,800,0.0015014507768130957,0.1501,99.8499
factor_style_rotation_20,299,1782,532818,0,0.0,0.0,100.0
factor_trend_exhaustion,299,1782,532818,0,0.0,0.0,100.0
factor_trend_strength_60,299,1782,532818,1409,0.002644430180662065,0.2644,99.7356
factor_turnover_ratio_20,299,1782,532818,1979,0.0037142138591413952,0.3714,99.6286
forex_exposure,299,1782,532818,299,0.0005611672278338945,0.0561,99.9439
free_float_ratio,299,1782,532818,582,0.0010923054401315272,0.1092,99.8908
fund_flow_lead_momentum_10,299,1782,532818,2135,0.004006996760619949,0.4007,99.5993
fund_flow_price_resonance,299,1782,532818,1505,0.002824604273879636,0.2825,99.7175
fund_flow_volatility_20,299,1782,532818,1514,0.0028414955951187836,0.2841,99.7159
fundflow_retail_inst_divergence,299,1782,532818,1505,0.002824604273879636,0.2825,99.7175
fundflow_value_interaction,299,1782,532818,2158,0.0040501634704533255,0.405,99.595
gap_abs_intraday,299,1782,532818,1153,0.0021639659320818743,0.2164,99.7836
gap_fill_5d,299,1782,532818,582,0.0010923054401315272,0.1092,99.8908
gap_fill_5d_reversal,299,1782,532818,582,0.0010923054401315272,0.1092,99.8908
gmi,299,1782,532818,24917,0.04676456125731488,4.6765,95.3235
goodwill_risk,299,1782,532818,299,0.0005611672278338945,0.0561,99.9439
governance_risk_composite,299,1782,532818,4794,0.008997443780052477,0.8997,99.1003
gross_margin,299,1782,532818,299,0.0005611672278338945,0.0561,99.9439
gross_margin_acceleration_4q,299,1782,532818,299,0.0005611672278338945,0.0561,99.9439
gap_fill_tendency_10d,299,1782,532818,582,0.0010923054401315272,0.1092,99.8908
gap_ratio,299,1782,532818,582,0.0010923054401315272,0.1092,99.8908
gap_ratio_20,299,1782,532818,582,0.0010923054401315272,0.1092,99.8908
gap_up_ratio_20d,299,1782,532818,582,0.0010923054401315272,0.1092,99.8908
gk_vol,299,1782,532818,1152,0.0021620891186108575,0.2162,99.7838
gross_margin_neutral,299,1782,532818,299,0.0005611672278338945,0.0561,99.9439
gross_margin_stability_8q,299,1782,532818,299,0.0005611672278338945,0.0561,99.9439
gross_profit_to_assets,299,1782,532818,299,0.0005611672278338945,0.0561,99.9439
gross_profitability,299,1782,532818,299,0.0005611672278338945,0.0561,99.9439
growth_at_reasonable_price,299,1782,532818,1534,0.002879031864539111,0.2879,99.7121
holder_concentration_momentum,299,1782,532818,3027,0.00568111437676655,0.5681,99.4319
holder_concentration_speed,299,1782,532818,2916,0.005472788081483734,0.5473,99.4527
holder_dispersion_index,299,1782,532818,2916,0.005472788081483734,0.5473,99.4527
holder_distribution_signal,299,1782,532818,3465,0.006503158677071721,0.6503,99.3497
holder_momentum_confirmation,299,1782,532818,3465,0.006503158677071721,0.6503,99.3497
holder_num_acceleration,299,1782,532818,2947,0.005530969299085241,0.5531,99.4469
holder_num_change,299,1782,532818,2583,0.004847809195635283,0.4848,99.5152
holder_num_change_yoy,299,1782,532818,2907,0.005455896760244586,0.5456,99.4544
holder_num_percentile,299,1782,532818,299,0.0005611672278338945,0.0561,99.9439
holder_num_stability,299,1782,532818,2946,0.005529092485614224,0.5529,99.4471
high_low_volatility_20,299,1782,532818,582,0.0010923054401315272,0.1092,99.8908
higher_highs_20,299,1782,532818,582,0.0010923054401315272,0.1092,99.8908
hl_range_intraday,299,1782,532818,1152,0.0021620891186108575,0.2162,99.7838
holder_avg_mv,299,1782,532818,3498,0.006565093521615261,0.6565,99.3435
holder_change_volatility,299,1782,532818,2882,0.0054089764234691775,0.5409,99.4591
growth_value_quality_golden,299,1782,532818,1534,0.002879031864539111,0.2879,99.7121
hammer_ratio_20d,299,1782,532818,582,0.0010923054401315272,0.1092,99.8908
herding_intensity,299,1782,532818,582,0.0010923054401315272,0.1092,99.8908
high_low_amplitude_20,299,1782,532818,582,0.0010923054401315272,0.1092,99.8908
high_low_spread_20,299,1782,532818,582,0.0010923054401315272,0.1092,99.8908
holder_num_trend_4q,299,1782,532818,299,0.0005611672278338945,0.0561,99.9439
holder_price_divergence,299,1782,532818,3465,0.006503158677071721,0.6503,99.3497
holder_price_divergence_4q,299,1782,532818,3378,0.006339875905093296,0.634,99.366
holder_retail_inst_ratio,299,1782,532818,3498,0.006565093521615261,0.6565,99.3435
holder_seasonal_pattern,299,1782,532818,2916,0.005472788081483734,0.5473,99.4527
index_exclusion_risk,299,1782,532818,418301,0.7850729517396184,78.5073,21.4927
index_float_adj_weight,299,1782,532818,582,0.0010923054401315272,0.1092,99.8908
index_inclusion_probability,299,1782,532818,582,0.0010923054401315272,0.1092,99.8908
index_inclusion_recency,299,1782,532818,532818,1.0,100.0,0.0
index_marginal_contribution,299,1782,532818,418897,0.7861915325683442,78.6192,21.3808
index_membership_count,299,1782,532818,36478,0.06846240179573512,6.8462,93.1538
index_overlap_premium,299,1782,532818,38962,0.0731244064577398,7.3124,92.6876
index_passive_demand_pressure,299,1782,532818,418760,0.7859344091228149,78.5934,21.4066
index_passive_flow_estimate,299,1782,532818,418760,0.7859344091228149,78.5934,21.4066
index_rebalance_anticipation,299,1782,532818,418760,0.7859344091228149,78.5934,21.4066
holder_smart_money_proxy,299,1782,532818,3465,0.006503158677071721,0.6503,99.3497
holder_structure_stability,299,1782,532818,0,0.0,0.0,100.0
hurst_exponent_60,299,1782,532818,582,0.0010923054401315272,0.1092,99.8908
idiosyncratic_vol_60,299,1782,532818,0,0.0,0.0,100.0
illusory_diversification,299,1782,532818,582,0.0010923054401315272,0.1092,99.8908
index_sector_neutral_weight,299,1782,532818,418760,0.7859344091228149,78.5934,21.4066
index_style_exposure_growth,299,1782,532818,299,0.0005611672278338945,0.0561,99.9439
index_style_exposure_size,299,1782,532818,582,0.0010923054401315272,0.1092,99.8908
index_style_exposure_value,299,1782,532818,1235,0.0023178646367052165,0.2318,99.7682
index_style_rotation_20,299,1782,532818,582,0.0010923054401315272,0.1092,99.8908
index_weight_acceleration,299,1782,532818,423624,0.7950632298458385,79.5063,20.4937
index_weight_change,299,1782,532818,418760,0.7859344091228149,78.5934,21.4066
index_weight_change_mom,299,1782,532818,418760,0.7859344091228149,78.5934,21.4066
index_weight_concentration,299,1782,532818,46691,0.08763029777522531,8.763,91.237
index_weight_diversification,299,1782,532818,38962,0.0731244064577398,7.3124,92.6876
index_weight_drift,299,1782,532818,582,0.0010923054401315272,0.1092,99.8908
index_weight_gini,299,1782,532818,38962,0.0731244064577398,7.3124,92.6876
index_weight_hs300,299,1782,532818,418760,0.7859344091228149,78.5934,21.4066
index_weight_momentum_3m,299,1782,532818,418864,0.7861295977238006,78.613,21.387
index_weight_momentum_coupling,299,1782,532818,418897,0.7861915325683442,78.6192,21.3808
index_weight_rank_composite,299,1782,532818,265084,0.4975132221509033,49.7513,50.2487
index_weight_seasonality,299,1782,532818,418760,0.7859344091228149,78.5934,21.4066
index_weight_trend_3m,299,1782,532818,418760,0.7859344091228149,78.5934,21.4066
index_weight_volatility_12m,299,1782,532818,423432,0.7947028816594034,79.4703,20.5297
insider_confidence_proxy,299,1782,532818,4790,0.00898993652616841,0.899,99.101
intan_assets_ratio,299,1782,532818,299,0.0005611672278338945,0.0561,99.9439
interest_burden,299,1782,532818,299,0.0005611672278338945,0.0561,99.9439
interest_coverage_change_4q,299,1782,532818,299,0.0005611672278338945,0.0561,99.9439
interest_income_ratio,299,1782,532818,299,0.0005611672278338945,0.0561,99.9439
intra_trend,299,1782,532818,1152,0.0021620891186108575,0.2162,99.7838
intraday_ret_momentum,299,1782,532818,582,0.0010923054401315272,0.1092,99.8908
intraday_reversal,299,1782,532818,1158,0.002173349999436956,0.2173,99.7827
inv_turn,299,1782,532818,299,0.0005611672278338945,0.0561,99.9439
inventory_efficiency_change,299,1782,532818,29610,0.055572446876794704,5.5572,94.4428
inventory_pressure,299,1782,532818,299,0.0005611672278338945,0.0561,99.9439
intraday_max_drawdown,299,1782,532818,1152,0.0021620891186108575,0.2162,99.7838
intraday_max_runup,299,1782,532818,1152,0.0021620891186108575,0.2162,99.7838
intraday_momentum,299,1782,532818,1162,0.0021808572533210213,0.2181,99.7819
intraday_overnight_combo,299,1782,532818,582,0.0010923054401315272,0.1092,99.8908
intraday_ret,299,1782,532818,582,0.0010923054401315272,0.1092,99.8908
limit_consecutive_deceleration,299,1782,532818,524424,0.9842460277242886,98.4246,1.5754
limit_down_consecutive,299,1782,532818,519010,0.974084959592206,97.4085,2.5915
limit_down_contagion_risk,299,1782,532818,524422,0.9842422740973465,98.4242,1.5758
limit_down_count_20d,299,1782,532818,519325,0.9746761558355761,97.4676,2.5324
limit_down_intensity,299,1782,532818,519010,0.974084959592206,97.4085,2.5915
invest_income_reliance,299,1782,532818,299,0.0005611672278338945,0.0561,99.9439
invest_income_to_ebt,299,1782,532818,299,0.0005611672278338945,0.0561,99.9439
investment_intensity,299,1782,532818,299,0.0005611672278338945,0.0561,99.9439
jump_ratio_intraday,299,1782,532818,2110,0.00396007642384454,0.396,99.604
keltner_position_20,299,1782,532818,582,0.0010923054401315272,0.1092,99.8908
limit_down_open_times,299,1782,532818,18197,0.03415237473208488,3.4152,96.5848
limit_down_pct_chg,299,1782,532818,18197,0.03415237473208488,3.4152,96.5848
limit_down_recovery_prob,299,1782,532818,532818,1.0,100.0,0.0
limit_event_frequency_20d,299,1782,532818,582,0.0010923054401315272,0.1092,99.8908
limit_event_intensity,299,1782,532818,519018,0.9740999740999741,97.41,2.59
limit_event_momentum_break_5d,299,1782,532818,582,0.0010923054401315272,0.1092,99.8908
limit_event_return_asymmetry,299,1782,532818,532818,1.0,100.0,0.0
limit_event_volatility,299,1782,532818,582,0.0010923054401315272,0.1092,99.8908
limit_float_mv_intensity,299,1782,532818,519010,0.974084959592206,97.4085,2.5915
limit_gap_fill_probability,299,1782,532818,582,0.0010923054401315272,0.1092,99.8908
kyle_lambda_20,299,1782,532818,582,0.0010923054401315272,0.1092,99.8908
labor_intensity,299,1782,532818,559,0.0010491387302981505,0.1049,99.8951
large_order_timing_signal,299,1782,532818,1505,0.002824604273879636,0.2825,99.7175
lease_leverage,299,1782,532818,299,0.0005611672278338945,0.0561,99.9439
limit_break_count_20d,299,1782,532818,582,0.0010923054401315272,0.1092,99.8908
limit_sector_leader_signal,299,1782,532818,524434,0.9842647958589987,98.4265,1.5735
limit_sector_momentum_spillover,299,1782,532818,582,0.0010923054401315272,0.1092,99.8908
limit_turnover_intensity,299,1782,532818,519010,0.974084959592206,97.4085,2.5915
limit_up_cluster_effect,299,1782,532818,524422,0.9842422740973465,98.4242,1.5758
limit_up_consecutive,299,1782,532818,524422,0.9842422740973465,98.4242,1.5758
limit_seal_durability_rank,299,1782,532818,582,0.0010923054401315272,0.1092,99.8908
limit_seal_speed,299,1782,532818,524426,0.9842497813512306,98.425,1.575
limit_seal_speed_reversal,299,1782,532818,524422,0.9842422740973465,98.4242,1.5758
limit_seal_stability,299,1782,532818,524426,0.9842497813512306,98.425,1.575
limit_seal_volume_ratio,299,1782,532818,524423,0.9842441509108176,98.4244,1.5756
limit_up_count_20d,299,1782,532818,524856,0.9850568111437676,98.5057,1.4943
limit_up_durability,299,1782,532818,532818,1.0,100.0,0.0
limit_up_first_time_rank,299,1782,532818,532818,1.0,100.0,0.0
limit_up_momentum_chain,299,1782,532818,582,0.0010923054401315272,0.1092,99.8908
limit_up_next_day_gap,299,1782,532818,582,0.0010923054401315272,0.1092,99.8908
limit_up_reversal_risk,299,1782,532818,582,0.0010923054401315272,0.1092,99.8908
limit_up_seal_quality,299,1782,532818,582,0.0010923054401315272,0.1092,99.8908
limit_up_sealed_amount,299,1782,532818,524650,0.9846701875687383,98.467,1.533
limit_up_sealed_flow_ratio,299,1782,532818,524426,0.9842497813512306,98.425,1.575
limit_up_sealed_volume_ratio,299,1782,532818,524431,0.9842591654185857,98.4259,1.5741
limit_up_open_count_neg,299,1782,532818,524426,0.9842497813512306,98.425,1.575
limit_up_opening_strength,299,1782,532818,582,0.0010923054401315272,0.1092,99.8908
limit_up_premium_5d,299,1782,532818,582,0.0010923054401315272,0.1092,99.8908
limit_up_quality_composite,299,1782,532818,582,0.0010923054401315272,0.1092,99.8908
limit_up_recurrence_20d,299,1782,532818,524856,0.9850568111437676,98.5057,1.4943
limit_up_turnover_tightness,299,1782,532818,524431,0.9842591654185857,98.4259,1.5741
liquidity_depth_20,299,1782,532818,582,0.0010923054401315272,0.1092,99.8908
liquidity_discount_factor,299,1782,532818,1235,0.0023178646367052165,0.2318,99.7682
liquidity_resilience,299,1782,532818,92703,0.17398623920363052,17.3986,82.6014
log_circ_mv,299,1782,532818,582,0.0010923054401315272,0.1092,99.8908
log_total_mv,299,1782,532818,582,0.0010923054401315272,0.1092,99.8908
long_debt_to_working_capital,299,1782,532818,299,0.0005611672278338945,0.0561,99.9439
long_term_debt_ratio,299,1782,532818,299,0.0005611672278338945,0.0561,99.9439
lottery_stock_indicator,299,1782,532818,582,0.0010923054401315272,0.1092,99.8908
low_risk_composite,299,1782,532818,582,0.0010923054401315272,0.1092,99.8908
low_risk_value_resonance,299,1782,532818,1235,0.0023178646367052165,0.2318,99.7682
low_vol_quality_coupling,299,1782,532818,881,0.0016534726679654215,0.1653,99.8347
low_vol_tail_hedge,299,1782,532818,582,0.0010923054401315272,0.1092,99.8908
lower_shadow_ratio,299,1782,532818,582,0.0010923054401315272,0.1092,99.8908
lunch_break_effect,299,1782,532818,1160,0.0021771036263789887,0.2177,99.7823
ma_convergence_20_60,299,1782,532818,582,0.0010923054401315272,0.1092,99.8908
ma_distance_20_60,299,1782,532818,582,0.0010923054401315272,0.1092,99.8908
ma_distance_5_20,299,1782,532818,582,0.0010923054401315272,0.1092,99.8908
ma_distance_5_60,299,1782,532818,582,0.0010923054401315272,0.1092,99.8908
margin_balance_change,299,1782,532818,18752,0.03519400620849896,3.5194,96.4806
margin_bullish_composite,299,1782,532818,18860,0.03539670206336873,3.5397,96.4603
margin_buy_climax,299,1782,532818,19508,0.03661287719258734,3.6613,96.3387
margin_buy_intensity_5d,299,1782,532818,19332,0.036282558021688456,3.6283,96.3717
margin_buy_sell_imbalance,299,1782,532818,18779,0.0352446801722164,3.5245,96.4755
margin_buy_strength,299,1782,532818,18725,0.03514333224478152,3.5143,96.4857
margin_balance_growth_5d,299,1782,532818,18860,0.03539670206336873,3.5397,96.4603
margin_balance_stability_20d,299,1782,532818,18968,0.0355993979182385,3.5599,96.4401
margin_balance_to_float_mv,299,1782,532818,19278,0.036181210094253576,3.6181,96.3819
margin_bearish_composite,299,1782,532818,18860,0.03539670206336873,3.5397,96.4603
margin_breakout_confirmation,299,1782,532818,19251,0.03613053613053613,3.6131,96.3869
margin_concentration_hhi,299,1782,532818,18725,0.03514333224478152,3.5143,96.4857
margin_cost_burden,299,1782,532818,19024,0.03570449947261541,3.5704,96.4296
margin_extreme_positioning,299,1782,532818,20371,0.03823256721807446,3.8233,96.1767
margin_flow_acceleration,299,1782,532818,19288,0.03619997822896374,3.62,96.38
margin_flow_reversal_5d,299,1782,532818,18968,0.0355993979182385,3.5599,96.4401
margin_short_pressure,299,1782,532818,19039,0.03573265167468066,3.5733,96.4267
margin_short_ratio_change_5d,299,1782,532818,19383,0.03637827550871029,3.6378,96.3622
margin_smart_money_proxy,299,1782,532818,19413,0.036434579912840784,3.6435,96.3565
margin_to_float_mv,299,1782,532818,19278,0.036181210094253576,3.6181,96.3819
margin_to_turnover,299,1782,532818,19278,0.036181210094253576,3.6181,96.3819
margin_net_flow_5d,299,1782,532818,18752,0.03519400620849896,3.5194,96.4806
margin_net_flow_acceleration,299,1782,532818,18860,0.03539670206336873,3.5397,96.4603
margin_net_open,299,1782,532818,18725,0.03514333224478152,3.5143,96.4857
margin_of_safety,299,1782,532818,1534,0.002879031864539111,0.2879,99.7121
margin_panic_repay,299,1782,532818,19508,0.03661287719258734,3.6613,96.3387
margin_flow_volatility_20,299,1782,532818,18968,0.0355993979182385,3.5599,96.4401
margin_flush_out_signal,299,1782,532818,19413,0.036434579912840784,3.6435,96.3565
margin_leverage_change_5d,299,1782,532818,19413,0.036434579912840784,3.6435,96.3565
margin_leverage_ratio,299,1782,532818,19278,0.036181210094253576,3.6181,96.3819
margin_net_buy_pressure_10d,299,1782,532818,18833,0.03534602809965129,3.5346,96.4654
margin_price_divergence_5d,299,1782,532818,19305,0.036231884057971016,3.6232,96.3768
margin_repay_acceleration,299,1782,532818,18860,0.03539670206336873,3.5397,96.4603
margin_sentiment_composite,299,1782,532818,18725,0.03514333224478152,3.5143,96.4857
margin_sentiment_divergence,299,1782,532818,19936,0.037416153358182346,3.7416,96.2584
margin_short_crowding,299,1782,532818,19278,0.036181210094253576,3.6181,96.3819
margin_trend_strength_20,299,1782,532818,18941,0.03554872395452106,3.5549,96.4451
margin_turnover_ratio,299,1782,532818,18725,0.03514333224478152,3.5143,96.4857
margin_utilization_rate,299,1782,532818,18725,0.03514333224478152,3.5143,96.4857
market_cap_concentration_20d,299,1782,532818,582,0.0010923054401315272,0.1092,99.8908
market_cap_tier_rank,299,1782,532818,582,0.0010923054401315272,0.1092,99.8908
market_corr_60,299,1782,532818,0,0.0,0.0,100.0
market_participation_20,299,1782,532818,0,0.0,0.0,100.0
market_regime_sensitivity,299,1782,532818,532818,1.0,100.0,0.0
marubozu_ratio_10d,299,1782,532818,582,0.0010923054401315272,0.1092,99.8908
max_drawdown_120,299,1782,532818,582,0.0010923054401315272,0.1092,99.8908
mf_net_inflow_ratio,299,1782,532818,1505,0.002824604273879636,0.2825,99.7175
mf_net_inflow_ratio_neutral,299,1782,532818,1505,0.002824604273879636,0.2825,99.7175
mf_net_inflow_trend_5d,299,1782,532818,1507,0.002828357900821669,0.2828,99.7172
mf_net_inflow_volatility_20d,299,1782,532818,1514,0.0028414955951187836,0.2841,99.7159
mf_open_close_divergence_10d,299,1782,532818,1510,0.002833988341234718,0.2834,99.7166
mf_flow_factor_momentum_20,299,1782,532818,2155,0.004044533030040276,0.4045,99.5955
mf_flow_reversal_20d,299,1782,532818,1514,0.0028414955951187836,0.2841,99.7159
mf_mid_order_ratio,299,1782,532818,1505,0.002824604273879636,0.2825,99.7175
mf_net_amount_intensity,299,1782,532818,1505,0.002824604273879636,0.2825,99.7175
mf_net_inflow_5d,299,1782,532818,1507,0.002828357900821669,0.2828,99.7172
mf_big_small_divergence,299,1782,532818,1505,0.002824604273879636,0.2825,99.7175
mf_cumulative_flow_20d,299,1782,532818,1514,0.0028414955951187836,0.2841,99.7159
mf_elg_order_ratio,299,1782,532818,1505,0.002824604273879636,0.2825,99.7175
mf_elg_small_divergence,299,1782,532818,1505,0.002824604273879636,0.2825,99.7175
mf_flow_continuity,299,1782,532818,1505,0.002824604273879636,0.2825,99.7175
max_drawdown_60,299,1782,532818,582,0.0010923054401315272,0.1092,99.8908
max_ret_20,299,1782,532818,582,0.0010923054401315272,0.1092,99.8908
max_ret_intraday,299,1782,532818,1156,0.002169596372494923,0.217,99.783
max_ret_vol_ratio,299,1782,532818,582,0.0010923054401315272,0.1092,99.8908
medium_order_flow,299,1782,532818,1505,0.002824604273879636,0.2825,99.7175
mf_amount_weighted_direction,299,1782,532818,1505,0.002824604273879636,0.2825,99.7175
mf_big_order_ratio,299,1782,532818,1505,0.002824604273879636,0.2825,99.7175
mf_big_order_stability_20d,299,1782,532818,1514,0.0028414955951187836,0.2841,99.7159
mf_big_order_turnover_ratio,299,1782,532818,1505,0.002824604273879636,0.2825,99.7175
mf_big_small_convergence_20d,299,1782,532818,1506,0.0028264810873506524,0.2826,99.7174
mom_120_skip5,299,1782,532818,582,0.0010923054401315272,0.1092,99.8908
mom_15,299,1782,532818,582,0.0010923054401315272,0.1092,99.8908
mom_20,299,1782,532818,582,0.0010923054401315272,0.1092,99.8908
mom_20_minus_mom_60,299,1782,532818,582,0.0010923054401315272,0.1092,99.8908
mom_20_neutral,299,1782,532818,582,0.0010923054401315272,0.1092,99.8908
mf_small_order_ratio,299,1782,532818,1505,0.002824604273879636,0.2825,99.7175
min_ret_20,299,1782,532818,582,0.0010923054401315272,0.1092,99.8908
minority_interest_ratio,299,1782,532818,299,0.0005611672278338945,0.0561,99.9439
mom20_factor_momentum_20,299,1782,532818,1212,0.0022746979268718397,0.2275,99.7725
mom_10,299,1782,532818,582,0.0010923054401315272,0.1092,99.8908
mom_20_sharpe,299,1782,532818,582,0.0010923054401315272,0.1092,99.8908
mom_20_size_neutral,299,1782,532818,582,0.0010923054401315272,0.1092,99.8908
mom_20_vol_adj,299,1782,532818,582,0.0010923054401315272,0.1092,99.8908
mom_240,299,1782,532818,582,0.0010923054401315272,0.1092,99.8908
mom_3,299,1782,532818,582,0.0010923054401315272,0.1092,99.8908
mom_40,299,1782,532818,582,0.0010923054401315272,0.1092,99.8908
mom_5,299,1782,532818,582,0.0010923054401315272,0.1092,99.8908
mom_60,299,1782,532818,582,0.0010923054401315272,0.1092,99.8908
mom_60_neutral,299,1782,532818,582,0.0010923054401315272,0.1092,99.8908
mom_60_sharpe,299,1782,532818,582,0.0010923054401315272,0.1092,99.8908
multi_factor_stress_beta,299,1782,532818,582,0.0010923054401315272,0.1092,99.8908
mv_to_ebitda,299,1782,532818,881,0.0016534726679654215,0.1653,99.8347
mv_to_ebitda_neutral,299,1782,532818,881,0.0016534726679654215,0.1653,99.8347
n_cashflow_stability_8q,299,1782,532818,299,0.0005611672278338945,0.0561,99.9439
nca_to_assets,299,1782,532818,299,0.0005611672278338945,0.0561,99.9439
netprofit_margin_neutral,299,1782,532818,299,0.0005611672278338945,0.0561,99.9439
netprofit_yoy,299,1782,532818,299,0.0005611672278338945,0.0561,99.9439
non_oper_profit_ratio,299,1782,532818,299,0.0005611672278338945,0.0561,99.9439
noncurrent_exint_rank,299,1782,532818,299,0.0005611672278338945,0.0561,99.9439
notes_receivable_ratio,299,1782,532818,299,0.0005611672278338945,0.0561,99.9439
ncf_act_to_revenue,299,1782,532818,299,0.0005611672278338945,0.0561,99.9439
net_debt_ratio,299,1782,532818,299,0.0005611672278338945,0.0561,99.9439
net_debt_to_ebitda,299,1782,532818,299,0.0005611672278338945,0.0561,99.9439
net_margin_stability_8q,299,1782,532818,299,0.0005611672278338945,0.0561,99.9439
net_mf_amount_intensity,299,1782,532818,1505,0.002824604273879636,0.2825,99.7175
momentum_volatility_ratio,299,1782,532818,582,0.0010923054401315272,0.1092,99.8908
month_effect_rank,299,1782,532818,582,0.0010923054401315272,0.1092,99.8908
month_start_effect_3m,299,1782,532818,582,0.0010923054401315272,0.1092,99.8908
multi_factor_consensus,299,1782,532818,0,0.0,0.0,100.0
multi_factor_orthogonal,299,1782,532818,1235,0.0023178646367052165,0.2318,99.7682
npta,299,1782,532818,299,0.0005611672278338945,0.0561,99.9439
obv_momentum_20,299,1782,532818,582,0.0010923054401315272,0.1092,99.8908
ocf_coverage,299,1782,532818,299,0.0005611672278338945,0.0561,99.9439
ocf_growth_4q,299,1782,532818,299,0.0005611672278338945,0.0561,99.9439
ocf_stability_8q,299,1782,532818,299,0.0005611672278338945,0.0561,99.9439
mom_60_vol_adj,299,1782,532818,582,0.0010923054401315272,0.1092,99.8908
mom_up_down_asymmetry,299,1782,532818,582,0.0010923054401315272,0.1092,99.8908
mom_x_winner,299,1782,532818,582,0.0010923054401315272,0.1092,99.8908
momentum_factor_zscore_60,299,1782,532818,582,0.0010923054401315272,0.1092,99.8908
momentum_orthogonal_to_value,299,1782,532818,1235,0.0023178646367052165,0.2318,99.7682
momentum_quality_liquidity_triple,299,1782,532818,881,0.0016534726679654215,0.1653,99.8347
momentum_quality_trend,299,1782,532818,2084,0.003911279273598114,0.3911,99.6089
momentum_reversal_balance,299,1782,532818,582,0.0010923054401315272,0.1092,99.8908
momentum_value_resonance,299,1782,532818,1235,0.0023178646367052165,0.2318,99.7682
momentum_value_resonance_deep,299,1782,532818,1235,0.0023178646367052165,0.2318,99.7682
ocf_to_debt_rank,299,1782,532818,299,0.0005611672278338945,0.0561,99.9439
ocf_to_interest_debt,299,1782,532818,299,0.0005611672278338945,0.0561,99.9439
ocf_to_net_debt,299,1782,532818,299,0.0005611672278338945,0.0561,99.9439
ocf_to_or_neutral,299,1782,532818,299,0.0005611672278338945,0.0561,99.9439
ocf_to_profit,299,1782,532818,299,0.0005611672278338945,0.0561,99.9439
net_mf_amount_momentum_5d,299,1782,532818,1510,0.002833988341234718,0.2834,99.7166
net_mf_flow_persistence,299,1782,532818,1507,0.002828357900821669,0.2828,99.7172
net_operating_assets_change,299,1782,532818,598,0.001122334455667789,0.1122,99.8878
netprofit_growth_acceleration,299,1782,532818,299,0.0005611672278338945,0.0561,99.9439
netprofit_margin,299,1782,532818,299,0.0005611672278338945,0.0561,99.9439
ocf_to_sales_rank,299,1782,532818,299,0.0005611672278338945,0.0561,99.9439
ocf_yoy_rank,299,1782,532818,299,0.0005611672278338945,0.0561,99.9439
ocfps_rank,299,1782,532818,299,0.0005611672278338945,0.0561,99.9439
ocfps_stability_8q,299,1782,532818,299,0.0005611672278338945,0.0561,99.9439
oi_divergence_intensity,299,1782,532818,582,0.0010923054401315272,0.1092,99.8908
open_auction_ret,299,1782,532818,1153,0.0021639659320818743,0.2164,99.7836
operating_leverage,299,1782,532818,9653,0.018116880435721017,1.8117,98.1883
operating_profit_purity,299,1782,532818,299,0.0005611672278338945,0.0561,99.9439
or_growth_acceleration,299,1782,532818,299,0.0005611672278338945,0.0561,99.9439
or_yoy,299,1782,532818,299,0.0005611672278338945,0.0561,99.9439
op_growth_stability_8q,299,1782,532818,299,0.0005611672278338945,0.0561,99.9439
op_to_debt_rank,299,1782,532818,299,0.0005611672278338945,0.0561,99.9439
op_to_profit_rank,299,1782,532818,299,0.0005611672278338945,0.0561,99.9439
op_yoy,299,1782,532818,299,0.0005611672278338945,0.0561,99.9439
open_5min_momentum,299,1782,532818,1162,0.0021808572533210213,0.2181,99.7819
order_concentration,299,1782,532818,1505,0.002824604273879636,0.2825,99.7175
other_payables_risk,299,1782,532818,299,0.0005611672278338945,0.0561,99.9439
other_receivables_risk,299,1782,532818,299,0.0005611672278338945,0.0561,99.9439
overnight_gap,299,1782,532818,582,0.0010923054401315272,0.1092,99.8908
overnight_gap_momentum,299,1782,532818,582,0.0010923054401315272,0.1092,99.8908
overnight_gap_vol_20,299,1782,532818,582,0.0010923054401315272,0.1092,99.8908
overnight_intraday_divergence_daily,299,1782,532818,582,0.0010923054401315272,0.1092,99.8908
overreaction_indicator_5d,299,1782,532818,582,0.0010923054401315272,0.1092,99.8908
parkinson_vol,299,1782,532818,1152,0.0021620891186108575,0.2162,99.7838
path_efficiency,299,1782,532818,1931,0.0036241268125326094,0.3624,99.6376
pledge_concentration,299,1782,532818,1874,0.0035171484446846766,0.3517,99.6483
pledge_coverage_ratio,299,1782,532818,257519,0.4833151282426645,48.3315,51.6685
pledge_industry_comparison,299,1782,532818,9355,0.01755759002135814,1.7558,98.2442
pledge_intensity,299,1782,532818,1874,0.0035171484446846766,0.3517,99.6483
pledge_liquidation_risk,299,1782,532818,2456,0.004609453884816203,0.4609,99.5391
payables_power,299,1782,532818,24956,0.04683775698268452,4.6838,95.3162
payroll_burden,299,1782,532818,559,0.0010491387302981505,0.1049,99.8951
pb_percentile_5y,299,1782,532818,582,0.0010923054401315272,0.1092,99.8908
pb_to_roe,299,1782,532818,881,0.0016534726679654215,0.1653,99.8347
pct_chg_vol_20,299,1782,532818,582,0.0010923054401315272,0.1092,99.8908
pct_up_days_20,299,1782,532818,582,0.0010923054401315272,0.1092,99.8908
pe_to_eps_growth,299,1782,532818,881,0.0016534726679654215,0.1653,99.8347
pe_to_eps_growth_neutral,299,1782,532818,881,0.0016534726679654215,0.1653,99.8347
pe_ttm_percentile,299,1782,532818,582,0.0010923054401315272,0.1092,99.8908
pledge_change_signal,299,1782,532818,1794,0.003367003367003367,0.3367,99.6633
pledge_market_impact,299,1782,532818,2456,0.004609453884816203,0.4609,99.5391
pledge_pressure_index,299,1782,532818,2456,0.004609453884816203,0.4609,99.5391
pledge_ratio,299,1782,532818,1874,0.0035171484446846766,0.3517,99.6483
pledge_ratio_acceleration,299,1782,532818,1879,0.0035265325120397584,0.3527,99.6473
pledge_ratio_change,299,1782,532818,1876,0.003520902071626709,0.3521,99.6479
price_impact_proxy,299,1782,532818,582,0.0010923054401315272,0.1092,99.8908
price_impact_ratio_20,299,1782,532818,582,0.0010923054401315272,0.1092,99.8908
price_position_20d,299,1782,532818,582,0.0010923054401315272,0.1092,99.8908
price_position_60,299,1782,532818,582,0.0010923054401315272,0.1092,99.8908
price_to_52w_high,299,1782,532818,582,0.0010923054401315272,0.1092,99.8908
pledge_ratio_momentum,299,1782,532818,1875,0.003519025258155693,0.3519,99.6481
pledge_risk,299,1782,532818,1874,0.0035171484446846766,0.3517,99.6483
pledge_tail_risk,299,1782,532818,2456,0.004609453884816203,0.4609,99.5391
pm_hl_range_intraday,299,1782,532818,1156,0.002169596372494923,0.217,99.783
pm_momentum_intraday,299,1782,532818,1156,0.002169596372494923,0.217,99.783
profitability_durability,299,1782,532818,0,0.0,0.0,100.0
profitability_size_interaction,299,1782,532818,881,0.0016534726679654215,0.1653,99.8347
quality_bear_market_alpha,299,1782,532818,881,0.0016534726679654215,0.1653,99.8347
quality_composite,299,1782,532818,299,0.0005611672278338945,0.0561,99.9439
quality_composite_golden,299,1782,532818,299,0.0005611672278338945,0.0561,99.9439
price_to_52w_high_dist,299,1782,532818,582,0.0010923054401315272,0.1092,99.8908
price_to_52w_low_dist,299,1782,532818,582,0.0010923054401315272,0.1092,99.8908
price_volume_corr_20,299,1782,532818,582,0.0010923054401315272,0.1092,99.8908
price_volume_corr_20_neutral,299,1782,532818,582,0.0010923054401315272,0.1092,99.8908
profit_volatility_8q,299,1782,532818,299,0.0005611672278338945,0.0561,99.9439
quality_earnings_composite,299,1782,532818,299,0.0005611672278338945,0.0561,99.9439
quality_growth_composite,299,1782,532818,299,0.0005611672278338945,0.0561,99.9439
quality_growth_nonlinear,299,1782,532818,881,0.0016534726679654215,0.1653,99.8347
quality_growth_resonance,299,1782,532818,299,0.0005611672278338945,0.0561,99.9439
quality_momentum_composite,299,1782,532818,881,0.0016534726679654215,0.1653,99.8347
quality_momentum_nonlinear,299,1782,532818,881,0.0016534726679654215,0.1653,99.8347
quality_orthogonal_to_size,299,1782,532818,881,0.0016534726679654215,0.1653,99.8347
quality_price_divergence,299,1782,532818,881,0.0016534726679654215,0.1653,99.8347
quality_turnover_divergence,299,1782,532818,881,0.0016534726679654215,0.1653,99.8347
quality_value_bias,299,1782,532818,1534,0.002879031864539111,0.2879,99.7121
quality_volatility_composite,299,1782,532818,881,0.0016534726679654215,0.1653,99.8347
quality_x_value,299,1782,532818,1534,0.002879031864539111,0.2879,99.7121
quick_ratio,299,1782,532818,299,0.0005611672278338945,0.0561,99.9439
range_rv_ratio,299,1782,532818,2113,0.0039657068642575885,0.3966,99.6034
rd_intensity,299,1782,532818,559,0.0010491387302981505,0.1049,99.8951
pos_rv_ratio,299,1782,532818,2113,0.0039657068642575885,0.3966,99.6034
pre_holiday_effect,299,1782,532818,582,0.0010923054401315272,0.1092,99.8908
price_efficiency_ratio_20,299,1782,532818,582,0.0010923054401315272,0.1092,99.8908
price_impact_asymmetry,299,1782,532818,2666,0.0050035847137296415,0.5004,99.4996
price_impact_intraday,299,1782,532818,1152,0.0021620891186108575,0.2162,99.7838
realized_skewness_20,299,1782,532818,582,0.0010923054401315272,0.1092,99.8908
realized_spread_5min,299,1782,532818,1156,0.002169596372494923,0.217,99.783
receivable_pressure,299,1782,532818,299,0.0005611672278338945,0.0561,99.9439
rel_vol_first_hour,299,1782,532818,1162,0.0021808572533210213,0.2181,99.7819
rel_vol_last_hour,299,1782,532818,1158,0.002173349999436956,0.2173,99.7827
ret_kurt_20,299,1782,532818,582,0.0010923054401315272,0.1092,99.8908
ret_kurt_intraday,299,1782,532818,2113,0.0039657068642575885,0.3966,99.6034
ret_range_20,299,1782,532818,582,0.0010923054401315272,0.1092,99.8908
ret_skew_20,299,1782,532818,582,0.0010923054401315272,0.1092,99.8908
ret_std_intraday,299,1782,532818,1156,0.002169596372494923,0.217,99.783
retail_attention,299,1782,532818,1505,0.002824604273879636,0.2825,99.7175
retained_earnings_ps,299,1782,532818,299,0.0005611672278338945,0.0561,99.9439
retained_earnings_ratio,299,1782,532818,299,0.0005611672278338945,0.0561,99.9439
return_accel_nonoverlap_20_60,299,1782,532818,582,0.0010923054401315272,0.1092,99.8908
return_asymmetry_intraday,299,1782,532818,1156,0.002169596372494923,0.217,99.783
rel_vol_midday,299,1782,532818,1159,0.0021752268129079724,0.2175,99.7825
relative_spread,299,1782,532818,1152,0.0021620891186108575,0.2162,99.7838
residual_momentum_20,299,1782,532818,582,0.0010923054401315272,0.1092,99.8908
ret_autocorr_5min,299,1782,532818,2113,0.0039657068642575885,0.3966,99.6034
ret_autocorr_abs,299,1782,532818,2113,0.0039657068642575885,0.3966,99.6034
reversal_5_vol_adj,299,1782,532818,582,0.0010923054401315272,0.1092,99.8908
reversal_vol_coupling,299,1782,532818,582,0.0010923054401315272,0.1092,99.8908
reversal_with_volume_confirmation,299,1782,532818,582,0.0010923054401315272,0.1092,99.8908
rjump_5min,299,1782,532818,1152,0.0021620891186108575,0.2162,99.7838
rjump_daily,299,1782,532818,1152,0.0021620891186108575,0.2162,99.7838
reversal_1,299,1782,532818,582,0.0010923054401315272,0.1092,99.8908
reversal_10,299,1782,532818,582,0.0010923054401315272,0.1092,99.8908
reversal_20,299,1782,532818,582,0.0010923054401315272,0.1092,99.8908
reversal_3,299,1782,532818,582,0.0010923054401315272,0.1092,99.8908
reversal_5,299,1782,532818,582,0.0010923054401315272,0.1092,99.8908
return_stability_60,299,1782,532818,582,0.0010923054401315272,0.1092,99.8908
revenue_growth_acceleration,299,1782,532818,299,0.0005611672278338945,0.0561,99.9439
revenue_ps_rank,299,1782,532818,299,0.0005611672278338945,0.0561,99.9439
revenue_stability_8q,299,1782,532818,299,0.0005611672278338945,0.0561,99.9439
revenue_to_ev,299,1782,532818,881,0.0016534726679654215,0.1653,99.8347
roa,299,1782,532818,299,0.0005611672278338945,0.0561,99.9439
roa2_yearly,299,1782,532818,299,0.0005611672278338945,0.0561,99.9439
roa_neutral,299,1782,532818,299,0.0005611672278338945,0.0561,99.9439
roa_stability_8q,299,1782,532818,299,0.0005611672278338945,0.0561,99.9439
roe,299,1782,532818,299,0.0005611672278338945,0.0561,99.9439
roe_waa,299,1782,532818,299,0.0005611672278338945,0.0561,99.9439
roic,299,1782,532818,299,0.0005611672278338945,0.0561,99.9439
roll_spread_20,299,1782,532818,582,0.0010923054401315272,0.1092,99.8908
rq_intraday,299,1782,532818,2113,0.0039657068642575885,0.3966,99.6034
rsi_14,299,1782,532818,600,0.0011260880826098217,0.1126,99.8874
roe_acceleration_4q,299,1782,532818,299,0.0005611672278338945,0.0561,99.9439
roe_dt,299,1782,532818,299,0.0005611672278338945,0.0561,99.9439
roe_dt_neutral,299,1782,532818,299,0.0005611672278338945,0.0561,99.9439
roe_factor_momentum_60,299,1782,532818,299,0.0005611672278338945,0.0561,99.9439
roe_momentum_4q,299,1782,532818,299,0.0005611672278338945,0.0561,99.9439
roe_neutral,299,1782,532818,299,0.0005611672278338945,0.0561,99.9439
roe_size_neutral,299,1782,532818,881,0.0016534726679654215,0.1653,99.8347
roe_stability_8q,299,1782,532818,299,0.0005611672278338945,0.0561,99.9439
roe_stability_8q_neutral,299,1782,532818,299,0.0005611672278338945,0.0561,99.9439
roe_turnover_interaction,299,1782,532818,881,0.0016534726679654215,0.1653,99.8347
rsi_divergence_14,299,1782,532818,582,0.0010923054401315272,0.1092,99.8908
rsv_5min,299,1782,532818,1152,0.0021620891186108575,0.2162,99.7838
rv_10min,299,1782,532818,1152,0.0021620891186108575,0.2162,99.7838
rv_15min,299,1782,532818,1152,0.0021620891186108575,0.2162,99.7838
rv_30min,299,1782,532818,1152,0.0021620891186108575,0.2162,99.7838
rv_term_structure_slope,299,1782,532818,2116,0.003971337304670638,0.3971,99.6029
rv_trend_5d,299,1782,532818,1161,0.002178980439850005,0.2179,99.7821
salescash_to_or,299,1782,532818,299,0.0005611672278338945,0.0561,99.9439
sector_advance_decline_20,299,1782,532818,0,0.0,0.0,100.0
sector_alpha_20,299,1782,532818,0,0.0,0.0,100.0
rv_hourly_dispersion,299,1782,532818,2116,0.003971337304670638,0.3971,99.6029
rv_rolling_5d_std,299,1782,532818,1154,0.0021658427455528905,0.2166,99.7834
rv_semi_down,299,1782,532818,1152,0.0021620891186108575,0.2162,99.7838
rv_semi_up,299,1782,532818,1152,0.0021620891186108575,0.2162,99.7838
rv_skew_intraday,299,1782,532818,1156,0.002169596372494923,0.217,99.783
rv_5min,299,1782,532818,1152,0.0021620891186108575,0.2162,99.7838
rv_60min,299,1782,532818,1152,0.0021620891186108575,0.2162,99.7838
rv_daily,299,1782,532818,1152,0.0021620891186108575,0.2162,99.7838
rv_hourly_1,299,1782,532818,1162,0.0021808572533210213,0.2181,99.7819
rv_hourly_4,299,1782,532818,1158,0.002173349999436956,0.2173,99.7827
sector_amount_flow_5d,299,1782,532818,0,0.0,0.0,100.0
sector_amount_momentum_5d,299,1782,532818,0,0.0,0.0,100.0
sector_amount_rank,299,1782,532818,582,0.0010923054401315272,0.1092,99.8908
sector_beta_60,299,1782,532818,0,0.0,0.0,100.0
sector_beta_change_20,299,1782,532818,0,0.0,0.0,100.0
sector_corr_to_leader_20,299,1782,532818,0,0.0,0.0,100.0
sector_corr_to_market_20,299,1782,532818,0,0.0,0.0,100.0
sector_diversification,299,1782,532818,0,0.0,0.0,100.0
sector_earnings_consistency,299,1782,532818,0,0.0,0.0,100.0
sector_eps_leadership,299,1782,532818,299,0.0005611672278338945,0.0561,99.9439
sector_breadth_20,299,1782,532818,582,0.0010923054401315272,0.1092,99.8908
sector_cipin_concentration,299,1782,532818,0,0.0,0.0,100.0
sector_composite_rank,299,1782,532818,881,0.0016534726679654215,0.1653,99.8347
sector_concentration_risk,299,1782,532818,582,0.0010923054401315272,0.1092,99.8908
sector_corr_stability_60,299,1782,532818,0,0.0,0.0,100.0
sector_momentum_coupling,299,1782,532818,582,0.0010923054401315272,0.1092,99.8908
sector_momentum_dispersion,299,1782,532818,1775,0.003331343911054056,0.3331,99.6669
sector_momentum_reversal_5d,299,1782,532818,0,0.0,0.0,100.0
sector_momentum_rotation,299,1782,532818,23166,0.043478260869565216,4.3478,95.6522
sector_multi_dimension_score,299,1782,532818,0,0.0,0.0,100.0
sector_fund_flow_heat_5d,299,1782,532818,0,0.0,0.0,100.0
sector_leader_gap,299,1782,532818,582,0.0010923054401315272,0.1092,99.8908
sector_leader_laggard_spread,299,1782,532818,0,0.0,0.0,100.0
sector_margin_trend_5d,299,1782,532818,0,0.0,0.0,100.0
sector_mc_share_change_20,299,1782,532818,0,0.0,0.0,100.0
sector_mv_rank,299,1782,532818,582,0.0010923054401315272,0.1092,99.8908
sector_new_high_ratio_20,299,1782,532818,0,0.0,0.0,100.0
sector_new_low_ratio_20,299,1782,532818,0,0.0,0.0,100.0
sector_pe_expansion_20,299,1782,532818,0,0.0,0.0,100.0
sector_rel_strength_20d,299,1782,532818,21384,0.04013377926421405,4.0134,95.9866
sector_relative_turnover,299,1782,532818,582,0.0010923054401315272,0.1092,99.8908
sector_relative_volatility_20,299,1782,532818,582,0.0010923054401315272,0.1092,99.8908
sector_relative_volume_ratio,299,1782,532818,582,0.0010923054401315272,0.1092,99.8908
sector_rotation_accel_5d,299,1782,532818,0,0.0,0.0,100.0
sector_size_factor,299,1782,532818,582,0.0010923054401315272,0.1092,99.8908
sector_rel_strength_5d,299,1782,532818,23166,0.043478260869565216,4.3478,95.6522
sector_relative_momentum_20,299,1782,532818,582,0.0010923054401315272,0.1092,99.8908
sector_relative_pe_20,299,1782,532818,0,0.0,0.0,100.0
sector_relative_ret_5,299,1782,532818,582,0.0010923054401315272,0.1092,99.8908
sector_relative_strength_60d,299,1782,532818,0,0.0,0.0,100.0
sector_size_leadership,299,1782,532818,582,0.0010923054401315272,0.1092,99.8908
sector_spillover_impact_20,299,1782,532818,0,0.0,0.0,100.0
sector_turnover_breakout,299,1782,532818,0,0.0,0.0,100.0
sector_turnover_divergence,299,1782,532818,0,0.0,0.0,100.0
sector_turnover_ratio_5d,299,1782,532818,582,0.0010923054401315272,0.1092,99.8908
sector_up_volume_ratio_20,299,1782,532818,0,0.0,0.0,100.0
sector_vol_ratio,299,1782,532818,0,0.0,0.0,100.0
sell_expense_ratio,299,1782,532818,559,0.0010491387302981505,0.1049,99.8951
sentiment_divergence_factor,299,1782,532818,1505,0.002824604273879636,0.2825,99.7175
sentiment_fundamental_gap,299,1782,532818,2457,0.00461133069828722,0.4611,99.5389
sentiment_momentum_composite,299,1782,532818,582,0.0010923054401315272,0.1092,99.8908
sentiment_momentum_confirmation,299,1782,532818,1505,0.002824604273879636,0.2825,99.7175
sentiment_quality_conflict,299,1782,532818,1804,0.0033857715017135306,0.3386,99.6614
sentiment_value_gap,299,1782,532818,2158,0.0040501634704533255,0.405,99.595
serial_corr_60,299,1782,532818,582,0.0010923054401315272,0.1092,99.8908
sgi,299,1782,532818,559,0.0010491387302981505,0.1049,99.8951
shadow_asymmetry,299,1782,532818,582,0.0010923054401315272,0.1092,99.8908
shadow_lower_20,299,1782,532818,585,0.0010979358805445762,0.1098,99.8902
shadow_upper_20,299,1782,532818,585,0.0010979358805445762,0.1098,99.8902
short_cover_rally_signal,299,1782,532818,19413,0.036434579912840784,3.6435,96.3565
short_sell_momentum_5d,299,1782,532818,186813,0.35061315496098105,35.0613,64.9387
short_sell_to_turnover,299,1782,532818,19278,0.036181210094253576,3.6181,96.3819
short_squeeze_potential,299,1782,532818,19278,0.036181210094253576,3.6181,96.3819
short_term_debt_ratio,299,1782,532818,299,0.0005611672278338945,0.0561,99.9439
short_term_long_term_alignment,299,1782,532818,582,0.0010923054401315272,0.1092,99.8908
short_interest_ratio_change,299,1782,532818,19413,0.036434579912840784,3.6435,96.3565
short_sell_activity_5d,299,1782,532818,18752,0.03519400620849896,3.5194,96.4806
short_sell_change_5d,299,1782,532818,18968,0.0355993979182385,3.5599,96.4401
short_sell_concentration,299,1782,532818,73284,0.13754039840996363,13.754,86.246
short_sell_intensity,299,1782,532818,19278,0.036181210094253576,3.6181,96.3819
solvency_margin,299,1782,532818,24075,0.045184284314719096,4.5184,95.4816
sortino_ratio_60,299,1782,532818,582,0.0010923054401315272,0.1092,99.8908
sp_ttm,299,1782,532818,1018,0.0019105961134946643,0.1911,99.8089
sp_ttm_neutral,299,1782,532818,1018,0.0019105961134946643,0.1911,99.8089
stock_sector_beta_60,299,1782,532818,582,0.0010923054401315272,0.1092,99.8908
stock_sector_corr_60,299,1782,532818,582,0.0010923054401315272,0.1092,99.8908
stock_sector_timing,299,1782,532818,582,0.0010923054401315272,0.1092,99.8908
stock_sector_vol_ratio_20,299,1782,532818,582,0.0010923054401315272,0.1092,99.8908
style_tilt_momentum,299,1782,532818,582,0.0010923054401315272,0.1092,99.8908
super_large_order_intensity,299,1782,532818,1505,0.002824604273879636,0.2825,99.7175
size_momentum_interaction,299,1782,532818,582,0.0010923054401315272,0.1092,99.8908
size_percentile_252d,299,1782,532818,582,0.0010923054401315272,0.1092,99.8908
size_quality_divergence,299,1782,532818,881,0.0016534726679654215,0.1653,99.8347
small_order_crowding,299,1782,532818,1505,0.002824604273879636,0.2825,99.7175
small_quality_premium,299,1782,532818,881,0.0016534726679654215,0.1653,99.8347
surplus_reserve_ps,299,1782,532818,299,0.0005611672278338945,0.0561,99.9439
sustainable_growth_rate,299,1782,532818,299,0.0005611672278338945,0.0561,99.9439
tail_dependence_score,299,1782,532818,457007,0.857716893948778,85.7717,14.2283
tail_ratio_60,299,1782,532818,582,0.0010923054401315272,0.1092,99.8908
tail_risk_dd_20,299,1782,532818,582,0.0010923054401315272,0.1092,99.8908
tail_risk_dd_5d,299,1782,532818,582,0.0010923054401315272,0.1092,99.8908
tang_asset_to_debt,299,1782,532818,299,0.0005611672278338945,0.0561,99.9439
tang_asset_to_int_debt,299,1782,532818,299,0.0005611672278338945,0.0561,99.9439
tang_asset_to_net_debt,299,1782,532818,299,0.0005611672278338945,0.0561,99.9439
tata,299,1782,532818,299,0.0005611672278338945,0.0561,99.9439
tax_burden,299,1782,532818,559,0.0010491387302981505,0.1049,99.8951
tax_rate_change_4q,299,1782,532818,299,0.0005611672278338945,0.0561,99.9439
tax_to_ebt,299,1782,532818,299,0.0005611672278338945,0.0561,99.9439
taxes_payable_ratio,299,1782,532818,559,0.0010491387302981505,0.1049,99.8951
top_list_amount_momentum,299,1782,532818,169747,0.3185834562646157,31.8583,68.1417
top_list_concentration,299,1782,532818,526740,0.9885927277231625,98.8593,1.1407
top_list_inst_dominance_change,299,1782,532818,170541,0.3200736461606027,32.0074,67.9926
top_list_net_flow_persistence,299,1782,532818,526740,0.9885927277231625,98.8593,1.1407
top_list_net_rate_ma5,299,1782,532818,526874,0.9888442207282787,98.8844,1.1156
top_list_repeat_appearance,299,1782,532818,582,0.0010923054401315272,0.1092,99.8908
top_list_turnover_intensity,299,1782,532818,526740,0.9885927277231625,98.8593,1.1407
total_borrowings_ratio,299,1782,532818,299,0.0005611672278338945,0.0561,99.9439
total_revenue_ps,299,1782,532818,299,0.0005611672278338945,0.0561,99.9439
tr_yoy,299,1782,532818,299,0.0005611672278338945,0.0561,99.9439
trend_quality_composite,299,1782,532818,582,0.0010923054401315272,0.1092,99.8908
trend_quality_resonance,299,1782,532818,881,0.0016534726679654215,0.1653,99.8347
ts_mom_accel_20,299,1782,532818,582,0.0010923054401315272,0.1092,99.8908
ts_mom_sign_60,299,1782,532818,582,0.0010923054401315272,0.1092,99.8908
ts_mom_vol_scaled_60,299,1782,532818,582,0.0010923054401315272,0.1092,99.8908
ts_price_self_rank_60,299,1782,532818,582,0.0010923054401315272,0.1092,99.8908
ts_vol_regime_60,299,1782,532818,582,0.0010923054401315272,0.1092,99.8908
ts_volume_zscore_20,299,1782,532818,582,0.0010923054401315272,0.1092,99.8908
turn_of_month_effect,299,1782,532818,582,0.0010923054401315272,0.1092,99.8908
turnover_20,299,1782,532818,582,0.0010923054401315272,0.1092,99.8908
turnover_20_industry_neutral,299,1782,532818,582,0.0010923054401315272,0.1092,99.8908
turnover_20_neutral,299,1782,532818,582,0.0010923054401315272,0.1092,99.8908
turnover_20_size_neutral,299,1782,532818,582,0.0010923054401315272,0.1092,99.8908
turnover_anomaly_20,299,1782,532818,582,0.0010923054401315272,0.1092,99.8908
turnover_anomaly_mean_20d,299,1782,532818,582,0.0010923054401315272,0.1092,99.8908
turnover_concentration_intraday,299,1782,532818,1152,0.0021620891186108575,0.2162,99.7838
undistributed_profit_ps,299,1782,532818,299,0.0005611672278338945,0.0561,99.9439
up_down_vol_ratio_20,299,1782,532818,582,0.0010923054401315272,0.1092,99.8908
up_minutes_ratio,299,1782,532818,1152,0.0021620891186108575,0.2162,99.7838
up_volatility_20,299,1782,532818,582,0.0010923054401315272,0.1092,99.8908
upper_shadow_ratio,299,1782,532818,582,0.0010923054401315272,0.1092,99.8908
turnover_price_divergence,299,1782,532818,582,0.0010923054401315272,0.1092,99.8908
turnover_shock_20,299,1782,532818,582,0.0010923054401315272,0.1092,99.8908
turnover_std_20,299,1782,532818,582,0.0010923054401315272,0.1092,99.8908
turnover_vol_20,299,1782,532818,582,0.0010923054401315272,0.1092,99.8908
ulcer_index_20,299,1782,532818,582,0.0010923054401315272,0.1092,99.8908
turnover_divergence,299,1782,532818,582,0.0010923054401315272,0.1092,99.8908
turnover_f_20,299,1782,532818,582,0.0010923054401315272,0.1092,99.8908
turnover_factor_momentum_20,299,1782,532818,1212,0.0022746979268718397,0.2275,99.7725
turnover_lead_volatility_10,299,1782,532818,1822,0.003419554144191825,0.342,99.658
turnover_orthogonal_to_mv,299,1782,532818,582,0.0010923054401315272,0.1092,99.8908
working_capital_to_assets,299,1782,532818,299,0.0005611672278338945,0.0561,99.9439
z_score_china,299,1782,532818,299,0.0005611672278338945,0.0561,99.9439
upside_beta_60,299,1782,532818,0,0.0,0.0,100.0
value_factor_zscore_252,299,1782,532818,1860,0.003490873056090447,0.3491,99.6509
value_lowvol_nonlinear,299,1782,532818,1235,0.0023178646367052165,0.2318,99.7682
value_momentum_divergence,299,1782,532818,1235,0.0023178646367052165,0.2318,99.7682
value_momentum_spread,299,1782,532818,1235,0.0023178646367052165,0.2318,99.7682
value_quality_momentum_triple,299,1782,532818,1534,0.002879031864539111,0.2879,99.7121
value_quality_resonance,299,1782,532818,1534,0.002879031864539111,0.2879,99.7121
value_quality_safety_triple,299,1782,532818,1534,0.002879031864539111,0.2879,99.7121
value_quality_volatility,299,1782,532818,1534,0.002879031864539111,0.2879,99.7121
value_reversal_crossover,299,1782,532818,1235,0.0023178646367052165,0.2318,99.7682
var_95_20,299,1782,532818,582,0.0010923054401315272,0.1092,99.8908
vol_concentration,299,1782,532818,1168,0.0021921181341471195,0.2192,99.7808
vol_momentum_divergence,299,1782,532818,582,0.0010923054401315272,0.1092,99.8908
vol_of_vol_20,299,1782,532818,582,0.0010923054401315272,0.1092,99.8908
vol_of_vol_intraday,299,1782,532818,2113,0.0039657068642575885,0.3966,99.6034
volatility_20_neutral,299,1782,532818,582,0.0010923054401315272,0.1092,99.8908
volatility_20_size_neutral,299,1782,532818,582,0.0010923054401315272,0.1092,99.8908
volatility_5,299,1782,532818,582,0.0010923054401315272,0.1092,99.8908
volatility_60,299,1782,532818,582,0.0010923054401315272,0.1092,99.8908
volatility_factor_momentum_20,299,1782,532818,1212,0.0022746979268718397,0.2275,99.7725
vol_orthogonal_to_beta,299,1782,532818,582,0.0010923054401315272,0.1092,99.8908
vol_stability,299,1782,532818,1152,0.0021620891186108575,0.2162,99.7838
volatility_120,299,1782,532818,582,0.0010923054401315272,0.1092,99.8908
volatility_20,299,1782,532818,582,0.0010923054401315272,0.1092,99.8908
volatility_20_industry_neutral,299,1782,532818,582,0.0010923054401315272,0.1092,99.8908
volatility_reversal_interaction,299,1782,532818,582,0.0010923054401315272,0.1092,99.8908
volatility_term_structure,299,1782,532818,582,0.0010923054401315272,0.1092,99.8908
volume_adjusted_momentum_20,299,1782,532818,582,0.0010923054401315272,0.1092,99.8908
volume_climax,299,1782,532818,582,0.0010923054401315272,0.1092,99.8908
volume_dry_up,299,1782,532818,582,0.0010923054401315272,0.1092,99.8908
volume_surge_3d,299,1782,532818,582,0.0010923054401315272,0.1092,99.8908
volume_trend_consistency_20,299,1782,532818,582,0.0010923054401315272,0.1092,99.8908
volume_u_shape_score,299,1782,532818,1165,0.0021864876937340706,0.2186,99.7814
volume_weighted_ret,299,1782,532818,1152,0.0021620891186108575,0.2162,99.7838
vwap_deviation,299,1782,532818,1152,0.0021620891186108575,0.2162,99.7838
volume_profile_skew,299,1782,532818,1152,0.0021620891186108575,0.2162,99.7838
volume_ratio,299,1782,532818,582,0.0010923054401315272,0.1092,99.8908
volume_ratio_20,299,1782,532818,582,0.0010923054401315272,0.1092,99.8908
volume_rv_ratio,299,1782,532818,2113,0.0039657068642575885,0.3966,99.6034
volume_stability_20,299,1782,532818,582,0.0010923054401315272,0.1092,99.8908
volume_momentum_5,299,1782,532818,582,0.0010923054401315272,0.1092,99.8908
volume_peak_time,299,1782,532818,1152,0.0021620891186108575,0.2162,99.7838
volume_price_elasticity_20,299,1782,532818,582,0.0010923054401315272,0.1092,99.8908
volume_price_trend,299,1782,532818,582,0.0010923054401315272,0.1092,99.8908
volume_profile_kurt,299,1782,532818,1152,0.0021620891186108575,0.2162,99.7838
vwap_momentum_5d,299,1782,532818,1161,0.002178980439850005,0.2179,99.7821
weekday_effect,299,1782,532818,582,0.0010923054401315272,0.1092,99.8908
winner_rate,299,1782,532818,582,0.0010923054401315272,0.1092,99.8908
winner_rate_acceleration,299,1782,532818,582,0.0010923054401315272,0.1092,99.8908
winner_rate_change_5d,299,1782,532818,582,0.0010923054401315272,0.1092,99.8908
winner_rate_factor_momentum_20,299,1782,532818,1212,0.0022746979268718397,0.2275,99.7725
winner_rate_neutral,299,1782,532818,582,0.0010923054401315272,0.1092,99.8908
winner_rate_reversal_divergence,299,1782,532818,582,0.0010923054401315272,0.1092,99.8908
winner_rate_reversal_signal,299,1782,532818,582,0.0010923054401315272,0.1092,99.8908
working_capital_rank,299,1782,532818,299,0.0005611672278338945,0.0561,99.9439
