accumulation_distribution_20,0.0055968231
adx_14,0.0085724058
am_close_position,-0.0015858370
am_hl_range_intraday,-0.0051243421
am_large_order_ratio,0.0031272076
am_macd_trend,-0.0004827275
am_momentum_intraday,0.0020607014
am_pm_macd_ratio,-0.0031926025
am_pm_range_ratio,0.0078994934
am_pm_return_ratio,0.0047789010
am_pm_rsi_ratio,0.0072295581
am_pm_rv_ratio,0.0241049811
am_pm_vol_ratio,-0.0060544114
am_rsi_trend,0.0034992220
am_vol_share,0.0010078999
amihud_amt_20d,0.0044790645
amihud_asymmetry_20,-0.0028743399
amihud_daily_20,0.0023441152
amihud_daily_5,0.0054810267
amihud_intraday,-0.0324587650
amihud_parkinson_ratio,0.0004007701
amihud_trend_20_60,-0.0032336217
amount_ratio_20,0.0666301015
amount_surge_count_20,-0.0028521253
amplitude_20,0.0268570360
amt_mom_accel,0.0071445837
amt_rel_ind,0.0042116935
amt_rel_ind_ma5,-0.0520023420
amt_surge_3d,-0.0108430956
aroon_down_25,-0.0082720112
aroon_up_25,0.0088683749
atr_20,0.0205802220
atr_position_250,0.0114125111
atr_ratio_20,-0.0339173498
avg_cost_premium,0.0207709535
avg_price_trend_20,-0.0190629867
beta_60,-0.0059782232
bias_20,0.0125086156
bias_60,-0.0268091167
bias_signal_29_19,0.0066410288
big_gap_reversal_5,0.0419238960
big_order_net_accel_10,-0.0017819889
big_range_day_freq_20,0.0120972887
big_vs_small_divergence_5d,0.0026374380
bigorder_momentum_resonance_20,-0.0059463440
boll_band_deviation,-0.0031533005
boll_mid_slope,0.0107464152
boll_position,0.0098787240
boll_squeeze,-0.0056961837
boll_width_20,-0.0100794282
boll_width_5d_change,-0.0048946103
boll_width_change,-0.0024969277
bollinger_position,0.0165674269
bollinger_position_20,0.0298106145
bollinger_squeeze,0.0030454089
bollinger_width_20,0.0030454089
bp,0.0407300917
bp_factor_momentum_20,-0.0060389320
bp_momentum_20,-0.0043495770
bp_momentum_combo_20,-0.0102935289
bp_momentum_divergence_20,-0.0052379327
bp_size_neutral,-0.0142326054
breakout_60,0.0009820276
bv_daily,-0.0318060928
cci_20,-0.0110746115
chandelier_position,0.0082304671
chip_above_below_ratio,0.0041141242
chip_below_momentum,-0.0159612469
chip_bimodality,-0.0003577943
chip_concentration,-0.0010984261
chip_concentration_change_20d,-0.0076062534
chip_concentration_change_5d,-0.0026937228
chip_concentration_ma5,-0.0032178659
chip_concentration_streak,0.0008531786
chip_concentration_zone,-0.0084252500
chip_cost_asymmetry,-0.0050877533
chip_cost_convergence_20d,-0.0056671701
chip_cost_kurtosis_20d,-0.0047869463
chip_cost_momentum_20d,-0.0022434150
chip_cost_premium_change_20,-0.0145412830
chip_cost_skew,-0.0040448325
chip_cr3_factor,-0.0081601539
chip_cr3_momentum,-0.0026235675
chip_cv_factor,0.0055440374
chip_cv_momentum,-0.0018770657
chip_deep_trap_ratio,0.0060132722
chip_dispersion,0.0007838927
chip_dispersion_momentum,-0.0012259569
chip_dispersion_width,-0.0010984261
chip_entropy_convergence,-0.0037155853
chip_entropy_signal,0.0108441903
chip_gini_factor,0.0022599937
chip_gini_momentum,-0.0033182882
chip_high_float_ratio,0.0018263821
chip_iqr_factor,0.0020198822
chip_iqr_momentum_20d,0.0042183752
chip_loss_peak_frac,0.0034089988
chip_mean_distance,-0.0152847471
chip_median_distance,0.0070298626
chip_median_momentum,-0.0056930406
chip_mode_mean_convergence,-0.0002506812
chip_mode_mean_gap,0.0020357461
chip_momentum_resonance_20,0.0059145406
chip_p90_p10_factor,-0.0111949180
chip_p90_p10_momentum,0.0033095002
chip_peak_distance,0.0008754194
chip_peak_growing,0.0048718058
chip_peak_purity,0.0106830221
chip_peak_ratio,0.0059695256
chip_peak_shift,-0.0140287015
chip_percentile_20d,-0.0021708065
chip_position,0.0066004318
chip_price_resonance_20,-0.0004180173
chip_profit_loss_ratio,-0.0016777037
chip_range_normalized,-0.0058029939
chip_range_skew_factor,0.0017255399
chip_resistance_distance,0.0024194493
chip_semi_std_momentum,0.0056976575
chip_skew_factor,-0.0063540464
chip_skew_momentum,0.0007603989
chip_skewness_ratio,-0.0051664123
chip_support_distance,0.0072712788
chip_support_strength,0.0040433214
chip_support_strength_20d,0.0052015401
chip_tail_risk,-0.0017403577
chip_tail_risk_change,0.0024615213
chip_weighted_cost_momentum_5d,0.0095505712
chip_weighted_cost_volatility_20d,-0.0008907625
chip_weighted_mean_momentum,-0.0024622781
chip_width_ratio_momentum,0.0138822068
chip_win_peak_frac,-0.0014252504
chip_win_peak_growth,0.0004890238
chip_winner_rate_acceleration,0.0048315077
chip_winner_rate_ma5,0.0221177612
chip_winner_rate_stability_20d,-0.0010191249
circ_mv_share_change_20d,-0.0003752828
circ_mv_to_total_mv,0.0233633684
close_30_momentum,-0.0201028828
close_5min_momentum,0.0056852058
close_auction_impact,-0.0198816957
close_auction_pressure,0.0323847041
close_auction_ret,-0.0106402182
close_auction_vol_share,0.0103420393
close_location_20d,-0.0071620048
close_location_5d,0.0089490409
close_position,0.0235328142
close_position_intraday_20,-0.0213080646
close_position_ratio,0.0403106149
close_position_vol_weighted_20,0.0077087108
close_to_high_20d,-0.0204161005
close_to_high_5d,-0.0011145413
close_to_high_ratio_20,0.0150171337
cmo_20,-0.0034291093
consecutive_limit_down,-0.0643372931
consecutive_limit_up,0.0081785547
corr_market_60,0.0122692081
cost_convergence_signal,0.0034521947
cost_displacement,0.0256740712
cost_displacement_extreme,0.0038688282
cost_distribution_skew,-0.0044374766
cost_distribution_width,-0.0007688209
cost_skew_momentum_5d,0.0014464468
cost_skew_ratio,0.0160911556
cost_support_strength,0.0069460879
coupling_bigflow_margin_buy_20,0.0026683147
coupling_boll_squeeze_value,0.0086435283
coupling_chip_cost_accel_20,0.0038782353
coupling_chip_support_reversal_5,-0.0035690502
coupling_chip_trend_confirm_20,0.0235792923
coupling_flow_persistence_20,-0.0028645059
coupling_flowaccel_breakout_60,0.0011787730
coupling_fundflow_accel_10,0.0100237405
coupling_indicator_consensus_value,-0.0017796458
coupling_intraday_tail_momentum_20,-0.0115117851
coupling_kdj_moneyflow_divergence,0.0109914697
coupling_lhb_reversal_20,-0.0087561607
coupling_limitup_momentum_20,0.0353358923
coupling_liquidity_momentum_20d,-0.0131932220
coupling_lowrisk_momentum_60,-0.0028216979
coupling_ma_chip_resonance,-0.0033174890
coupling_macd_chip_divergence,0.0023860397
coupling_macd_value_resonance,-0.0001848903
coupling_margin_buy_persist_10,-0.0000031671
coupling_margin_buy_trend_20,-0.0106536514
coupling_margin_chip_cost_20,0.0125819005
coupling_margin_lead_trend_60,0.0045640726
coupling_min_align_momentum_20,0.0179529567
coupling_momentum_drift_20,-0.0055580971
coupling_moneyflow_lead_momentum_10,0.0048703533
coupling_net_turnover_momentum_20,0.0008597909
coupling_quality_momentum_20d,-0.0065171864
coupling_quality_trend_60,0.0074290157
coupling_rsi_moneyflow_resonance,-0.0065828754
coupling_rsi_turnover_divergence,-0.0056064562
coupling_rsi_value_combo,0.0070570277
coupling_smallcap_value_combo,-0.0034045594
coupling_smartmoney_lead_momentum_10,0.0061473917
coupling_stableflow_momentum_20,0.0025856379
coupling_valuation_sentiment_divergence,0.0036301989
coupling_value_momentum_20d,-0.0070241365
coupling_value_quality_resonance,-0.0074223894
coupling_volterm_momentum_60,0.0047701637
coupling_volume_lead_momentum_5,-0.0060015443
coupling_vp_amfade_rev_20,0.0007491229
coupling_vp_chip_consistency_20,-0.0090006528
coupling_vp_expand_up_mom_20,0.0219936578
coupling_vp_lowpos_accumulate_20,0.0115367554
coupling_vp_retvol_mom_20,-0.0031104177
coupling_vp_shrink_down_rev_5,0.0000135039
coupling_winner_bigflow_20,0.0064002952
cumulative_ret_path,-0.0062282187
current_down_streak,0.0067720462
current_up_streak,-0.0181567903
current_vol_shrink_streak,0.0022459257
cvar_95_120,0.0025297569
deep_value_reversal_combo_60,-0.0060611838
defensive_momentum_combo_60,0.0075695475
di_plus_minus_ratio_14,0.0039933563
distance_from_ma_120,-0.0021295098
distance_from_ma_5,0.0050028225
doji_frequency_20,0.0009919090
donchian_breakout_20,-0.0029402670
donchian_breakout_strength,0.0091424640
donchian_position_20,0.0157874830
donchian_position_60,0.0078584886
downside_frequency_60,0.0066462789
downside_upside_vol_60,0.0113089549
downside_vol_ratio_20,0.0066501750
dp_ttm,0.0183388913
dpo_20,-0.0000226621
drawdown_120,-0.0098796908
drawdown_60,-0.0084099068
drawdown_duration_120,0.0066587486
drawdown_recovery_60,0.0043198511
dv_composite,-0.0365693053
dv_momentum_combo_20,-0.0221223771
dv_stability_4q,0.0009760947
dv_ttm_rank,0.0183388913
dv_yield_rank,0.0217730755
elg_net_60d_to_mv,0.0020106089
eom_14,-0.0027022993
event_momentum_divergence_20,0.0162164368
ext_mf_amount_concentration,0.0100797308
ext_mf_big_order_net_amount_ratio,-0.0012127440
ext_mf_large_order_avg_price,-0.0017079933
ext_mf_medium_order_amount_ratio,0.0046415097
ext_mf_small_order_amount_ratio,-0.0021257790
ext_mf_small_order_avg_price,-0.0017875600
extreme_gain_freq_20,0.0021762397
extreme_move_count,0.0009138866
extreme_move_event,-0.0017721387
factor_consistency_ratio,0.0026627514
factor_consistency_score,0.0232427922
factor_crowding_warning,0.0230404551
factor_cycle_position,-0.0063458013
factor_drawdown_60_deep,0.0039131215
factor_ic_ir_proxy_60,-0.0056667926
factor_mean_reversion_20,-0.0030756395
factor_momentum_decay,-0.0026825815
factor_multi_horizon_momentum,0.0022765757
factor_profile_shift_deep,0.0018069925
factor_rolling_drawdown_60,0.0038140386
factor_signal_to_noise_60,-0.0056667926
factor_trend_strength_60,-0.0047826722
factor_turnover_ratio_20,0.0018069925
factor_volatility_regime_shift,-0.0031515904
fear_index_20,0.0045692338
fib_retracement_proximity,0.0055908853
flash_crash_risk,0.0108773630
float_mv_ratio,-0.0050719055
float_share_ratio,0.0229788271
force_index_13,-0.0127398629
free_float_expansion_20d,-0.0014136601
free_share_turnover_ratio,0.0325813161
fund_flow_alpha_combo_60,-0.0094445275
fund_flow_volatility_20,0.0007066551
fundflow_retail_inst_divergence,0.0026246002
fundflow_value_interaction,0.0070468417
gain_loss_asymmetry_60,0.0077105373
gap_abs_intraday,0.0064434705
gap_abs_ma_20d,0.0097173667
gap_abs_ma_5d,-0.0006618845
gap_down_recover_freq_20d,-0.0035721012
gap_event_decay_5,-0.0016465966
gap_fill_5d_reversal,-0.0018482350
gap_fill_tendency_10d,-0.0037772793
gap_intraday_corr_20,0.0040565799
gap_momentum_5d,-0.0013736997
gap_open_follow_ratio_20,-0.0059025932
gap_ratio,0.0207921284
gap_ratio_20,0.0314499771
gap_reversal_5d,-0.0052064443
gap_up_fade_freq_20d,0.0070550587
gap_up_ratio_20d,-0.0034673834
gap_volume_interaction_20,0.0098653617
gk_vol,-0.0071615803
hammer_ratio_20d,0.0014882844
high_low_amplitude_20,-0.0038283435
high_low_expansion,0.0293075181
high_low_volatility_20,0.0249134040
high_open_low_close_frac_20,0.0050619567
higher_highs_20,0.0031204779
hl_range_intraday,-0.0065833664
idio_vol_60,0.0165681017
idio_vol_momentum_combo_20,0.0079343077
ind_disp_ma_20d,0.0025282808
ind_disp_ma_5d,-0.0148699415
ind_disp_ma_60d,0.0039632308
ind_ret_ma_20d,0.0064075532
ind_ret_ma_3d,0.0082420957
ind_ret_ma_5d,-0.0004001222
ind_ret_ma_60d,-0.0014668115
indicator_consensus,0.0024149053
indicator_dispersion,0.0051302931
inside_bar_count_20,-0.0019718940
intra_trend,0.0123328974
intraday_cum_20d,-0.0047995152
intraday_high_low_volatility,0.0277939804
intraday_high_time,-0.0048895510
intraday_lower_shadow,-0.0006790241
intraday_ma_20d,0.0036222134
intraday_ma_5d,0.0117712470
intraday_ma_60d,-0.0026768247
intraday_max_drawdown,-0.0005582148
intraday_max_runup,-0.0109785885
intraday_momentum,-0.0049555012
intraday_ret,-0.0087354169
intraday_ret_momentum,-0.0087354169
intraday_reversal,-0.0104190311
intraday_reversal_intensity,0.0199448533
intraday_trend_strength,0.0004005724
intraday_upper_shadow,-0.0072645589
intraday_vol_ratio_5d,0.0009627953
j_day_position,-0.0012097136
jump_ratio_intraday,-0.0120181425
kama_efficiency_20,-0.0044107297
kama_position_20,-0.0175945500
kdj_boll_combo,-0.0086032328
kdj_bull_frac,0.0100510473
kdj_bull_frac_5d_change,-0.0098666491
kdj_cross_net,-0.0085808241
kdj_cross_signal,0.0138970592
kdj_d_stability,0.0114358289
kdj_daily_j,-0.0333049082
kdj_dead_cross_count,0.0112272825
kdj_j_5d_acceleration,0.0019302042
kdj_j_range,0.0008151989
kdj_j_reversal_risk,-0.0001970551
kdj_j_value_close,0.0043261546
kdj_j_volatility,-0.0070472593
kdj_k_d_distance,0.0085606862
kdj_overbought_frac,-0.0031137254
kdj_oversold_frac,0.0019818048
keltner_position_20,0.0201410716
large_order_timing_signal,0.0050192193
large_trade_intensity,0.0061328448
last30_ret,-0.0104190311
last30_vol_share,0.0353602066
lg_sm_divergence,-0.0072886836
lhb_proxy_score_60,-0.0022541189
liftoff_pulse_combo_20,0.0024147378
limit_alternation_20,0.0276806341
limit_board_streak_mean_60,-0.0021538610
limit_down_event_5,-0.0009269636
limit_down_rebound_10,-0.0106018915
limit_streak_volume_ratio,0.0043908245
limit_up_event_5,-0.0209769669
limit_up_fade_10,-0.0141590097
limit_up_open_fail_freq_20,-0.0024790604
limit_up_vol_shrink_60,-0.0019713021
liquidity_discount_factor,0.0077172846
liquidity_shock_20,0.0044072937
listing_age_heat,-0.0093820525
log_amplitude_20,0.0195248893
log_circ_mv,0.0156153225
log_gk_vol,-0.0086218513
log_high_low_volatility_20,0.0214685212
log_hl_range_intraday,-0.0092000652
log_intraday_high_low_volatility,0.0185879448
log_mv,0.0261867522
log_mv_chg_20d,-0.0065607625
log_parkinson_vol,-0.0092000652
log_ret_std_intraday,-0.0037374900
log_rv_10min,-0.0010649454
log_rv_15min,-0.0071691138
log_rv_30min,-0.0177880288
log_rv_5min,0.0060256478
log_rv_60min,0.0021718303
log_rv_rolling_5d_std,-0.0104503142
log_total_mv,0.0194455489
loss_probability_20,-0.0182305211
lower_shadow_ratio,0.0063637480
lowvol_liftoff_combo_20,-0.0046662750
lowvol_momentum_rs_20,-0.0062407894
lowvol_quality_momentum_60,0.0027516653
lowvol_trend_efficiency_combo_20,0.0097780844
lunch_break_effect,-0.0017168937
ma10_slope,-0.0010512015
ma20_slope,0.0107464152
ma30_slope,-0.0068436300
ma5_ma10_gap,-0.0105620737
ma5_slope,0.0121997187
ma_alignment_score,0.0006858006
ma_bull_bear_ratio,-0.0091382588
ma_convergence,-0.0004091690
ma_convergence_20_60,-0.0168702961
ma_cross_count,-0.0006881950
ma_curvature,-0.0026405674
ma_dispersion,-0.0082843023
ma_distance_20_60,-0.0168702961
ma_distance_5_20,-0.0219517001
ma_distance_5_60,0.0206728845
ma_rsi_divergence,-0.0053453895
macd_acceleration,0.0059889412
macd_bar_energy,-0.0262541330
macd_bar_sign_change,-0.0005179158
macd_daily_consistency,0.0027211937
macd_daily_hist_5d,-0.0081697691
macd_daily_range,0.0096377930
macd_dif_slope,0.0017625815
macd_extreme_ratio,0.0002532461
macd_kdj_alignment,0.0002601191
macd_price_divergence,0.0053203347
macd_rsi_combo,0.0037713137
macd_signal_cross,0.0042673575
macd_trend_strength,-0.0037641276
macd_zero_cross,0.0006459532
margin_balance_20d,-0.0033189038
margin_balance_5d,0.0042627133
margin_balance_ma_divergence,-0.0017456139
margin_balance_volatility_20d,0.0034695603
margin_buy_momentum_5d,0.0164458069
margin_buy_pressure,0.0001504968
margin_buyer_avg_cost_premium,0.0028109640
margin_chg_abs_5d,0.0044092345
margin_chg_rel_ind_5d,-0.0069715072
margin_chip_cost_gap,-0.0149521600
margin_flow_asymmetry_10d,-0.0022159101
margin_leverage_change_20d,0.0037432314
margin_leverage_trend_10d,-0.0044694871
margin_net_flow_ratio,0.0140770483
margin_price_resonance_20,-0.0021115344
margin_proxy_ttm,-0.0040155727
margin_repay_deceleration,-0.0024082645
margin_repay_shock,0.0047271890
margin_trend_combo_20,-0.0054077362
margin_value_combo_20,-0.0077871199
margin_velocity,-0.0083954552
market_beta_change_20,-0.0066102637
market_cap_concentration_20d,0.0095385806
market_regime_sensitivity_60,0.0089322560
marubozu_ratio_10d,0.0014851291
mavol5_slope,-0.0040191156
mavol_expansion,-0.0040097139
mavol_ratio_signal,0.0044884752
mavol_ratio_std,0.0046665744
mavol_ratio_trend,-0.0123939056
mavol_stability,0.0033074636
max_consecutive_loss_20,0.0026028089
max_ret_intraday,-0.0028811545
max_vol_day_contribution_20,0.0000052339
medium_order_flow,-0.0002817301
mf_amount_vol_divergence,0.0005937732
mf_amount_weighted_direction,-0.0003365025
mf_avg_trade_price_momentum,0.0024768498
mf_big_order_net_kurt_20,-0.0005033747
mf_big_order_ratio,-0.0012127440
mf_big_order_stability_20d,0.0010579387
mf_big_order_turnover_ratio,0.0056875761
mf_big_order_vol_ratio,0.0056875761
mf_big_small_convergence_20d,-0.0008161319
mf_big_small_divergence,-0.0072886836
mf_cumulative_flow_20d,0.0003826012
mf_elg_order_ratio,0.0024669232
mf_elg_small_divergence,-0.0117062962
mf_extra_large_sell_pressure,-0.0010581921
mf_flow_acceleration_5d,0.0067554524
mf_flow_acceleration_ext,0.0067159168
mf_flow_continuity,-0.0013689101
mf_flow_factor_momentum_20,0.0038121871
mf_flow_reversal_20d,0.0032624058
mf_flow_stability_20d,-0.0058588007
mf_flow_streak_5d,0.0002769667
mf_flow_volatility_20d,0.0007066551
mf_large_order_avg_price,-0.0017079933
mf_large_order_net_5d,0.0070738644
mf_large_vol_net_5d,0.0032563068
mf_md_order_vol_ratio,0.0015625876
mf_mid_order_ratio,-0.0002817301
mf_net_amount_intensity,0.0075734367
mf_net_inflow_5d,0.0066517507
mf_net_inflow_ratio,-0.0030117211
mf_net_inflow_trend_5d,0.0032004923
mf_net_inflow_volatility_20d,0.0007066551
mf_net_persistent_5d,-0.0009761686
mf_net_vol_intensity,-0.0105610558
mf_net_vol_ma_divergence,0.0036421062
mf_net_vol_ratio_5d,0.0030423968
mf_net_vol_trend_3d,0.0003719864
mf_open_close_divergence_10d,-0.0015759883
mf_order_concentration,0.0035325544
mf_order_size_entropy,-0.0227822704
mf_rel_ind_ma20d,0.0046785646
mf_rel_ind_ma5d,-0.0052880831
mf_retail_dominance,-0.0021257790
mf_sm_order_vol_ratio,-0.0007087215
mf_small_order_ratio,0.0170970143
mf_smart_dumb_divergence,0.0125672286
mf_tier_net_spread_20,0.0012243070
mf_vol_amount_corr_20,-0.0047024808
mf_vol_amount_divergence,-0.0016528527
mf_vol_concentration_large,0.0056875761
mf_vol_retail_ratio,-0.0007087215
mf_vol_tier_balance,-0.0059466004
mfi_14,0.0012685123
microstructure_efficiency,-0.0084287468
min_bar_gap_freq_20,0.0012306714
min_boll_width_std_20,0.0195627322
min_expand_bull_frac_20,-0.0060085457
min_j_overbought_frac_20,0.0087898777
min_limit_touch_frac_20,0.0118030636
min_ma_alignment_frac_20,-0.0053394120
min_macd_hist_area_20,0.0010086874
min_ret_max,0.0001479641
min_ret_min,0.0021972656
min_ret_std,0.0187323847
min_rsi_extreme_frac_20,0.0014356899
min_rsi_overbought_expand_20,-0.0024344808
min_shrink_bull_frac_20,-0.0100118059
min_vwap_dev_std,0.0133463636
minute_ret_vol_corr,0.0049607018
momentum_10,-0.0107303854
momentum_20,-0.0199370514
momentum_3,-0.0310750511
momentum_5,0.0173120012
momentum_60,0.0156372860
momentum_accel_20_60,0.0049837302
momentum_accel_60_120,-0.0046363343
momentum_high_proximity_combo_20,-0.0240453524
momentum_liquidity_resonance_20,-0.0006027691
momentum_lowvol_combo_20,0.0224635323
momentum_rs_resonance_20,0.0270072248
momentum_stability_20_60,-0.0009104965
momentum_stability_combo_60,-0.0017635878
momentum_volume_divergence_20,0.0015469388
momentum_volume_resonance_20,0.0019720585
moneyflow_momentum_resonance_20,-0.0051580852
moneyflow_reversal_divergence_5,-0.0092961954
multi_horizon_momentum_combo_20,-0.0003723051
multi_indicator_extreme,0.0033432162
net_mf_amount_intensity,-0.0030117211
net_mf_amount_momentum_5d,-0.0117855413
net_mf_flow_persistence,-0.0009761686
net_turnover_rate_20,0.0007409909
new_high_60_event,-0.0046220187
new_high_frequency_60,0.0024977075
new_low_60_event,-0.0110437090
obv_divergence_20,-0.0061816142
obv_slope_20,0.0094109448
oi_divergence_intensity,0.0002371009
one_word_limit_down_freq_20,0.0005342018
one_word_limit_up_freq_20,-0.0052272889
open_30_momentum,-0.0049555012
open_30_range_share,0.0004422087
open_5min_momentum,0.0022695428
open_auction_intensity,-0.0142312819
open_auction_ret,-0.0110642989
open_close_momentum_gap,-0.0130683124
open_price_shock,0.0062545794
open_volume_share,-0.0104192843
order_concentration,0.0035325544
order_size_concentration,-0.0074180453
order_size_ratio_change,-0.0006672229
outside_bar_count_20,-0.0010154988
overnight_cum_20d,0.0078121595
overnight_gap,0.0255897969
overnight_gap_momentum,0.0207921284
overnight_gap_vol_20,0.0281432309
overnight_intraday_divergence_daily,0.0125721754
overnight_intraday_ratio_20d,-0.0042054980
overnight_ma5,-0.0006618845
overnight_ma_20d,0.0146932614
overnight_ma_5d,-0.0006618845
overnight_ma_60d,0.0009339752
overnight_minus_intraday,0.0337548858
overnight_return_share_20,0.0045534630
overnight_sign_consistency_20d,-0.0029805686
overnight_skewness_20d,-0.0045089614
overnight_std_20d,0.0181813617
overnight_std_5d,0.0046723266
panic_selling_ratio_60,0.0013982997
parkinson_vol,-0.0065833664
path_efficiency,-0.0175897834
pb_change_20d,0.0085521442
pb_turnover_regime,-0.0106919823
pe_pb_divergence,0.0014008988
pe_ttm_absolute,-0.0034177811
pe_ttm_change_20d,0.0024715894
pm_hl_range_intraday,-0.0005185963
pm_macd_trend,0.0050538792
pm_momentum_intraday,-0.0018547855
pm_reversal_signal,0.0037756733
pm_rsi_trend,-0.0094214647
pos_rv_ratio,0.0088965182
ppo_signal_12_26_9,-0.0075859799
price_distance_from_52w_low,0.0084820254
price_impact_asymmetry,0.0063987087
price_impact_intraday,-0.0007666608
price_position_20d,-0.0172715459
price_position_60,0.0062002776
price_to_52w_high,0.0143334990
price_vs_ma10_deviation,-0.0036180173
price_vs_ma20_deviation,-0.0038498985
price_vs_ma30_deviation,0.0013454378
price_vs_ma60_deviation,-0.0004091690
ps_ttm_momentum_20d,-0.0045987040
ps_ttm_rank,0.0127723877
psy_12,-0.0010412375
quality_liquidity_combo_20,-0.0034190481
range_position_20d,0.0063819196
range_position_60d,0.0069739772
range_rv_ratio,-0.0092527664
range_vol_ratio_20,-0.0035763424
realized_spread_5min,0.0015432011
rebound_from_low_20,0.0187654956
rel_log_mv_ind,-0.0021745653
rel_mom_ind_10d,-0.0019587907
rel_mom_ind_20d,0.0097173028
rel_mom_ind_3d,0.0145558712
rel_mom_ind_5d,-0.0044692175
rel_pb_ind,0.0080907954
rel_pe_ind,-0.0064206630
rel_turnover_ind,-0.0149381370
rel_turnover_ind_ma20,0.0226330655
rel_vol_first_hour,-0.0026896447
rel_vol_ind_20d,0.0040048408
rel_vol_last_hour,-0.0039633867
rel_vol_midday,-0.0038850546
relative_spread,0.0030643042
residual_momentum_20,-0.0161487636
ret_autocorr_1d_20,-0.0002699582
ret_autocorr_20d,0.0036183044
ret_autocorr_5min,0.0061897863
ret_autocorr_abs,-0.0032422330
ret_efficiency_20,0.0148733365
ret_ind_rel_1d,0.0087663286
ret_kurt_20,0.0034030739
ret_kurt_5d,0.0021501362
ret_kurt_intraday,0.0056944799
ret_skew_20,-0.0060095736
ret_skew_5d,0.0016003462
ret_skew_60,0.0122117762
ret_std_intraday,-0.0175387914
ret_vol_lead_corr_20,-0.0052684972
retail_attention,-0.0021258552
return_asymmetry_intraday,-0.0056601809
reversal_2d,0.0030869426
reversal_liquidity_combo_5,-0.0178365269
reversal_oversold_combo_5,-0.0027660702
reversal_turnover_resonance_5,0.0063407953
rjump_5min,-0.0076536549
rjump_daily,0.0037929317
roc_12,-0.0069597989
rq_intraday,0.0054292252
rs_120,0.0035783049
rs_250,0.0110920033
rs_60,-0.0094759281
rs_value_divergence_20,-0.0035028117
rsi_14_excess,0.0218274246
rsi_boll_combo,-0.0038306689
rsi_day_position,0.0010313875
rsi_extreme_fraction,0.0091939023
rsi_intraday_trend,0.0173985130
rsi_overbought_frac,0.0010161992
rsi_oversold_frac,-0.0004301547
rsi_range,-0.0002177937
rsi_spread_6_14,0.0027932290
rsi_trend_ma5,0.0061872931
rsi_volatility,0.0039392355
rsrs_beta_18,0.0103517646
rsrs_beta_momentum_5,-0.0030088493
rsrs_r2_18,0.0005641422
rsrs_right_deviation,0.0076521518
rsrs_volume_right_deviation,-0.0047239783
rsrs_zscore_18,-0.0114975831
rsv_5min,0.0183199418
rv_10min,-0.0147184862
rv_15min,-0.0086143178
rv_30min,0.0020045972
rv_5min,-0.0218090794
rv_60min,-0.0179552619
rv_daily,0.0177197752
rv_hourly_1,-0.0001749318
rv_hourly_4,-0.0147251372
rv_hourly_dispersion,0.0047826273
rv_rolling_5d_std,-0.0053694398
rv_semi_down,-0.0081872273
rv_semi_up,0.0146340674
rv_skew_intraday,-0.0109262061
rv_term_structure,0.0049495277
rv_term_structure_slope,0.0021576031
rv_trend_5d,0.0019393500
sentiment_value_gap,0.0058793986
shadow_asymmetry,-0.0263151666
shadow_lower_20,-0.0018616452
shadow_upper_20,0.0001025485
short_balance_ratio_change_20d,-0.0021229242
short_interest_volatility_20d,-0.0015749620
short_sell_volume_ratio,-0.0006345130
short_squeeze_risk,-0.0089162596
short_term_reversal_5,0.0290699240
size_momentum_combo_20,-0.0154677802
small_order_crowding,-0.0007087215
smallcap_liftoff_combo_60,-0.0058644923
smart_capital_liftoff_20,-0.0050181150
smart_money_concentration,-0.0012685848
smart_money_momentum_combo_20,0.0009376125
smart_money_net_bias,-0.0032237004
smart_money_share,-0.0023298827
smart_money_vwap_ratio,0.0015947987
sortino_ratio_60,-0.0060905001
sp_raw,-0.0265522529
sp_ttm,0.0127723877
sp_ttm_momentum_20,0.0007152165
sqrt_am_hl_range_intraday,-0.0051243421
sqrt_max_ret_intraday,-0.0028811545
sqrt_relative_spread,0.0030643042
sqrt_turnover_std_20,-0.0088923708
sqrt_turnover_vol_20,-0.0088923708
stoch_slow_k,-0.0061953545
super_large_order_intensity,0.0024669232
tail_corr_60,0.0010828512
tail_ret_3d,0.0113981649
tail_risk_pct_60,0.0004488795
tail_volume_share,-0.0289600109
td_setup_count,0.0003915902
three_black_crows,0.0060350376
time_since_52w_high,0.0031949185
total_leverage_ratio,-0.0053411234
trend_confirmation,-0.0072087334
trix_12_20,0.0171398555
trix_signal_gap,0.0054100809
ts_price_self_rank_60,0.0062002776
ts_volume_zscore_20,-0.0094017672
turnover_20,0.0333640335
turnover_20_size_neutral,-0.0093172624
turnover_anomaly_20,0.0066116845
turnover_anomaly_mean_20d,0.0333640335
turnover_chg_20d,0.0030125960
turnover_chg_5d,0.0171526441
turnover_concentration_intraday,-0.0083347876
turnover_event_confirmation_20,0.0160801027
turnover_f_20,-0.0123551155
turnover_f_delta_5,0.0278196538
turnover_f_divergence,-0.0021657425
turnover_f_raw,0.0147575437
turnover_factor_momentum_20,0.0114323574
turnover_orthogonal_to_mv,-0.0098783779
turnover_ret_corr_20,-0.0034292056
turnover_rv_interaction,-0.0116265500
turnover_shock_20,0.0045828192
turnover_std_20,-0.0088923708
turnover_vol_20,-0.0088923708
turnover_zscore_20,0.0134957582
ulcer_index_20,-0.0007387874
up_day_freq_20d,-0.0021570591
up_day_volume_ratio_20,-0.0158894462
up_down_count_ratio_20,0.0212394560
up_minute_vol_share,-0.0005391935
up_minutes_ratio,-0.0026375939
upper_shadow_ratio,0.0187294170
value_event_combo_20,-0.0003286547
value_factor_zscore_252,0.0109226890
value_liftoff_combo_20,-0.0137542819
value_reversal_combo_60,0.0036661943
var_95_20,0.0001512434
vol_clustering_20,-0.0008255704
vol_concentration,0.0063650302
vol_cycle_position_120,-0.0039798290
vol_decay_ratio_20,0.0001884684
vol_liquidity_resonance_20,0.0253423424
vol_of_rv,-0.0052366572
vol_of_vol_20d,0.0041994078
vol_of_vol_5d,-0.0107225021
vol_of_vol_60,0.0093177073
vol_of_vol_60d,-0.0020095751
vol_of_vol_intraday,-0.0102695363
vol_ratio_ma20,-0.0061183214
vol_ratio_ma3,0.0105606306
vol_ratio_ma5,0.0019443111
vol_regime_switch_20,-0.0051893901
vol_stability,-0.0026342523
volume_autocorr_20,-0.0092069059
volume_autocorr_5,0.0035502433
volume_breakout_confirm_20,0.0077566118
volume_climax,0.0612636875
volume_distribution_skew,-0.0178098422
volume_dry_up,0.0024264064
volume_momentum_5,0.0163705357
volume_peak_time,-0.0053310818
volume_price_confirmation,-0.0071701439
volume_price_corr_20,0.0025250221
volume_price_divergence_score,0.0040079656
volume_price_liftoff_20,-0.0063836467
volume_profile_kurt,-0.0030952612
volume_profile_skew,0.0125018810
volume_ratio,-0.0001769496
volume_ratio_20,-0.0148817623
volume_ratio_extreme,0.0016572143
volume_ratio_momentum_5d,0.0007318904
volume_ratio_zscore_20,0.0056022407
volume_rv_ratio,0.0396054734
volume_skew_5d,0.0028764404
volume_surge_3d,-0.0085718983
volume_tilt_20,-0.0074987296
volume_u_shape_score,0.0019792058
volume_weighted_ret,-0.0061266071
vp_consistency_20,0.0022019620
vp_consistency_score,0.0044436936
vp_expand_down_am_share,0.0040311438
vp_expand_down_share,-0.0002469486
vp_expand_price_pos,0.0094192876
vp_expand_ret_gap,0.0041474714
vp_expand_up_share,-0.0193195586
vp_shrink_down_share,0.0040821472
vp_shrink_up_share,0.0075832593
vwap_am_pm_gap_factor,0.0215186897
vwap_close_ratio,0.0060134850
vwap_daily_deviation,0.0056757211
vwap_dev_1d,0.0051188587
vwap_deviation,-0.0217969166
vwap_momentum_5d,0.0415076700
williams_r_14,0.0127261958
winner_momentum_combo_20,-0.0099649345
winner_rate,-0.0118815245
winner_rate_acceleration,0.0302011766
winner_rate_change_20d,0.0073755558
winner_rate_change_5d,0.0161807486
winner_rate_factor_momentum_20,-0.0105632726
winner_rate_momentum_5d,0.0161807486
winner_rate_reversal_signal,-0.0084252500
winner_rs_combo_60,0.0009592847
zero_return_fraction_20,0.0008382103
zscore_amihud_intraday,0.0060257181
zscore_realized_spread_5min,-0.0039577571
zscore_turnover_20,-0.0018083424
zscore_turnover_f_20,0.0051636575
zscore_volume_rv_ratio,-0.0052504141
_bias_,0.0000492042
