w5,w3,wt,ic,ir,hold5s8净,hold5s8DD,hold5s8H1,hold5s8H2,norep3净,norep3DD,norep3H1,norep3H2,norep4净,norep4DD,norep4H1,norep4H2
0.0,0.0,0.5,0.0465,0.2782,12.78,-19.48,27.49,-7.11,32.36,-20.28,38.14,6.91,-27.49,-32.25,2.05,-29.44
0.0,0.0,1.0,0.0457,0.3235,36.88,-13.05,29.11,5.24,-32.39,-42.85,-12.0,-23.73,41.64,-23.21,12.03,25.56
0.0,0.0,1.5,0.0423,0.3321,-15.99,-29.24,9.97,-29.0,-17.84,-26.3,-7.36,-24.73,-31.76,-43.46,-5.72,-42.16
0.0,0.0,2.0,0.0384,0.3052,-27.51,-37.15,12.77,-41.08,-20.99,-47.77,-22.14,4.28,-39.08,-45.7,-5.96,-40.7
0.0,0.25,0.5,0.0464,0.2663,8.26,-21.95,22.36,-1.6,19.09,-31.95,12.41,19.0,-24.87,-33.81,-5.2,-28.99
0.0,0.25,1.0,0.0467,0.3051,-6.28,-33.31,26.74,-17.49,-17.58,-28.72,-7.05,-4.65,-4.52,-24.82,14.61,-31.57
0.0,0.25,1.5,0.0446,0.3318,-1.06,-38.64,47.73,10.36,31.0,-26.71,2.24,24.14,-10.05,-30.8,10.02,-15.27
0.0,0.25,2.0,0.0418,0.3312,-38.03,-46.47,10.9,-36.45,8.63,-26.8,2.52,0.4,-34.91,-46.22,-3.09,-39.49
0.0,0.5,0.5,0.0464,0.2587,-2.52,-23.47,11.93,-2.75,30.12,-25.04,5.74,29.85,-20.92,-27.64,-9.26,-12.74
0.0,0.5,1.0,0.0469,0.2897,15.06,-19.7,26.39,-25.56,14.55,-25.39,17.69,16.62,-11.41,-30.01,15.92,-21.79
0.0,0.5,1.5,0.046,0.3207,-5.33,-31.42,25.01,-3.21,-13.48,-34.06,-14.2,0.75,70.72,-22.02,18.61,35.13
0.0,0.5,2.0,0.0439,0.3348,-21.83,-38.64,16.73,15.02,12.74,-28.26,-11.24,17.9,-10.63,-31.51,-4.73,-9.25
0.25,0.0,0.5,0.0466,0.2674,-3.43,-27.91,16.53,-5.5,17.94,-28.5,11.54,25.55,-24.28,-35.65,-1.72,-28.41
0.25,0.0,1.0,0.0468,0.3072,-12.04,-41.97,29.34,-17.49,-30.36,-37.45,-10.08,-22.31,3.22,-22.28,14.05,-31.19
0.25,0.0,1.5,0.0447,0.3346,-6.6,-38.64,37.83,-3.71,-15.47,-39.03,-0.55,-17.89,26.39,-22.22,10.02,18.73
0.25,0.0,2.0,0.0418,0.3335,-35.34,-42.04,6.86,-26.44,5.92,-26.8,1.25,-0.87,-30.6,-41.58,-4.88,-34.27
0.25,0.25,0.5,0.0464,0.2594,2.37,-23.47,11.0,-2.75,32.8,-21.87,10.07,31.95,-19.44,-30.29,-7.81,-12.5
0.25,0.25,1.0,0.047,0.2911,21.54,-20.52,22.54,-27.53,13.25,-27.69,18.47,14.7,-11.9,-30.4,17.07,-22.98
0.25,0.25,1.5,0.0461,0.3227,-6.99,-38.64,26.02,1.87,-12.91,-33.62,-12.18,-3.37,51.0,-25.38,9.35,38.22
0.25,0.25,2.0,0.0439,0.3371,-24.68,-38.64,12.47,15.02,20.72,-27.03,-11.5,37.44,-17.58,-34.61,-11.93,-9.47
0.25,0.5,0.5,0.0464,0.2541,-7.17,-21.72,9.42,8.13,-4.71,-43.59,0.73,3.5,-24.56,-32.53,-9.26,-14.55
0.25,0.5,1.0,0.047,0.2795,22.55,-21.5,23.75,-6.81,63.77,-22.66,29.32,56.36,-18.15,-29.14,-5.19,-32.48
0.25,0.5,1.5,0.0467,0.3085,58.78,-24.32,24.18,-14.57,53.79,-19.16,-0.02,69.44,45.28,-18.6,3.88,-6.34
0.25,0.5,2.0,0.0453,0.3304,-14.6,-38.64,26.02,-9.83,-15.2,-34.53,-9.78,-4.88,23.34,-36.17,9.54,12.72
