buy_dt,sell_dt,code,name,factor_dt,entry_score,lots,buy_prc,sell_prc,gross_pct,net_pct,cost_yuan,hold_days,reason
20250902,20250905,000537,绿发电力,20250901,4.2369771003723145,28,8.88,8.74,-1.5765765765765827,-1.6781402601089512,25.361280000000008,3,rank
20250902,20250908,601678,滨化股份,20250901,4.893435478210449,59,4.22,4.23,0.23696682464455776,0.13493174239154193,25.395960000000002,4,rank
20250905,20250912,601179,中国西电,20250904,5.351949214935303,39,6.3,6.45,2.3809523809523947,2.278360007350466,25.061400000000003,5,rank
20250908,20250915,600787,中储股份,20250905,4.034005641937256,41,5.99,6.11,2.003338898163598,1.9008446785471866,25.05018,5,rank
20250912,20250917,002254,泰和新材,20250911,3.7727813720703125,24,10.26,10.11,-1.4619883040935755,-1.563581772832634,25.11648,3,rank
20250915,20250918,600528,中铁工业,20250912,4.8136796951293945,29,8.47,8.48,0.11806375442737771,0.01605957893684451,25.054260000000006,3,rank
20250918,20250923,600827,百联股份,20250917,3.8247995376586914,26,9.59,9.23,-3.7539103232533844,-3.854908047161132,25.43268,3,rank
20250917,20250924,600550,保变电气,20250916,3.5929927825927734,29,8.41,8.1,-3.686087990487519,-3.787103343618181,24.87678,5,rank
20250923,20250926,002500,山西证券,20250922,4.149775505065918,39,6.33,6.28,-0.7898894154818259,-0.891657584509864,25.180740000000004,3,rank
20250924,20250926,002276,万马股份,20250923,4.693838119506836,11,20.02,18.04,-9.890109890109889,-9.98951261682951,22.46244,2,stop
20250926,20251009,000987,越秀资本,20250925,4.563488006591797,33,7.51,7.7,2.5299600532623145,2.427328947735896,25.278660000000002,3,rank
20250926,20251009,600710,苏美达,20250925,4.483736038208008,21,9.81,10.5,7.033639143730874,6.929837386010518,21.013019999999997,3,rank
20251009,20251014,002458,益生股份,20250930,3.7194271087646484,26,8.67,8.52,-1.730103806228378,-1.8316275830567719,22.99284,3,rank
20251009,20251020,600618,氯碱化工,20250930,4.060131072998047,24,10.38,11.2,7.899807321772623,7.795780418863707,25.41024,7,rank
20251020,20251023,002408,齐翔腾达,20251017,5.322089672088623,51,4.85,4.89,0.8247422680412342,0.722554403896214,25.2297,3,rank
20251014,20251024,603883,老百姓,20251013,4.1688690185546875,13,16.27,16.65,2.3355869698832077,2.2330063882222806,21.574019999999997,8,rank
20251023,20251028,600072,中船科技,20251022,5.972690582275391,20,12.1,12.21,0.909090909090926,0.8068811199997139,24.683999999999997,3,rank
20251024,20251029,002402,和而泰,20251023,4.808140754699707,4,52.37,55.0,5.021959136910459,4.918680280037635,21.366960000000002,3,rank
20251029,20251103,600517,国网英大,20251028,5.744349479675293,41,5.99,6.42,7.178631051752915,7.07479160593536,25.05018,3,rank
20251103,20251106,000156,华数传媒,20251031,4.770090579986572,31,7.91,8.15,3.034134007585343,2.9313718509041076,25.01142,3,rank
20251028,20251107,002407,多氟多,20251027,5.2747802734375,11,21.82,29.98,37.39688359303393,37.28518944377852,24.48204,8,rank
20251107,20251114,002779,中坚科技,20251106,3.896852970123291,2,124.66,121.06,-2.887854965506176,-2.9890778052767963,25.430640000000004,5,rank
20251106,20251119,600123,兰花科创,20251105,3.802093982696533,36,6.83,6.8,-0.43923865300147247,-0.5410979675299132,25.07976,9,rank
20251114,20251120,600718,东软集团,20251113,3.948519229888916,24,10.29,10.88,5.733722060252688,5.630258193122484,25.18992,4,rank
20251120,20251124,002326,永太科技,20251119,5.216747283935547,8,29.54,24.93,-15.605958023019628,-15.703875015515589,24.104640000000003,2,stop
20251119,20251127,002361,神剑股份,20251118,4.918032169342041,37,6.63,6.27,-5.429864253393668,-5.530426342544614,25.02162,6,rank
20251124,20251202,600578,京能电力,20251121,4.261713027954102,55,4.5,4.59,2.0000000000000018,1.8975066482714409,25.244999999999997,6,rank
20251127,20251209,601101,昊华能源,20251126,4.505435943603516,34,7.35,7.31,-0.5442176870748328,-0.6460497141491439,25.489800000000002,8,rank
20251202,20251211,000156,华数传媒,20251201,3.7214574813842773,31,7.85,7.65,-2.547770700636931,-2.6490819393327203,24.821700000000003,7,rank
20251209,20251212,601038,一拖股份,20251208,3.9985334873199463,19,12.84,13.71,6.775700934579443,6.67196622336137,24.883920000000003,3,rank
20251211,20251216,600655,豫园股份,20251210,4.153268814086914,47,5.3,5.05,-4.716981132075471,-4.817728522659581,25.4082,3,rank
20251212,20251218,601900,南方传媒,20251211,4.915648460388184,18,13.4,13.81,3.0597014925373145,2.9569326900378945,24.602400000000003,4,rank
20251216,20251222,002041,登海种业,20251215,4.46563720703125,26,9.41,9.4,-0.10626992561104665,-0.20821578950578346,24.95532,4,rank
20251222,20251225,000156,华数传媒,20251219,5.219544887542725,33,7.5,7.45,-0.6666666666666599,-0.7684668652817028,25.244999999999997,3,rank
20251218,20251226,000973,佛塑科技,20251217,4.790804862976074,21,11.58,13.53,16.83937823834196,16.733027651152653,24.804360000000003,6,rank
20251225,20251230,002063,远光软件,20251224,4.215119361877441,41,6.02,6.01,-0.16611295681062677,-0.2680432655615905,25.17564,3,rank
20251226,20251231,000539,粤电力A,20251225,4.218073844909668,54,4.61,4.43,-3.904555314533631,-4.005513880924605,25.39188,3,rank
20251230,20260106,600763,通策医疗,20251229,4.254847526550293,6,40.5,41.01,1.2592592592592489,1.156958450062251,24.786,3,rank
20260106,20260112,600409,三友化工,20260105,4.210236549377441,40,6.16,6.55,6.331168831168821,6.227549668255095,25.132800000000003,4,rank
20251231,20260113,000156,华数传媒,20251230,4.378035545349121,33,7.52,8.71,15.824468085106403,15.718381305966833,25.31232,7,rank
20260113,20260116,002051,中工国际,20260112,3.965381383895874,28,8.8,8.58,-2.500000000000002,-2.6013236558494857,25.132800000000007,3,rank
20260112,20260123,600428,中远海特,20260109,4.681549549102783,35,7.06,7.6,7.64872521246458,7.544763573935365,25.2042,9,rank
20260116,20260123,600827,百联股份,20260115,4.845282554626465,26,9.27,9.2,-0.7551240560949357,-0.8569012617668736,24.58404,5,rank
20260123,20260128,600123,兰花科创,20260122,3.631895065307617,40,6.11,5.91,-3.2733224222585955,-3.3744450665412984,24.928800000000003,3,rank
20260123,20260129,601198,东兴证券,20260122,3.671534538269043,18,13.85,13.85,0.0,-0.10197348689341412,25.4286,4,rank
20260128,20260202,600566,济川药业,20260127,4.768852233886719,9,26.85,26.1,-2.7932960893854775,-2.894543508073366,24.6483,3,rank
20260129,20260203,600420,国药现代,20260128,4.6530256271362305,23,10.58,10.5,-0.7561436672967825,-0.8579206079387225,24.82068,3,rank
20260203,20260211,002051,中工国际,20260202,4.731924057006836,29,8.61,8.47,-1.6260162601625883,-1.7275670927184739,25.46838,6,rank
20260211,20260224,600707,彩虹股份,20260210,4.221502304077148,37,6.66,6.4,-3.9039039039039047,-4.004862639617612,25.134839999999997,3,rank
20260202,20260225,600480,凌云股份,20260130,4.348991394042969,21,11.59,11.8,1.8119068162208984,1.7094623560083066,24.82578,11,rank
20260225,20260305,603516,淳中科技,20260224,4.397663593292236,1,161.02,158.0,-1.8755434107564306,-1.9890099788671622,18.373040000000003,6,rank
20260224,20260312,603026,石大胜华,20260213,4.177465915679932,3,66.69,67.92,1.8443544759334296,1.7419015815222316,20.407140000000002,12,rank
20260305,20260317,002841,视源股份,20260304,4.625102996826172,7,34.93,34.83,-0.28628685943316023,-0.38818593109107846,24.94002,8,rank
20260312,20260318,000070,特发信息,20260311,4.1828155517578125,14,17.36,15.74,-9.331797235023043,-9.431345085300858,24.790080000000003,4,stop
20260318,20260323,603626,科森科技,20260317,4.780583381652832,10,23.29,20.79,-10.734220695577502,-10.833404010534785,23.755799999999997,3,stop
20260317,20260324,600120,浙江东方,20260316,4.249711036682129,40,6.17,5.57,-9.724473257698541,-9.823919038748464,25.1736,5,stop
20260323,20260326,002015,协鑫能科,20260320,4.584230422973633,12,20.0,19.64,-1.8000000000000016,-1.901505608541787,24.480000000000004,3,rank
20260324,20260327,600859,王府井,20260323,5.128401756286621,20,12.16,12.08,-0.6578947368421018,-0.7596972155660464,24.8064,3,rank
20260326,20260401,600667,太极实业,20260325,4.145355701446533,24,10.29,9.3,-9.620991253644295,-9.720463933021717,25.18992,4,stop
20260401,20260407,600006,东风股份,20260331,5.398984909057617,38,6.43,6.19,-3.732503888024874,-3.8335071761590678,24.92268,3,rank
20260407,20260421,600703,三安光电,20260403,4.535285949707031,21,11.73,13.64,16.283034953111674,16.17682897757753,25.12566,10,rank
20260327,20260423,002387,维信诺,20260326,4.94423770904541,32,7.6,8.26,8.684210526315784,8.579979731585595,24.8064,18,rank
20260421,20260424,600873,梅花生物,20260420,4.693010330200195,23,10.8,10.01,-7.314814814814818,-7.41488694420932,25.3368,3,rank
20260423,20260428,002410,广联达,20260422,4.1447649002075195,22,11.33,10.79,-4.766107678729048,-4.8668422997311005,25.42452,3,rank
20260424,20260429,600764,中国海防,20260423,3.8763785362243652,10,24.5,24.0,-2.0408163265306145,-2.142259339102437,24.990000000000002,3,rank
20260428,20260508,600500,中化国际,20260427,4.8539533615112305,59,4.21,4.8,14.014251781472687,13.908635536233271,25.33578,5,rank
20260508,20260514,002176,江特电机,20260507,4.074122428894043,16,15.37,14.3,-6.961613532856203,-7.061777470713826,25.083840000000002,4,rank
20260514,20260520,600398,海澜之家,20260513,4.264190673828125,40,6.11,5.91,-3.2733224222585955,-3.3744450665412984,24.928800000000003,4,rank
20260520,20260525,002366,融发核电,20260519,4.0460357666015625,33,7.5,7.12,-5.066666666666664,-5.167323162644388,25.244999999999997,3,rank
20260429,20260526,600186,莲花控股,20260428,3.78861141204834,25,9.85,12.99,31.8781725888325,31.7679129314703,25.1175,16,rank
20260525,20260529,002010,传化智联,20260522,3.713134765625,46,5.41,5.39,-0.3696857670979714,-0.47156316067618054,25.383719999999997,4,rank
20260526,20260604,600372,中航机载,20260525,3.954271078109741,21,11.8,11.06,-6.271186440677967,-6.371529842918799,25.275599999999997,7,rank
20260529,20260605,601952,苏垦农发,20260528,4.116123199462891,29,8.58,8.7,1.3986013986013957,1.2962643698652299,25.379640000000002,5,rank
20260605,20260610,600271,航天信息,20260604,5.618356704711914,34,7.22,7.13,-1.2465373961218829,-1.3481868675363273,25.038960000000003,3,rank
20260610,20260622,600718,东软集团,20260609,5.094085693359375,31,8.01,7.75,-3.2459425717852652,-3.3470723329786956,25.32762,7,rank
20260622,20260625,002048,宁波华翔,20260618,4.103606700897217,9,27.07,24.66,-8.902844477281125,-9.00250382628629,24.85026,3,stop
20260604,20260629,600320,振华重工,20260603,4.679930210113525,54,4.62,4.19,-9.307359307359297,-9.406913509846737,25.44696,16,stop
20260625,20260630,600027,华电国际,20260624,4.203521728515625,55,4.53,4.52,-0.22075055187639192,-0.32266665854517873,25.4133,3,rank
20260630,20260703,600320,振华重工,20260629,4.785118579864502,60,4.16,4.14,-0.48076923076924016,-0.5826177501542129,25.4592,3,rank
20260629,20260707,600271,航天信息,20260626,4.491004467010498,38,6.51,6.6,1.382488479262678,1.2801556387965984,25.23276,6,rank
20260703,20260708,002091,江苏国泰,20260702,4.836084842681885,33,7.36,7.51,2.0380434782608647,1.9355402377990494,24.773760000000003,3,rank
20260707,20260713,601608,中信重工,20260706,4.927405834197998,52,4.8,5.54,15.416666666666679,15.310685888335684,25.4592,4,rank
20260708,20260715,002413,雷科防务,20260707,4.67556095123291,27,8.97,8.25,-8.026755852842815,-8.126642925682127,24.70338,5,rank
20260713,20260716,002010,传化智联,20260710,4.553159236907959,54,4.57,4.61,0.875273522975939,0.7730725241196668,25.17156,3,rank
20260715,20260717,600667,太极实业,20260714,4.311246395111084,10,23.77,18.7,-21.329406815313423,-21.425836097927963,24.2454,2,trail
20260717,20260728,600320,振华重工,20260716,4.902932167053223,61,4.06,4.14,1.9704433497536922,1.8679576807567155,25.261319999999998,7,rank
20260728,20260803,600864,哈投股份,20260727,5.596304416656494,47,5.3,5.45,2.8301886792452935,2.7274795345663128,25.4082,4,rank
20260716,20260805,002011,盾安环境,20260715,4.9016618728637695,24,10.12,10.53,4.051383399209496,3.948356826434618,24.773759999999996,14,rank
20260803,20260810,002491,通鼎互联,20260731,4.897473335266113,18,13.66,17.52,28.257686676427518,28.148368100721342,25.07976,5,rank
20260805,20260812,600623,华谊集团,20260804,4.562905788421631,30,8.18,8.56,4.645476772616153,4.5422957757144555,25.0308,5,rank
20260812,20260817,601126,四方股份,20260811,3.9828765392303467,5,45.14,46.12,2.1710234824988905,2.068485676223064,23.0214,3,rank
20260810,20260820,002046,国机精工,20260807,4.577877521514893,5,48.29,48.06,-0.4762890867674452,-0.5781387706870644,24.6279,8,rank
20260817,20260824,600618,氯碱化工,20260814,4.442768573760986,24,10.08,10.08,0.0,-0.10197348689340302,24.67584,5,rank
20260820,20260825,002601,龙佰集团,20260819,4.72337532043457,16,15.28,15.3,0.13089005235602524,0.028882542894881347,24.936960000000003,3,rank
20260825,20260828,600787,中储股份,20260824,4.590755462646484,54,4.55,4.61,1.3186813186813362,1.216365063764746,25.061400000000003,3,rank
20260824,20260904,002617,露笑科技,20260821,4.036544322967529,40,6.17,6.21,0.6482982171799101,0.546156216563598,25.1736,9,
20260828,20260904,600664,哈药股份,20260827,5.024564743041992,28,8.67,8.3,-4.2675893886966465,-4.368453590763044,24.761519999999997,5,trail
